"","day_of_life","studyid","delivery"
"10249.C018.05SS",154,18,"Vaginal"
"10249.C018.09SS",282,18,"Vaginal"
"10249.C036.13SS",425,36,"Cesarean"
"10249.C036.14SS",490,36,"Cesarean"
"10249.C020.17SS",334,20,"Cesarean"
"10249.C020.24SS",599,20,"Cesarean"
"10249.C024.08SS",150,24,"Vaginal"
"10249.C024.10SS",213,24,"Vaginal"
"10249.C043.15SS",428,43,"Vaginal"
"10249.C043.20SS",616,43,"Vaginal"
"10249.C017.05SS",45,17,"Vaginal"
"10249.C017.09SS",152,17,"Vaginal"
"10249.C009.16SS",555,9,"Vaginal"
"10249.C009.17SS",613,9,"Vaginal"
"10249.C027.01SS",1,27,"Vaginal"
"10249.C027.08SS",211,27,"Vaginal"
"10249.C046.03SS",54,46,"Cesarean"
"10249.C046.13SS",366,46,"Cesarean"
"10249.C030.13SS",334,30,"Vaginal"
"10249.C030.20SS",674,30,"Vaginal"
"10249.C033.16SS",485,33,"Vaginal"
"10249.C033.19SS",670,33,"Vaginal"
"10249.C042.03SS",61,42,"Vaginal"
"10249.C042.17SS",616,42,"Vaginal"
"10249.C032.11SS",272,32,"Vaginal"
"10249.C032.17SS",485,32,"Vaginal"
"10249.C004.07SS",186,4,"Cesarean"
"10249.C004.14SS",340,4,"Cesarean"
"10249.C001.04SS",49,1,"Vaginal"
"10249.C001.30SS",551,1,"Vaginal"
"10249.C034.01SS",1,34,"Cesarean"
"10249.C034.16SS",483,34,"Cesarean"
"10249.C057.06SS",157,57,"Cesarean"
"10249.C057.08SS",215,57,"Cesarean"
"10249.C041.04SS",96,41,"Vaginal"
"10249.C041.19SS",618,41,"Vaginal"
"10249.C011.09SS",273,11,"Cesarean"
"10249.C011.10SS",303,11,"Cesarean"
"10249.C010.02SS",30,10,"Vaginal"
"10249.C010.16SS",431,10,"Vaginal"
"10249.C056.08SS",153,56,"Cesarean"
"10249.C056.10SS",215,56,"Cesarean"
"10249.C014.07SS",184,14,"Vaginal"
"10249.C014.17SS",549,14,"Vaginal"
"10249.C007.02SS",30,7,"Cesarean"
"10249.C007.18SS",427,7,"Cesarean"
"10249.C021.06SS",188,21,"Cesarean"
"10249.C021.09SS",347,21,"Cesarean"
"10249.C012.04SS",62,12,"Cesarean"
"10249.C012.09SS",188,12,"Cesarean"
"10249.C022.04SS",96,22,"Vaginal"
"10249.C022.15SS",489,22,"Vaginal"
"10249.C044.02SS",33,44,"Vaginal"
"10249.C044.04SS",62,44,"Vaginal"
"10249.C035.06SS",153,35,"Vaginal"
"10249.C035.13SS",367,35,"Vaginal"
"10249.C037.04SS",92,37,"Cesarean"
"10249.C037.18SS",674,37,"Cesarean"
"10249.C005.04SS",63,5,"Cesarean"
"10249.C005.20SS",735,5,"Cesarean"
"10249.C038.04SS",61,38,"Vaginal"
"10249.C038.16SS",487,38,"Vaginal"
"10249.C053.04SS",62,53,"Cesarean"
"10249.C053.05SS",95,53,"Cesarean"
"10249.C025.10SS",240,25,"Cesarean"
"10249.C025.17SS",548,25,"Cesarean"
"10249.C002.09SS",249,2,"Cesarean"
"10249.C002.12SS",338,2,"Cesarean"
"10249.C055.07SS",155,55,"Cesarean"
"10249.C055.08SS",183,55,"Cesarean"
"10249.C031.07SS",152,31,"Vaginal"
"10249.C031.10SS",243,31,"Vaginal"
"10249.C052.03SS",32,52,"Vaginal"
"10249.C052.08SS",188,52,"Vaginal"
"10249.C049.04SS",60,49,"Vaginal"
"10249.C049.09SS",181,49,"Vaginal"
"10249.C008.09SS",250,8,"Vaginal"
"10249.C008.16SS",615,8,"Vaginal"
"10249.C016.10SS",213,16,"Vaginal"
"10249.C016.21SS",672,16,"Vaginal"
"10249.C045.02SS",31,45,"Vaginal"
"10249.C045.03SS",61,45,"Vaginal"
"10249.C047.09SS",221,47,"Cesarean"
"10249.C047.11SS",277,47,"Cesarean"
