"","day_of_life","studyid","delivery"
"10249.C018.08SS",244,18,"Vaginal"
"10249.C018.11SS",336,18,"Vaginal"
"10249.C036.03SS",65,36,"Cesarean"
"10249.C036.07SS",216,36,"Cesarean"
"10249.C020.14SS",243,20,"Cesarean"
"10249.C020.26SS",670,20,"Cesarean"
"10249.C024.03SS",43,24,"Vaginal"
"10249.C024.09SS",182,24,"Vaginal"
"10249.C043.03SS",61,43,"Vaginal"
"10249.C043.05SS",126,43,"Vaginal"
"10249.C017.06SS",63,17,"Vaginal"
"10249.C017.10SS",179,17,"Vaginal"
"10249.C009.13SS",366,9,"Vaginal"
"10249.C009.14SS",429,9,"Vaginal"
"10249.C027.15SS",370,27,"Vaginal"
"10249.C027.16SS",429,27,"Vaginal"
"10249.C046.10SS",274,46,"Cesarean"
"10249.C046.11SS",306,46,"Cesarean"
"10249.C030.16SS",429,30,"Vaginal"
"10249.C030.17SS",495,30,"Vaginal"
"10249.C033.06SS",180,33,"Vaginal"
"10249.C033.18SS",608,33,"Vaginal"
"10249.C042.06SS",154,42,"Vaginal"
"10249.C042.12SS",337,42,"Vaginal"
"10249.C032.11SS",272,32,"Vaginal"
"10249.C032.16SS",422,32,"Vaginal"
"10249.C004.11SS",266,4,"Cesarean"
"10249.C004.15SS",366,4,"Cesarean"
"10249.C001.30SS",551,1,"Vaginal"
"10249.C001.34SS",733,1,"Vaginal"
"10249.C034.07SS",166,34,"Cesarean"
"10249.C034.17SS",539,34,"Cesarean"
"10249.C057.10SS",244,57,"Cesarean"
"10249.C057.11SS",277,57,"Cesarean"
"10249.C041.01SS",0,41,"Vaginal"
"10249.C041.19SS",618,41,"Vaginal"
"10249.C011.12SS",373,11,"Cesarean"
"10249.C011.19SS",737,11,"Cesarean"
"10249.C010.07SS",123,10,"Vaginal"
"10249.C010.16SS",431,10,"Vaginal"
"10249.C056.05SS",65,56,"Cesarean"
"10249.C056.10SS",215,56,"Cesarean"
"10249.C014.01SS",1,14,"Vaginal"
"10249.C014.05SS",121,14,"Vaginal"
"10249.C007.15SS",303,7,"Cesarean"
"10249.C007.22SS",669,7,"Cesarean"
"10249.C021.05SS",161,21,"Cesarean"
"10249.C021.12SS",499,21,"Cesarean"
"10249.C012.16SS",426,12,"Cesarean"
"10249.C012.19SS",609,12,"Cesarean"
"10249.C022.03SS",63,22,"Vaginal"
"10249.C022.19SS",737,22,"Vaginal"
"10249.C044.02SS",33,44,"Vaginal"
"10249.C044.07SS",155,44,"Vaginal"
"10249.C035.07SS",182,35,"Vaginal"
"10249.C035.15SS",488,35,"Vaginal"
"10249.C037.14SS",426,37,"Cesarean"
"10249.C037.15SS",497,37,"Cesarean"
"10249.C005.07SS",155,5,"Cesarean"
"10249.C005.12SS",304,5,"Cesarean"
"10249.C038.12SS",305,38,"Vaginal"
"10249.C038.16SS",487,38,"Vaginal"
"10249.C053.05SS",95,53,"Cesarean"
"10249.C053.07SS",153,53,"Cesarean"
"10249.C025.05SS",94,25,"Cesarean"
"10249.C025.20SS",734,25,"Cesarean"
"10249.C002.10SS",284,2,"Cesarean"
"10249.C002.19SS",731,2,"Cesarean"
"10249.C055.06SS",120,55,"Cesarean"
"10249.C055.07SS",155,55,"Cesarean"
"10249.C031.03SS",41,31,"Vaginal"
"10249.C031.19SS",618,31,"Vaginal"
"10249.C052.03SS",32,52,"Vaginal"
"10249.C052.07SS",154,52,"Vaginal"
"10249.C049.03SS",32,49,"Vaginal"
"10249.C049.08SS",154,49,"Vaginal"
"10249.C008.12SS",364,8,"Vaginal"
"10249.C008.14SS",490,8,"Vaginal"
"10249.C016.02SS",8,16,"Vaginal"
"10249.C016.09SS",180,16,"Vaginal"
"10249.C045.03SS",61,45,"Vaginal"
"10249.C045.09SS",245,45,"Vaginal"
"10249.C047.02SS",32,47,"Cesarean"
"10249.C047.06SS",126,47,"Cesarean"
