"","day_of_life","studyid","delivery"
"10249.C018.07SS",214,18,"Vaginal"
"10249.C018.09SS",282,18,"Vaginal"
"10249.C018.15SS",548,18,"Vaginal"
"10249.C018.16SS",606,18,"Vaginal"
"10249.C018.17SS",732,18,"Vaginal"
"10249.C036.02SS",42,36,"Cesarean"
"10249.C036.03SS",65,36,"Cesarean"
"10249.C036.10SS",308,36,"Cesarean"
"10249.C036.14SS",490,36,"Cesarean"
"10249.C036.16SS",610,36,"Cesarean"
"10249.C020.15SS",273,20,"Cesarean"
"10249.C020.18SS",365,20,"Cesarean"
"10249.C020.20SS",487,20,"Cesarean"
"10249.C020.23SS",594,20,"Cesarean"
"10249.C020.24SS",599,20,"Cesarean"
"10249.C024.03SS",43,24,"Vaginal"
"10249.C024.07SS",129,24,"Vaginal"
"10249.C024.09SS",182,24,"Vaginal"
"10249.C024.16SS",416,24,"Vaginal"
"10249.C024.21SS",734,24,"Vaginal"
"10249.C043.03SS",61,43,"Vaginal"
"10249.C043.05SS",126,43,"Vaginal"
"10249.C043.08SS",217,43,"Vaginal"
"10249.C043.16SS",490,43,"Vaginal"
"10249.C043.18SS",555,43,"Vaginal"
"10249.C017.01SS",0,17,"Vaginal"
"10249.C017.05SS",45,17,"Vaginal"
"10249.C017.06SS",63,17,"Vaginal"
"10249.C017.08SS",123,17,"Vaginal"
"10249.C017.11SS",216,17,"Vaginal"
"10249.C009.01SS",1,9,"Vaginal"
"10249.C009.05SS",122,9,"Vaginal"
"10249.C009.06SS",155,9,"Vaginal"
"10249.C009.07SS",185,9,"Vaginal"
"10249.C009.11SS",305,9,"Vaginal"
"10249.C027.05SS",119,27,"Vaginal"
"10249.C027.16SS",429,27,"Vaginal"
"10249.C027.18SS",551,27,"Vaginal"
"10249.C027.19SS",607,27,"Vaginal"
"10249.C027.20SS",673,27,"Vaginal"
"10249.C046.03SS",54,46,"Cesarean"
"10249.C046.09SS",244,46,"Cesarean"
"10249.C046.11SS",306,46,"Cesarean"
"10249.C046.13SS",366,46,"Cesarean"
"10249.C046.14SS",433,46,"Cesarean"
"10249.C030.08SS",183,30,"Vaginal"
"10249.C030.12SS",303,30,"Vaginal"
"10249.C030.16SS",429,30,"Vaginal"
"10249.C030.17SS",495,30,"Vaginal"
"10249.C030.20SS",674,30,"Vaginal"
"10249.C033.02SS",32,33,"Vaginal"
"10249.C033.03SS",61,33,"Vaginal"
"10249.C033.04SS",119,33,"Vaginal"
"10249.C033.11SS",272,33,"Vaginal"
"10249.C033.14SS",365,33,"Vaginal"
"10249.C042.06SS",154,42,"Vaginal"
"10249.C042.10SS",277,42,"Vaginal"
"10249.C042.13SS",374,42,"Vaginal"
"10249.C042.15SS",493,42,"Vaginal"
"10249.C042.16SS",557,42,"Vaginal"
"10249.C032.01SS",1,32,"Vaginal"
"10249.C032.14SS",342,32,"Vaginal"
"10249.C032.15SS",370,32,"Vaginal"
"10249.C032.16SS",422,32,"Vaginal"
"10249.C032.20SS",609,32,"Vaginal"
"10249.C004.02SS",31,4,"Cesarean"
"10249.C004.05SS",124,4,"Cesarean"
"10249.C004.06SS",154,4,"Cesarean"
"10249.C004.12SS",278,4,"Cesarean"
"10249.C004.15SS",366,4,"Cesarean"
"10249.C001.01SS",0,1,"Vaginal"
"10249.C001.09SS",153,1,"Vaginal"
"10249.C001.11SS",214,1,"Vaginal"
"10249.C001.29SS",488,1,"Vaginal"
"10249.C001.32SS",677,1,"Vaginal"
"10249.C034.04SS",63,34,"Cesarean"
"10249.C034.07SS",166,34,"Cesarean"
"10249.C034.13SS",335,34,"Cesarean"
"10249.C034.14SS",369,34,"Cesarean"
"10249.C034.16SS",483,34,"Cesarean"
"10249.C057.03SS",62,57,"Cesarean"
"10249.C057.04SS",91,57,"Cesarean"
"10249.C057.06SS",157,57,"Cesarean"
"10249.C057.08SS",215,57,"Cesarean"
"10249.C057.11SS",277,57,"Cesarean"
"10249.C041.03SS",64,41,"Vaginal"
"10249.C041.05SS",126,41,"Vaginal"
"10249.C041.06SS",157,41,"Vaginal"
"10249.C041.09SS",214,41,"Vaginal"
"10249.C041.19SS",618,41,"Vaginal"
"10249.C011.01SS",1,11,"Cesarean"
"10249.C011.03SS",65,11,"Cesarean"
"10249.C011.06SS",187,11,"Cesarean"
"10249.C011.09SS",273,11,"Cesarean"
"10249.C011.11SS",338,11,"Cesarean"
"10249.C010.02SS",30,10,"Vaginal"
"10249.C010.08SS",152,10,"Vaginal"
"10249.C010.13SS",305,10,"Vaginal"
"10249.C010.16SS",431,10,"Vaginal"
"10249.C010.20SS",737,10,"Vaginal"
"10249.C056.01SS",0,56,"Cesarean"
"10249.C056.02SS",1,56,"Cesarean"
"10249.C056.04SS",31,56,"Cesarean"
"10249.C056.05SS",65,56,"Cesarean"
"10249.C056.06SS",93,56,"Cesarean"
"10249.C014.01SS",1,14,"Vaginal"
"10249.C014.05SS",121,14,"Vaginal"
"10249.C014.10SS",276,14,"Vaginal"
"10249.C014.16SS",486,14,"Vaginal"
"10249.C014.20SS",737,14,"Vaginal"
"10249.C007.01SS",1,7,"Cesarean"
"10249.C007.06SS",127,7,"Cesarean"
"10249.C007.10SS",219,7,"Cesarean"
"10249.C007.11SS",243,7,"Cesarean"
"10249.C007.14SS",274,7,"Cesarean"
"10249.C021.02SS",2,21,"Cesarean"
"10249.C021.04SS",94,21,"Cesarean"
"10249.C021.06SS",188,21,"Cesarean"
"10249.C021.08SS",306,21,"Cesarean"
"10249.C021.10SS",351,21,"Cesarean"
"10249.C012.05SS",99,12,"Cesarean"
"10249.C012.06SS",123,12,"Cesarean"
"10249.C012.11SS",244,12,"Cesarean"
"10249.C012.21SS",732,12,"Cesarean"
"10249.C012.22SS",739,12,"Cesarean"
"10249.C022.05SS",122,22,"Vaginal"
"10249.C022.07SS",182,22,"Vaginal"
"10249.C022.12SS",342,22,"Vaginal"
"10249.C022.13SS",370,22,"Vaginal"
"10249.C022.15SS",489,22,"Vaginal"
"10249.C044.05SS",92,44,"Vaginal"
"10249.C044.11SS",276,44,"Vaginal"
"10249.C044.12SS",307,44,"Vaginal"
"10249.C044.15SS",424,44,"Vaginal"
"10249.C044.17SS",553,44,"Vaginal"
"10249.C035.02SS",31,35,"Vaginal"
"10249.C035.06SS",153,35,"Vaginal"
"10249.C035.07SS",182,35,"Vaginal"
"10249.C035.15SS",488,35,"Vaginal"
"10249.C035.17SS",608,35,"Vaginal"
"10249.C037.07SS",199,37,"Cesarean"
"10249.C037.09SS",253,37,"Cesarean"
"10249.C037.14SS",426,37,"Cesarean"
"10249.C037.15SS",497,37,"Cesarean"
"10249.C037.16SS",554,37,"Cesarean"
"10249.C005.03SS",43,5,"Cesarean"
"10249.C005.15SS",428,5,"Cesarean"
"10249.C005.18SS",612,5,"Cesarean"
"10249.C005.19SS",667,5,"Cesarean"
"10249.C005.20SS",735,5,"Cesarean"
"10249.C038.01SS",2,38,"Vaginal"
"10249.C038.07SS",153,38,"Vaginal"
"10249.C038.15SS",428,38,"Vaginal"
"10249.C038.16SS",487,38,"Vaginal"
"10249.C038.18SS",610,38,"Vaginal"
"10249.C053.03SS",45,53,"Cesarean"
"10249.C053.04SS",62,53,"Cesarean"
"10249.C053.05SS",95,53,"Cesarean"
"10249.C053.06SS",123,53,"Cesarean"
"10249.C053.07SS",153,53,"Cesarean"
"10249.C025.06SS",124,25,"Cesarean"
"10249.C025.07SS",158,25,"Cesarean"
"10249.C025.10SS",240,25,"Cesarean"
"10249.C025.12SS",303,25,"Cesarean"
"10249.C025.19SS",666,25,"Cesarean"
"10249.C002.03SS",53,2,"Cesarean"
"10249.C002.04SS",60,2,"Cesarean"
"10249.C002.06SS",123,2,"Cesarean"
"10249.C002.16SS",555,2,"Cesarean"
"10249.C002.19SS",731,2,"Cesarean"
"10249.C055.01SS",0,55,"Cesarean"
"10249.C055.02SS",30,55,"Cesarean"
"10249.C055.03SS",41,55,"Cesarean"
"10249.C055.04SS",64,55,"Cesarean"
"10249.C055.07SS",155,55,"Cesarean"
"10249.C031.04SS",54,31,"Vaginal"
"10249.C031.10SS",243,31,"Vaginal"
"10249.C031.12SS",307,31,"Vaginal"
"10249.C031.18SS",547,31,"Vaginal"
"10249.C031.19SS",618,31,"Vaginal"
"10249.C052.02SS",1,52,"Vaginal"
"10249.C052.03SS",32,52,"Vaginal"
"10249.C052.06SS",127,52,"Vaginal"
"10249.C052.07SS",154,52,"Vaginal"
"10249.C052.09SS",245,52,"Vaginal"
"10249.C049.01SS",4,49,"Vaginal"
"10249.C049.07SS",124,49,"Vaginal"
"10249.C049.08SS",154,49,"Vaginal"
"10249.C049.12SS",274,49,"Vaginal"
"10249.C049.14SS",337,49,"Vaginal"
"10249.C008.05SS",159,8,"Vaginal"
"10249.C008.07SS",194,8,"Vaginal"
"10249.C008.14SS",490,8,"Vaginal"
"10249.C008.15SS",552,8,"Vaginal"
"10249.C008.16SS",615,8,"Vaginal"
"10249.C016.04SS",45,16,"Vaginal"
"10249.C016.11SS",242,16,"Vaginal"
"10249.C016.15SS",366,16,"Vaginal"
"10249.C016.17SS",428,16,"Vaginal"
"10249.C016.19SS",549,16,"Vaginal"
"10249.C045.02SS",31,45,"Vaginal"
"10249.C045.05SS",120,45,"Vaginal"
"10249.C045.09SS",245,45,"Vaginal"
"10249.C045.10SS",276,45,"Vaginal"
"10249.C045.12SS",344,45,"Vaginal"
"10249.C047.05SS",94,47,"Cesarean"
"10249.C047.07SS",156,47,"Cesarean"
"10249.C047.08SS",185,47,"Cesarean"
"10249.C047.09SS",221,47,"Cesarean"
"10249.C047.13SS",347,47,"Cesarean"
