"","day_of_life","studyid","delivery"
"10249.C018.04SS",125,18,"Vaginal"
"10249.C018.17SS",732,18,"Vaginal"
"10249.C036.04SS",126,36,"Cesarean"
"10249.C036.08SS",243,36,"Cesarean"
"10249.C020.02SS",7,20,"Cesarean"
"10249.C020.16SS",305,20,"Cesarean"
"10249.C024.13SS",310,24,"Vaginal"
"10249.C024.17SS",490,24,"Vaginal"
"10249.C043.05SS",126,43,"Vaginal"
"10249.C043.16SS",490,43,"Vaginal"
"10249.C017.06SS",63,17,"Vaginal"
"10249.C017.09SS",152,17,"Vaginal"
"10249.C009.08SS",214,9,"Vaginal"
"10249.C009.17SS",613,9,"Vaginal"
"10249.C027.03SS",69,27,"Vaginal"
"10249.C027.19SS",607,27,"Vaginal"
"10249.C046.05SS",124,46,"Cesarean"
"10249.C046.08SS",211,46,"Cesarean"
"10249.C030.12SS",303,30,"Vaginal"
"10249.C030.17SS",495,30,"Vaginal"
"10249.C033.05SS",147,33,"Vaginal"
"10249.C033.12SS",305,33,"Vaginal"
"10249.C042.02SS",31,42,"Vaginal"
"10249.C042.04SS",91,42,"Vaginal"
"10249.C032.14SS",342,32,"Vaginal"
"10249.C032.16SS",422,32,"Vaginal"
"10249.C004.08SS",214,4,"Cesarean"
"10249.C004.15SS",366,4,"Cesarean"
"10249.C001.15SS",300,1,"Vaginal"
"10249.C001.31SS",613,1,"Vaginal"
"10249.C034.13SS",335,34,"Cesarean"
"10249.C034.14SS",369,34,"Cesarean"
"10249.C057.04SS",91,57,"Cesarean"
"10249.C057.09SS",238,57,"Cesarean"
"10249.C041.01SS",0,41,"Vaginal"
"10249.C041.18SS",556,41,"Vaginal"
"10249.C011.02SS",36,11,"Cesarean"
"10249.C011.19SS",737,11,"Cesarean"
"10249.C010.03SS",39,10,"Vaginal"
"10249.C010.12SS",275,10,"Vaginal"
"10249.C056.02SS",1,56,"Cesarean"
"10249.C056.10SS",215,56,"Cesarean"
"10249.C014.09SS",239,14,"Vaginal"
"10249.C014.16SS",486,14,"Vaginal"
"10249.C007.15SS",303,7,"Cesarean"
"10249.C007.19SS",490,7,"Cesarean"
"10249.C021.01SS",1,21,"Cesarean"
"10249.C021.07SS",245,21,"Cesarean"
"10249.C012.02SS",29,12,"Cesarean"
"10249.C012.22SS",739,12,"Cesarean"
"10249.C022.09SS",243,22,"Vaginal"
"10249.C022.12SS",342,22,"Vaginal"
"10249.C044.06SS",127,44,"Vaginal"
"10249.C044.16SS",497,44,"Vaginal"
"10249.C035.11SS",307,35,"Vaginal"
"10249.C035.14SS",427,35,"Vaginal"
"10249.C037.05SS",123,37,"Cesarean"
"10249.C037.11SS",307,37,"Cesarean"
"10249.C005.10SS",245,5,"Cesarean"
"10249.C005.13SS",332,5,"Cesarean"
"10249.C038.04SS",61,38,"Vaginal"
"10249.C038.16SS",487,38,"Vaginal"
"10249.C053.05SS",95,53,"Cesarean"
"10249.C053.06SS",123,53,"Cesarean"
"10249.C025.03SS",42,25,"Cesarean"
"10249.C025.12SS",303,25,"Cesarean"
"10249.C002.15SS",488,2,"Cesarean"
"10249.C002.19SS",731,2,"Cesarean"
"10249.C055.02SS",30,55,"Cesarean"
"10249.C055.07SS",155,55,"Cesarean"
"10249.C031.09SS",210,31,"Vaginal"
"10249.C031.11SS",275,31,"Vaginal"
"10249.C052.04SS",62,52,"Vaginal"
"10249.C052.08SS",188,52,"Vaginal"
"10249.C049.02SS",5,49,"Vaginal"
"10249.C049.07SS",124,49,"Vaginal"
"10249.C008.03SS",72,8,"Vaginal"
"10249.C008.07SS",194,8,"Vaginal"
"10249.C016.20SS",608,16,"Vaginal"
"10249.C016.22SS",733,16,"Vaginal"
"10249.C045.03SS",61,45,"Vaginal"
"10249.C045.08SS",213,45,"Vaginal"
"10249.C047.05SS",94,47,"Cesarean"
"10249.C047.13SS",347,47,"Cesarean"
