"","day_of_life","studyid","delivery"
"10249.C018.06SS",189,18,"Vaginal"
"10249.C018.16SS",606,18,"Vaginal"
"10249.C036.13SS",425,36,"Cesarean"
"10249.C036.15SS",559,36,"Cesarean"
"10249.C020.21SS",551,20,"Cesarean"
"10249.C020.26SS",670,20,"Cesarean"
"10249.C024.01SS",0,24,"Vaginal"
"10249.C024.06SS",86,24,"Vaginal"
"10249.C043.03SS",61,43,"Vaginal"
"10249.C043.11SS",306,43,"Vaginal"
"10249.C017.04SS",32,17,"Vaginal"
"10249.C017.09SS",152,17,"Vaginal"
"10249.C009.06SS",155,9,"Vaginal"
"10249.C009.07SS",185,9,"Vaginal"
"10249.C027.09SS",243,27,"Vaginal"
"10249.C027.18SS",551,27,"Vaginal"
"10249.C046.09SS",244,46,"Cesarean"
"10249.C046.13SS",366,46,"Cesarean"
"10249.C030.06SS",122,30,"Vaginal"
"10249.C030.19SS",606,30,"Vaginal"
"10249.C033.15SS",427,33,"Vaginal"
"10249.C033.19SS",670,33,"Vaginal"
"10249.C042.06SS",154,42,"Vaginal"
"10249.C042.11SS",310,42,"Vaginal"
"10249.C032.13SS",337,32,"Vaginal"
"10249.C032.15SS",370,32,"Vaginal"
"10249.C004.06SS",154,4,"Cesarean"
"10249.C004.09SS",245,4,"Cesarean"
"10249.C001.04SS",49,1,"Vaginal"
"10249.C001.32SS",677,1,"Vaginal"
"10249.C034.05SS",90,34,"Cesarean"
"10249.C034.15SS",424,34,"Cesarean"
"10249.C057.08SS",215,57,"Cesarean"
"10249.C057.11SS",277,57,"Cesarean"
"10249.C041.11SS",246,41,"Vaginal"
"10249.C041.16SS",424,41,"Vaginal"
"10249.C011.12SS",373,11,"Cesarean"
"10249.C011.18SS",676,11,"Cesarean"
"10249.C010.16SS",431,10,"Vaginal"
"10249.C010.19SS",677,10,"Vaginal"
"10249.C056.09SS",184,56,"Cesarean"
"10249.C056.10SS",215,56,"Cesarean"
"10249.C014.01SS",1,14,"Vaginal"
"10249.C014.12SS",333,14,"Vaginal"
"10249.C007.06SS",127,7,"Cesarean"
"10249.C007.20SS",551,7,"Cesarean"
"10249.C021.03SS",37,21,"Cesarean"
"10249.C021.13SS",559,21,"Cesarean"
"10249.C012.16SS",426,12,"Cesarean"
"10249.C012.19SS",609,12,"Cesarean"
"10249.C022.02SS",32,22,"Vaginal"
"10249.C022.04SS",96,22,"Vaginal"
"10249.C044.13SS",334,44,"Vaginal"
"10249.C044.15SS",424,44,"Vaginal"
"10249.C035.02SS",31,35,"Vaginal"
"10249.C035.09SS",244,35,"Vaginal"
"10249.C037.10SS",274,37,"Cesarean"
"10249.C037.15SS",497,37,"Cesarean"
"10249.C005.02SS",29,5,"Cesarean"
"10249.C005.14SS",367,5,"Cesarean"
"10249.C038.12SS",305,38,"Vaginal"
"10249.C038.15SS",428,38,"Vaginal"
"10249.C053.07SS",153,53,"Cesarean"
"10249.C053.08SS",183,53,"Cesarean"
"10249.C025.13SS",337,25,"Cesarean"
"10249.C025.16SS",489,25,"Cesarean"
"10249.C002.11SS",315,2,"Cesarean"
"10249.C002.19SS",731,2,"Cesarean"
"10249.C055.02SS",30,55,"Cesarean"
"10249.C055.07SS",155,55,"Cesarean"
"10249.C031.09SS",210,31,"Vaginal"
"10249.C031.20SS",666,31,"Vaginal"
"10249.C052.07SS",154,52,"Vaginal"
"10249.C052.08SS",188,52,"Vaginal"
"10249.C049.02SS",5,49,"Vaginal"
"10249.C049.10SS",213,49,"Vaginal"
"10249.C008.03SS",72,8,"Vaginal"
"10249.C008.05SS",159,8,"Vaginal"
"10249.C016.09SS",180,16,"Vaginal"
"10249.C016.22SS",733,16,"Vaginal"
"10249.C045.04SS",91,45,"Vaginal"
"10249.C045.12SS",344,45,"Vaginal"
"10249.C047.08SS",185,47,"Cesarean"
"10249.C047.10SS",249,47,"Cesarean"
