"","day_of_life","studyid","delivery"
"10249.C018.12SS",373,18,"Vaginal"
"10249.C018.15SS",548,18,"Vaginal"
"10249.C036.07SS",216,36,"Cesarean"
"10249.C036.09SS",276,36,"Cesarean"
"10249.C020.09SS",95,20,"Cesarean"
"10249.C020.26SS",670,20,"Cesarean"
"10249.C024.09SS",182,24,"Vaginal"
"10249.C024.14SS",337,24,"Vaginal"
"10249.C043.17SS",550,43,"Vaginal"
"10249.C043.18SS",555,43,"Vaginal"
"10249.C017.06SS",63,17,"Vaginal"
"10249.C017.10SS",179,17,"Vaginal"
"10249.C009.04SS",94,9,"Vaginal"
"10249.C009.06SS",155,9,"Vaginal"
"10249.C027.05SS",119,27,"Vaginal"
"10249.C027.19SS",607,27,"Vaginal"
"10249.C046.02SS",31,46,"Cesarean"
"10249.C046.10SS",274,46,"Cesarean"
"10249.C030.02SS",34,30,"Vaginal"
"10249.C030.09SS",214,30,"Vaginal"
"10249.C033.07SS",211,33,"Vaginal"
"10249.C033.19SS",670,33,"Vaginal"
"10249.C042.13SS",374,42,"Vaginal"
"10249.C042.17SS",616,42,"Vaginal"
"10249.C032.16SS",422,32,"Vaginal"
"10249.C032.21SS",674,32,"Vaginal"
"10249.C004.09SS",245,4,"Cesarean"
"10249.C004.10SS",257,4,"Cesarean"
"10249.C001.05SS",57,1,"Vaginal"
"10249.C001.06SS",61,1,"Vaginal"
"10249.C034.01SS",1,34,"Cesarean"
"10249.C034.13SS",335,34,"Cesarean"
"10249.C057.04SS",91,57,"Cesarean"
"10249.C057.10SS",244,57,"Cesarean"
"10249.C041.03SS",64,41,"Vaginal"
"10249.C041.09SS",214,41,"Vaginal"
"10249.C011.12SS",373,11,"Cesarean"
"10249.C011.14SS",486,11,"Cesarean"
"10249.C010.13SS",305,10,"Vaginal"
"10249.C010.18SS",613,10,"Vaginal"
"10249.C056.05SS",65,56,"Cesarean"
"10249.C056.07SS",122,56,"Cesarean"
"10249.C014.13SS",368,14,"Vaginal"
"10249.C014.18SS",614,14,"Vaginal"
"10249.C007.01SS",1,7,"Cesarean"
"10249.C007.15SS",303,7,"Cesarean"
"10249.C021.10SS",351,21,"Cesarean"
"10249.C021.13SS",559,21,"Cesarean"
"10249.C012.17SS",490,12,"Cesarean"
"10249.C012.20SS",675,12,"Cesarean"
"10249.C022.06SS",153,22,"Vaginal"
"10249.C022.12SS",342,22,"Vaginal"
"10249.C044.02SS",33,44,"Vaginal"
"10249.C044.17SS",553,44,"Vaginal"
"10249.C035.02SS",31,35,"Vaginal"
"10249.C035.15SS",488,35,"Vaginal"
"10249.C037.07SS",199,37,"Cesarean"
"10249.C037.13SS",375,37,"Cesarean"
"10249.C005.02SS",29,5,"Cesarean"
"10249.C005.10SS",245,5,"Cesarean"
"10249.C038.08SS",187,38,"Vaginal"
"10249.C038.15SS",428,38,"Vaginal"
"10249.C053.06SS",123,53,"Cesarean"
"10249.C053.09SS",214,53,"Cesarean"
"10249.C025.03SS",42,25,"Cesarean"
"10249.C025.15SS",428,25,"Cesarean"
"10249.C002.11SS",315,2,"Cesarean"
"10249.C002.16SS",555,2,"Cesarean"
"10249.C055.07SS",155,55,"Cesarean"
"10249.C055.08SS",183,55,"Cesarean"
"10249.C031.11SS",275,31,"Vaginal"
"10249.C031.20SS",666,31,"Vaginal"
"10249.C052.08SS",188,52,"Vaginal"
"10249.C052.09SS",245,52,"Vaginal"
"10249.C049.08SS",154,49,"Vaginal"
"10249.C049.14SS",337,49,"Vaginal"
"10249.C008.08SS",212,8,"Vaginal"
"10249.C008.16SS",615,8,"Vaginal"
"10249.C016.19SS",549,16,"Vaginal"
"10249.C016.22SS",733,16,"Vaginal"
"10249.C045.06SS",154,45,"Vaginal"
"10249.C045.08SS",213,45,"Vaginal"
"10249.C047.07SS",156,47,"Cesarean"
"10249.C047.08SS",185,47,"Cesarean"
