"","day_of_life","studyid","delivery"
"10249.C018.02SS",33,18,"Vaginal"
"10249.C018.03SS",90,18,"Vaginal"
"10249.C018.05SS",154,18,"Vaginal"
"10249.C018.13SS",425,18,"Vaginal"
"10249.C018.15SS",548,18,"Vaginal"
"10249.C036.01SS",0,36,"Cesarean"
"10249.C036.02SS",42,36,"Cesarean"
"10249.C036.13SS",425,36,"Cesarean"
"10249.C036.14SS",490,36,"Cesarean"
"10249.C036.16SS",610,36,"Cesarean"
"10249.C020.02SS",7,20,"Cesarean"
"10249.C020.10SS",123,20,"Cesarean"
"10249.C020.11SS",153,20,"Cesarean"
"10249.C020.23SS",594,20,"Cesarean"
"10249.C020.24SS",599,20,"Cesarean"
"10249.C024.06SS",86,24,"Vaginal"
"10249.C024.15SS",373,24,"Vaginal"
"10249.C024.16SS",416,24,"Vaginal"
"10249.C024.17SS",490,24,"Vaginal"
"10249.C024.19SS",611,24,"Vaginal"
"10249.C043.10SS",275,43,"Vaginal"
"10249.C043.12SS",312,43,"Vaginal"
"10249.C043.15SS",428,43,"Vaginal"
"10249.C043.17SS",550,43,"Vaginal"
"10249.C043.18SS",555,43,"Vaginal"
"10249.C017.01SS",0,17,"Vaginal"
"10249.C017.06SS",63,17,"Vaginal"
"10249.C017.09SS",152,17,"Vaginal"
"10249.C017.10SS",179,17,"Vaginal"
"10249.C017.11SS",216,17,"Vaginal"
"10249.C009.01SS",1,9,"Vaginal"
"10249.C009.05SS",122,9,"Vaginal"
"10249.C009.07SS",185,9,"Vaginal"
"10249.C009.16SS",555,9,"Vaginal"
"10249.C009.19SS",739,9,"Vaginal"
"10249.C027.03SS",69,27,"Vaginal"
"10249.C027.10SS",275,27,"Vaginal"
"10249.C027.14SS",338,27,"Vaginal"
"10249.C027.16SS",429,27,"Vaginal"
"10249.C027.20SS",673,27,"Vaginal"
"10249.C046.07SS",184,46,"Cesarean"
"10249.C046.10SS",274,46,"Cesarean"
"10249.C046.11SS",306,46,"Cesarean"
"10249.C046.12SS",336,46,"Cesarean"
"10249.C046.13SS",366,46,"Cesarean"
"10249.C030.02SS",34,30,"Vaginal"
"10249.C030.04SS",61,30,"Vaginal"
"10249.C030.05SS",90,30,"Vaginal"
"10249.C030.13SS",334,30,"Vaginal"
"10249.C030.16SS",429,30,"Vaginal"
"10249.C033.01SS",0,33,"Vaginal"
"10249.C033.11SS",272,33,"Vaginal"
"10249.C033.12SS",305,33,"Vaginal"
"10249.C033.15SS",427,33,"Vaginal"
"10249.C033.19SS",670,33,"Vaginal"
"10249.C042.05SS",122,42,"Vaginal"
"10249.C042.13SS",374,42,"Vaginal"
"10249.C042.15SS",493,42,"Vaginal"
"10249.C042.16SS",557,42,"Vaginal"
"10249.C042.17SS",616,42,"Vaginal"
"10249.C032.03SS",52,32,"Vaginal"
"10249.C032.07SS",153,32,"Vaginal"
"10249.C032.10SS",246,32,"Vaginal"
"10249.C032.13SS",337,32,"Vaginal"
"10249.C032.16SS",422,32,"Vaginal"
"10249.C004.01SS",0,4,"Cesarean"
"10249.C004.02SS",31,4,"Cesarean"
"10249.C004.04SS",91,4,"Cesarean"
"10249.C004.09SS",245,4,"Cesarean"
"10249.C004.13SS",308,4,"Cesarean"
"10249.C001.01SS",0,1,"Vaginal"
"10249.C001.11SS",214,1,"Vaginal"
"10249.C001.12SS",244,1,"Vaginal"
"10249.C001.26SS",427,1,"Vaginal"
"10249.C001.29SS",488,1,"Vaginal"
"10249.C034.05SS",90,34,"Cesarean"
"10249.C034.10SS",243,34,"Cesarean"
"10249.C034.14SS",369,34,"Cesarean"
"10249.C034.16SS",483,34,"Cesarean"
"10249.C034.17SS",539,34,"Cesarean"
"10249.C057.02SS",31,57,"Cesarean"
"10249.C057.03SS",62,57,"Cesarean"
"10249.C057.04SS",91,57,"Cesarean"
"10249.C057.08SS",215,57,"Cesarean"
"10249.C057.10SS",244,57,"Cesarean"
"10249.C041.01SS",0,41,"Vaginal"
"10249.C041.03SS",64,41,"Vaginal"
"10249.C041.04SS",96,41,"Vaginal"
"10249.C041.05SS",126,41,"Vaginal"
"10249.C041.13SS",310,41,"Vaginal"
"10249.C011.03SS",65,11,"Cesarean"
"10249.C011.05SS",156,11,"Cesarean"
"10249.C011.07SS",210,11,"Cesarean"
"10249.C011.12SS",373,11,"Cesarean"
"10249.C011.14SS",486,11,"Cesarean"
"10249.C010.06SS",93,10,"Vaginal"
"10249.C010.07SS",123,10,"Vaginal"
"10249.C010.09SS",183,10,"Vaginal"
"10249.C010.16SS",431,10,"Vaginal"
"10249.C010.18SS",613,10,"Vaginal"
"10249.C056.01SS",0,56,"Cesarean"
"10249.C056.02SS",1,56,"Cesarean"
"10249.C056.04SS",31,56,"Cesarean"
"10249.C056.05SS",65,56,"Cesarean"
"10249.C056.10SS",215,56,"Cesarean"
"10249.C014.04SS",92,14,"Vaginal"
"10249.C014.08SS",211,14,"Vaginal"
"10249.C014.16SS",486,14,"Vaginal"
"10249.C014.18SS",614,14,"Vaginal"
"10249.C014.20SS",737,14,"Vaginal"
"10249.C007.01SS",1,7,"Cesarean"
"10249.C007.02SS",30,7,"Cesarean"
"10249.C007.14SS",274,7,"Cesarean"
"10249.C007.19SS",490,7,"Cesarean"
"10249.C007.22SS",669,7,"Cesarean"
"10249.C021.01SS",1,21,"Cesarean"
"10249.C021.07SS",245,21,"Cesarean"
"10249.C021.08SS",306,21,"Cesarean"
"10249.C021.09SS",347,21,"Cesarean"
"10249.C021.13SS",559,21,"Cesarean"
"10249.C012.02SS",29,12,"Cesarean"
"10249.C012.03SS",40,12,"Cesarean"
"10249.C012.08SS",154,12,"Cesarean"
"10249.C012.17SS",490,12,"Cesarean"
"10249.C012.19SS",609,12,"Cesarean"
"10249.C022.01SS",0,22,"Vaginal"
"10249.C022.05SS",122,22,"Vaginal"
"10249.C022.12SS",342,22,"Vaginal"
"10249.C022.15SS",489,22,"Vaginal"
"10249.C022.16SS",551,22,"Vaginal"
"10249.C044.01SS",1,44,"Vaginal"
"10249.C044.10SS",244,44,"Vaginal"
"10249.C044.13SS",334,44,"Vaginal"
"10249.C044.15SS",424,44,"Vaginal"
"10249.C044.17SS",553,44,"Vaginal"
"10249.C035.03SS",61,35,"Vaginal"
"10249.C035.05SS",122,35,"Vaginal"
"10249.C035.11SS",307,35,"Vaginal"
"10249.C035.13SS",367,35,"Vaginal"
"10249.C035.14SS",427,35,"Vaginal"
"10249.C037.06SS",156,37,"Cesarean"
"10249.C037.10SS",274,37,"Cesarean"
"10249.C037.12SS",335,37,"Cesarean"
"10249.C037.13SS",375,37,"Cesarean"
"10249.C037.18SS",674,37,"Cesarean"
"10249.C005.07SS",155,5,"Cesarean"
"10249.C005.09SS",213,5,"Cesarean"
"10249.C005.10SS",245,5,"Cesarean"
"10249.C005.15SS",428,5,"Cesarean"
"10249.C005.18SS",612,5,"Cesarean"
"10249.C038.02SS",33,38,"Vaginal"
"10249.C038.05SS",98,38,"Vaginal"
"10249.C038.12SS",305,38,"Vaginal"
"10249.C038.14SS",365,38,"Vaginal"
"10249.C038.16SS",487,38,"Vaginal"
"10249.C053.02SS",30,53,"Cesarean"
"10249.C053.04SS",62,53,"Cesarean"
"10249.C053.05SS",95,53,"Cesarean"
"10249.C053.06SS",123,53,"Cesarean"
"10249.C053.09SS",214,53,"Cesarean"
"10249.C025.05SS",94,25,"Cesarean"
"10249.C025.14SS",365,25,"Cesarean"
"10249.C025.15SS",428,25,"Cesarean"
"10249.C025.16SS",489,25,"Cesarean"
"10249.C025.18SS",615,25,"Cesarean"
"10249.C002.04SS",60,2,"Cesarean"
"10249.C002.07SS",158,2,"Cesarean"
"10249.C002.13SS",369,2,"Cesarean"
"10249.C002.16SS",555,2,"Cesarean"
"10249.C002.18SS",678,2,"Cesarean"
"10249.C055.01SS",0,55,"Cesarean"
"10249.C055.02SS",30,55,"Cesarean"
"10249.C055.03SS",41,55,"Cesarean"
"10249.C055.05SS",91,55,"Cesarean"
"10249.C055.09SS",211,55,"Cesarean"
"10249.C031.05SS",89,31,"Vaginal"
"10249.C031.09SS",210,31,"Vaginal"
"10249.C031.16SS",428,31,"Vaginal"
"10249.C031.17SS",491,31,"Vaginal"
"10249.C031.21SS",729,31,"Vaginal"
"10249.C052.02SS",1,52,"Vaginal"
"10249.C052.03SS",32,52,"Vaginal"
"10249.C052.06SS",127,52,"Vaginal"
"10249.C052.07SS",154,52,"Vaginal"
"10249.C052.08SS",188,52,"Vaginal"
"10249.C049.01SS",4,49,"Vaginal"
"10249.C049.03SS",32,49,"Vaginal"
"10249.C049.09SS",181,49,"Vaginal"
"10249.C049.10SS",213,49,"Vaginal"
"10249.C049.13SS",305,49,"Vaginal"
"10249.C008.03SS",72,8,"Vaginal"
"10249.C008.06SS",189,8,"Vaginal"
"10249.C008.09SS",250,8,"Vaginal"
"10249.C008.12SS",364,8,"Vaginal"
"10249.C008.15SS",552,8,"Vaginal"
"10249.C016.03SS",31,16,"Vaginal"
"10249.C016.08SS",152,16,"Vaginal"
"10249.C016.14SS",333,16,"Vaginal"
"10249.C016.15SS",366,16,"Vaginal"
"10249.C016.21SS",672,16,"Vaginal"
"10249.C045.02SS",31,45,"Vaginal"
"10249.C045.05SS",120,45,"Vaginal"
"10249.C045.06SS",154,45,"Vaginal"
"10249.C045.11SS",304,45,"Vaginal"
"10249.C045.12SS",344,45,"Vaginal"
"10249.C047.05SS",94,47,"Cesarean"
"10249.C047.07SS",156,47,"Cesarean"
"10249.C047.09SS",221,47,"Cesarean"
"10249.C047.11SS",277,47,"Cesarean"
"10249.C047.13SS",347,47,"Cesarean"
