"","day_of_life","studyid","delivery"
"10249.C018.01SS",2,18,"Vaginal"
"10249.C018.03SS",90,18,"Vaginal"
"10249.C018.11SS",336,18,"Vaginal"
"10249.C018.13SS",425,18,"Vaginal"
"10249.C018.15SS",548,18,"Vaginal"
"10249.C036.01SS",0,36,"Cesarean"
"10249.C036.03SS",65,36,"Cesarean"
"10249.C036.07SS",216,36,"Cesarean"
"10249.C036.09SS",276,36,"Cesarean"
"10249.C036.14SS",490,36,"Cesarean"
"10249.C020.03SS",9,20,"Cesarean"
"10249.C020.11SS",153,20,"Cesarean"
"10249.C020.14SS",243,20,"Cesarean"
"10249.C020.19SS",426,20,"Cesarean"
"10249.C020.26SS",670,20,"Cesarean"
"10249.C024.02SS",33,24,"Vaginal"
"10249.C024.03SS",43,24,"Vaginal"
"10249.C024.16SS",416,24,"Vaginal"
"10249.C024.18SS",551,24,"Vaginal"
"10249.C024.19SS",611,24,"Vaginal"
"10249.C043.03SS",61,43,"Vaginal"
"10249.C043.06SS",154,43,"Vaginal"
"10249.C043.09SS",245,43,"Vaginal"
"10249.C043.11SS",306,43,"Vaginal"
"10249.C043.16SS",490,43,"Vaginal"
"10249.C017.01SS",0,17,"Vaginal"
"10249.C017.05SS",45,17,"Vaginal"
"10249.C017.09SS",152,17,"Vaginal"
"10249.C017.10SS",179,17,"Vaginal"
"10249.C017.12SS",247,17,"Vaginal"
"10249.C009.03SS",64,9,"Vaginal"
"10249.C009.04SS",94,9,"Vaginal"
"10249.C009.07SS",185,9,"Vaginal"
"10249.C009.10SS",273,9,"Vaginal"
"10249.C009.18SS",681,9,"Vaginal"
"10249.C027.09SS",243,27,"Vaginal"
"10249.C027.12SS",289,27,"Vaginal"
"10249.C027.16SS",429,27,"Vaginal"
"10249.C027.18SS",551,27,"Vaginal"
"10249.C027.21SS",736,27,"Vaginal"
"10249.C046.01SS",1,46,"Cesarean"
"10249.C046.07SS",184,46,"Cesarean"
"10249.C046.08SS",211,46,"Cesarean"
"10249.C046.10SS",274,46,"Cesarean"
"10249.C046.14SS",433,46,"Cesarean"
"10249.C030.03SS",44,30,"Vaginal"
"10249.C030.06SS",122,30,"Vaginal"
"10249.C030.12SS",303,30,"Vaginal"
"10249.C030.16SS",429,30,"Vaginal"
"10249.C030.18SS",554,30,"Vaginal"
"10249.C033.04SS",119,33,"Vaginal"
"10249.C033.13SS",340,33,"Vaginal"
"10249.C033.14SS",365,33,"Vaginal"
"10249.C033.15SS",427,33,"Vaginal"
"10249.C033.19SS",670,33,"Vaginal"
"10249.C042.03SS",61,42,"Vaginal"
"10249.C042.06SS",154,42,"Vaginal"
"10249.C042.07SS",182,42,"Vaginal"
"10249.C042.13SS",374,42,"Vaginal"
"10249.C042.15SS",493,42,"Vaginal"
"10249.C032.07SS",153,32,"Vaginal"
"10249.C032.10SS",246,32,"Vaginal"
"10249.C032.11SS",272,32,"Vaginal"
"10249.C032.15SS",370,32,"Vaginal"
"10249.C032.16SS",422,32,"Vaginal"
"10249.C004.01SS",0,4,"Cesarean"
"10249.C004.04SS",91,4,"Cesarean"
"10249.C004.11SS",266,4,"Cesarean"
"10249.C004.13SS",308,4,"Cesarean"
"10249.C004.15SS",366,4,"Cesarean"
"10249.C001.06SS",61,1,"Vaginal"
"10249.C001.18SS",367,1,"Vaginal"
"10249.C001.20SS",378,1,"Vaginal"
"10249.C001.27SS",435,1,"Vaginal"
"10249.C001.32SS",677,1,"Vaginal"
"10249.C034.05SS",90,34,"Cesarean"
"10249.C034.07SS",166,34,"Cesarean"
"10249.C034.14SS",369,34,"Cesarean"
"10249.C034.16SS",483,34,"Cesarean"
"10249.C034.17SS",539,34,"Cesarean"
"10249.C057.02SS",31,57,"Cesarean"
"10249.C057.06SS",157,57,"Cesarean"
"10249.C057.08SS",215,57,"Cesarean"
"10249.C057.10SS",244,57,"Cesarean"
"10249.C057.11SS",277,57,"Cesarean"
"10249.C041.03SS",64,41,"Vaginal"
"10249.C041.06SS",157,41,"Vaginal"
"10249.C041.09SS",214,41,"Vaginal"
"10249.C041.10SS",232,41,"Vaginal"
"10249.C041.18SS",556,41,"Vaginal"
"10249.C011.01SS",1,11,"Cesarean"
"10249.C011.06SS",187,11,"Cesarean"
"10249.C011.08SS",247,11,"Cesarean"
"10249.C011.12SS",373,11,"Cesarean"
"10249.C011.17SS",610,11,"Cesarean"
"10249.C010.01SS",2,10,"Vaginal"
"10249.C010.15SS",368,10,"Vaginal"
"10249.C010.16SS",431,10,"Vaginal"
"10249.C010.18SS",613,10,"Vaginal"
"10249.C010.19SS",677,10,"Vaginal"
"10249.C056.01SS",0,56,"Cesarean"
"10249.C056.02SS",1,56,"Cesarean"
"10249.C056.06SS",93,56,"Cesarean"
"10249.C056.08SS",153,56,"Cesarean"
"10249.C056.09SS",184,56,"Cesarean"
"10249.C014.05SS",121,14,"Vaginal"
"10249.C014.08SS",211,14,"Vaginal"
"10249.C014.15SS",426,14,"Vaginal"
"10249.C014.17SS",549,14,"Vaginal"
"10249.C014.20SS",737,14,"Vaginal"
"10249.C007.08SS",183,7,"Cesarean"
"10249.C007.09SS",214,7,"Cesarean"
"10249.C007.15SS",303,7,"Cesarean"
"10249.C007.19SS",490,7,"Cesarean"
"10249.C007.22SS",669,7,"Cesarean"
"10249.C021.01SS",1,21,"Cesarean"
"10249.C021.05SS",161,21,"Cesarean"
"10249.C021.09SS",347,21,"Cesarean"
"10249.C021.12SS",499,21,"Cesarean"
"10249.C021.13SS",559,21,"Cesarean"
"10249.C012.01SS",2,12,"Cesarean"
"10249.C012.07SS",146,12,"Cesarean"
"10249.C012.18SS",560,12,"Cesarean"
"10249.C012.19SS",609,12,"Cesarean"
"10249.C012.22SS",739,12,"Cesarean"
"10249.C022.11SS",304,22,"Vaginal"
"10249.C022.13SS",370,22,"Vaginal"
"10249.C022.15SS",489,22,"Vaginal"
"10249.C022.16SS",551,22,"Vaginal"
"10249.C022.19SS",737,22,"Vaginal"
"10249.C044.01SS",1,44,"Vaginal"
"10249.C044.04SS",62,44,"Vaginal"
"10249.C044.12SS",307,44,"Vaginal"
"10249.C044.13SS",334,44,"Vaginal"
"10249.C044.17SS",553,44,"Vaginal"
"10249.C035.05SS",122,35,"Vaginal"
"10249.C035.09SS",244,35,"Vaginal"
"10249.C035.10SS",277,35,"Vaginal"
"10249.C035.11SS",307,35,"Vaginal"
"10249.C035.14SS",427,35,"Vaginal"
"10249.C037.02SS",33,37,"Cesarean"
"10249.C037.12SS",335,37,"Cesarean"
"10249.C037.15SS",497,37,"Cesarean"
"10249.C037.16SS",554,37,"Cesarean"
"10249.C037.17SS",612,37,"Cesarean"
"10249.C005.04SS",63,5,"Cesarean"
"10249.C005.13SS",332,5,"Cesarean"
"10249.C005.14SS",367,5,"Cesarean"
"10249.C005.16SS",485,5,"Cesarean"
"10249.C005.18SS",612,5,"Cesarean"
"10249.C038.04SS",61,38,"Vaginal"
"10249.C038.05SS",98,38,"Vaginal"
"10249.C038.07SS",153,38,"Vaginal"
"10249.C038.08SS",187,38,"Vaginal"
"10249.C038.11SS",278,38,"Vaginal"
"10249.C053.02SS",30,53,"Cesarean"
"10249.C053.05SS",95,53,"Cesarean"
"10249.C053.07SS",153,53,"Cesarean"
"10249.C053.08SS",183,53,"Cesarean"
"10249.C053.09SS",214,53,"Cesarean"
"10249.C025.02SS",30,25,"Cesarean"
"10249.C025.04SS",60,25,"Cesarean"
"10249.C025.06SS",124,25,"Cesarean"
"10249.C025.09SS",211,25,"Cesarean"
"10249.C025.20SS",734,25,"Cesarean"
"10249.C002.09SS",249,2,"Cesarean"
"10249.C002.11SS",315,2,"Cesarean"
"10249.C002.12SS",338,2,"Cesarean"
"10249.C002.15SS",488,2,"Cesarean"
"10249.C002.19SS",731,2,"Cesarean"
"10249.C055.01SS",0,55,"Cesarean"
"10249.C055.02SS",30,55,"Cesarean"
"10249.C055.05SS",91,55,"Cesarean"
"10249.C055.06SS",120,55,"Cesarean"
"10249.C055.09SS",211,55,"Cesarean"
"10249.C031.01SS",0,31,"Vaginal"
"10249.C031.03SS",41,31,"Vaginal"
"10249.C031.05SS",89,31,"Vaginal"
"10249.C031.08SS",184,31,"Vaginal"
"10249.C031.16SS",428,31,"Vaginal"
"10249.C052.02SS",1,52,"Vaginal"
"10249.C052.04SS",62,52,"Vaginal"
"10249.C052.06SS",127,52,"Vaginal"
"10249.C052.07SS",154,52,"Vaginal"
"10249.C052.09SS",245,52,"Vaginal"
"10249.C049.03SS",32,49,"Vaginal"
"10249.C049.09SS",181,49,"Vaginal"
"10249.C049.10SS",213,49,"Vaginal"
"10249.C049.11SS",243,49,"Vaginal"
"10249.C049.12SS",274,49,"Vaginal"
"10249.C008.02SS",31,8,"Vaginal"
"10249.C008.03SS",72,8,"Vaginal"
"10249.C008.05SS",159,8,"Vaginal"
"10249.C008.06SS",189,8,"Vaginal"
"10249.C008.15SS",552,8,"Vaginal"
"10249.C016.02SS",8,16,"Vaginal"
"10249.C016.07SS",124,16,"Vaginal"
"10249.C016.14SS",333,16,"Vaginal"
"10249.C016.21SS",672,16,"Vaginal"
"10249.C016.22SS",733,16,"Vaginal"
"10249.C045.01SS",0,45,"Vaginal"
"10249.C045.03SS",61,45,"Vaginal"
"10249.C045.08SS",213,45,"Vaginal"
"10249.C045.11SS",304,45,"Vaginal"
"10249.C045.13SS",365,45,"Vaginal"
"10249.C047.02SS",32,47,"Cesarean"
"10249.C047.05SS",94,47,"Cesarean"
"10249.C047.09SS",221,47,"Cesarean"
"10249.C047.10SS",249,47,"Cesarean"
"10249.C047.13SS",347,47,"Cesarean"
