"","day_of_life","studyid","delivery"
"10249.C018.01SS",2,18,"Vaginal"
"10249.C018.12SS",373,18,"Vaginal"
"10249.C018.14SS",489,18,"Vaginal"
"10249.C036.03SS",65,36,"Cesarean"
"10249.C036.11SS",334,36,"Cesarean"
"10249.C036.16SS",610,36,"Cesarean"
"10249.C020.08SS",69,20,"Cesarean"
"10249.C020.20SS",487,20,"Cesarean"
"10249.C020.25SS",604,20,"Cesarean"
"10249.C024.10SS",213,24,"Vaginal"
"10249.C024.12SS",272,24,"Vaginal"
"10249.C024.21SS",734,24,"Vaginal"
"10249.C043.02SS",35,43,"Vaginal"
"10249.C043.03SS",61,43,"Vaginal"
"10249.C043.06SS",154,43,"Vaginal"
"10249.C017.06SS",63,17,"Vaginal"
"10249.C017.09SS",152,17,"Vaginal"
"10249.C017.12SS",247,17,"Vaginal"
"10249.C009.10SS",273,9,"Vaginal"
"10249.C009.12SS",339,9,"Vaginal"
"10249.C009.13SS",366,9,"Vaginal"
"10249.C027.07SS",181,27,"Vaginal"
"10249.C027.18SS",551,27,"Vaginal"
"10249.C027.21SS",736,27,"Vaginal"
"10249.C046.05SS",124,46,"Cesarean"
"10249.C046.06SS",151,46,"Cesarean"
"10249.C046.14SS",433,46,"Cesarean"
"10249.C030.06SS",122,30,"Vaginal"
"10249.C030.08SS",183,30,"Vaginal"
"10249.C030.16SS",429,30,"Vaginal"
"10249.C033.04SS",119,33,"Vaginal"
"10249.C033.07SS",211,33,"Vaginal"
"10249.C033.17SS",547,33,"Vaginal"
"10249.C042.02SS",31,42,"Vaginal"
"10249.C042.06SS",154,42,"Vaginal"
"10249.C042.11SS",310,42,"Vaginal"
"10249.C032.01SS",1,32,"Vaginal"
"10249.C032.11SS",272,32,"Vaginal"
"10249.C032.16SS",422,32,"Vaginal"
"10249.C004.03SS",55,4,"Cesarean"
"10249.C004.06SS",154,4,"Cesarean"
"10249.C004.08SS",214,4,"Cesarean"
"10249.C001.04SS",49,1,"Vaginal"
"10249.C001.16SS",307,1,"Vaginal"
"10249.C001.20SS",378,1,"Vaginal"
"10249.C034.06SS",119,34,"Cesarean"
"10249.C034.15SS",424,34,"Cesarean"
"10249.C034.16SS",483,34,"Cesarean"
"10249.C057.03SS",62,57,"Cesarean"
"10249.C057.09SS",238,57,"Cesarean"
"10249.C057.10SS",244,57,"Cesarean"
"10249.C041.01SS",0,41,"Vaginal"
"10249.C041.02SS",32,41,"Vaginal"
"10249.C041.12SS",278,41,"Vaginal"
"10249.C011.05SS",156,11,"Cesarean"
"10249.C011.18SS",676,11,"Cesarean"
"10249.C011.19SS",737,11,"Cesarean"
"10249.C010.13SS",305,10,"Vaginal"
"10249.C010.14SS",337,10,"Vaginal"
"10249.C010.20SS",737,10,"Vaginal"
"10249.C056.01SS",0,56,"Cesarean"
"10249.C056.05SS",65,56,"Cesarean"
"10249.C056.07SS",122,56,"Cesarean"
"10249.C014.03SS",71,14,"Vaginal"
"10249.C014.15SS",426,14,"Vaginal"
"10249.C014.18SS",614,14,"Vaginal"
"10249.C007.02SS",30,7,"Cesarean"
"10249.C007.03SS",49,7,"Cesarean"
"10249.C007.11SS",243,7,"Cesarean"
"10249.C021.04SS",94,21,"Cesarean"
"10249.C021.07SS",245,21,"Cesarean"
"10249.C021.12SS",499,21,"Cesarean"
"10249.C012.04SS",62,12,"Cesarean"
"10249.C012.10SS",215,12,"Cesarean"
"10249.C012.18SS",560,12,"Cesarean"
"10249.C022.04SS",96,22,"Vaginal"
"10249.C022.09SS",243,22,"Vaginal"
"10249.C022.19SS",737,22,"Vaginal"
"10249.C044.10SS",244,44,"Vaginal"
"10249.C044.13SS",334,44,"Vaginal"
"10249.C044.15SS",424,44,"Vaginal"
"10249.C035.09SS",244,35,"Vaginal"
"10249.C035.10SS",277,35,"Vaginal"
"10249.C035.16SS",551,35,"Vaginal"
"10249.C037.04SS",92,37,"Cesarean"
"10249.C037.11SS",307,37,"Cesarean"
"10249.C037.15SS",497,37,"Cesarean"
"10249.C005.13SS",332,5,"Cesarean"
"10249.C005.14SS",367,5,"Cesarean"
"10249.C005.16SS",485,5,"Cesarean"
"10249.C038.01SS",2,38,"Vaginal"
"10249.C038.02SS",33,38,"Vaginal"
"10249.C038.18SS",610,38,"Vaginal"
"10249.C053.04SS",62,53,"Cesarean"
"10249.C053.05SS",95,53,"Cesarean"
"10249.C053.07SS",153,53,"Cesarean"
"10249.C025.01SS",1,25,"Cesarean"
"10249.C025.04SS",60,25,"Cesarean"
"10249.C025.18SS",615,25,"Cesarean"
"10249.C002.13SS",369,2,"Cesarean"
"10249.C002.18SS",678,2,"Cesarean"
"10249.C002.19SS",731,2,"Cesarean"
"10249.C055.01SS",0,55,"Cesarean"
"10249.C055.03SS",41,55,"Cesarean"
"10249.C055.05SS",91,55,"Cesarean"
"10249.C031.10SS",243,31,"Vaginal"
"10249.C031.17SS",491,31,"Vaginal"
"10249.C031.18SS",547,31,"Vaginal"
"10249.C052.06SS",127,52,"Vaginal"
"10249.C052.08SS",188,52,"Vaginal"
"10249.C052.09SS",245,52,"Vaginal"
"10249.C049.09SS",181,49,"Vaginal"
"10249.C049.11SS",243,49,"Vaginal"
"10249.C049.13SS",305,49,"Vaginal"
"10249.C008.03SS",72,8,"Vaginal"
"10249.C008.09SS",250,8,"Vaginal"
"10249.C008.14SS",490,8,"Vaginal"
"10249.C016.07SS",124,16,"Vaginal"
"10249.C016.14SS",333,16,"Vaginal"
"10249.C016.22SS",733,16,"Vaginal"
"10249.C045.08SS",213,45,"Vaginal"
"10249.C045.10SS",276,45,"Vaginal"
"10249.C045.12SS",344,45,"Vaginal"
"10249.C047.05SS",94,47,"Cesarean"
"10249.C047.10SS",249,47,"Cesarean"
"10249.C047.11SS",277,47,"Cesarean"
