"","day_of_life","studyid","delivery"
"10249.C018.02SS",33,18,"Vaginal"
"10249.C018.04SS",125,18,"Vaginal"
"10249.C018.06SS",189,18,"Vaginal"
"10249.C018.10SS",312,18,"Vaginal"
"10249.C036.11SS",334,36,"Cesarean"
"10249.C036.12SS",364,36,"Cesarean"
"10249.C036.14SS",490,36,"Cesarean"
"10249.C036.16SS",610,36,"Cesarean"
"10249.C020.01SS",0,20,"Cesarean"
"10249.C020.05SS",13,20,"Cesarean"
"10249.C020.12SS",180,20,"Cesarean"
"10249.C020.22SS",593,20,"Cesarean"
"10249.C024.01SS",0,24,"Vaginal"
"10249.C024.05SS",75,24,"Vaginal"
"10249.C024.13SS",310,24,"Vaginal"
"10249.C024.17SS",490,24,"Vaginal"
"10249.C043.12SS",312,43,"Vaginal"
"10249.C043.16SS",490,43,"Vaginal"
"10249.C043.18SS",555,43,"Vaginal"
"10249.C043.20SS",616,43,"Vaginal"
"10249.C017.04SS",32,17,"Vaginal"
"10249.C017.06SS",63,17,"Vaginal"
"10249.C017.08SS",123,17,"Vaginal"
"10249.C017.11SS",216,17,"Vaginal"
"10249.C009.05SS",122,9,"Vaginal"
"10249.C009.13SS",366,9,"Vaginal"
"10249.C009.14SS",429,9,"Vaginal"
"10249.C009.17SS",613,9,"Vaginal"
"10249.C027.04SS",91,27,"Vaginal"
"10249.C027.08SS",211,27,"Vaginal"
"10249.C027.15SS",370,27,"Vaginal"
"10249.C027.16SS",429,27,"Vaginal"
"10249.C046.01SS",1,46,"Cesarean"
"10249.C046.02SS",31,46,"Cesarean"
"10249.C046.04SS",93,46,"Cesarean"
"10249.C046.11SS",306,46,"Cesarean"
"10249.C030.01SS",0,30,"Vaginal"
"10249.C030.04SS",61,30,"Vaginal"
"10249.C030.12SS",303,30,"Vaginal"
"10249.C030.16SS",429,30,"Vaginal"
"10249.C033.03SS",61,33,"Vaginal"
"10249.C033.07SS",211,33,"Vaginal"
"10249.C033.11SS",272,33,"Vaginal"
"10249.C033.12SS",305,33,"Vaginal"
"10249.C042.07SS",182,42,"Vaginal"
"10249.C042.09SS",247,42,"Vaginal"
"10249.C042.13SS",374,42,"Vaginal"
"10249.C042.16SS",557,42,"Vaginal"
"10249.C032.04SS",59,32,"Vaginal"
"10249.C032.07SS",153,32,"Vaginal"
"10249.C032.11SS",272,32,"Vaginal"
"10249.C032.15SS",370,32,"Vaginal"
"10249.C004.02SS",31,4,"Cesarean"
"10249.C004.06SS",154,4,"Cesarean"
"10249.C004.11SS",266,4,"Cesarean"
"10249.C004.15SS",366,4,"Cesarean"
"10249.C001.01SS",0,1,"Vaginal"
"10249.C001.06SS",61,1,"Vaginal"
"10249.C001.09SS",153,1,"Vaginal"
"10249.C001.18SS",367,1,"Vaginal"
"10249.C034.06SS",119,34,"Cesarean"
"10249.C034.08SS",183,34,"Cesarean"
"10249.C034.14SS",369,34,"Cesarean"
"10249.C034.15SS",424,34,"Cesarean"
"10249.C057.03SS",62,57,"Cesarean"
"10249.C057.08SS",215,57,"Cesarean"
"10249.C057.10SS",244,57,"Cesarean"
"10249.C057.11SS",277,57,"Cesarean"
"10249.C041.01SS",0,41,"Vaginal"
"10249.C041.03SS",64,41,"Vaginal"
"10249.C041.08SS",186,41,"Vaginal"
"10249.C041.17SS",488,41,"Vaginal"
"10249.C011.03SS",65,11,"Cesarean"
"10249.C011.07SS",210,11,"Cesarean"
"10249.C011.09SS",273,11,"Cesarean"
"10249.C011.18SS",676,11,"Cesarean"
"10249.C010.02SS",30,10,"Vaginal"
"10249.C010.10SS",219,10,"Vaginal"
"10249.C010.14SS",337,10,"Vaginal"
"10249.C010.19SS",677,10,"Vaginal"
"10249.C056.02SS",1,56,"Cesarean"
"10249.C056.06SS",93,56,"Cesarean"
"10249.C056.07SS",122,56,"Cesarean"
"10249.C056.10SS",215,56,"Cesarean"
"10249.C014.07SS",184,14,"Vaginal"
"10249.C014.08SS",211,14,"Vaginal"
"10249.C014.18SS",614,14,"Vaginal"
"10249.C014.20SS",737,14,"Vaginal"
"10249.C007.02SS",30,7,"Cesarean"
"10249.C007.10SS",219,7,"Cesarean"
"10249.C007.12SS",258,7,"Cesarean"
"10249.C007.16SS",334,7,"Cesarean"
"10249.C021.01SS",1,21,"Cesarean"
"10249.C021.03SS",37,21,"Cesarean"
"10249.C021.04SS",94,21,"Cesarean"
"10249.C021.12SS",499,21,"Cesarean"
"10249.C012.03SS",40,12,"Cesarean"
"10249.C012.16SS",426,12,"Cesarean"
"10249.C012.17SS",490,12,"Cesarean"
"10249.C012.18SS",560,12,"Cesarean"
"10249.C022.02SS",32,22,"Vaginal"
"10249.C022.09SS",243,22,"Vaginal"
"10249.C022.10SS",273,22,"Vaginal"
"10249.C022.13SS",370,22,"Vaginal"
"10249.C044.06SS",127,44,"Vaginal"
"10249.C044.11SS",276,44,"Vaginal"
"10249.C044.15SS",424,44,"Vaginal"
"10249.C044.17SS",553,44,"Vaginal"
"10249.C035.01SS",0,35,"Vaginal"
"10249.C035.05SS",122,35,"Vaginal"
"10249.C035.13SS",367,35,"Vaginal"
"10249.C035.14SS",427,35,"Vaginal"
"10249.C037.02SS",33,37,"Cesarean"
"10249.C037.12SS",335,37,"Cesarean"
"10249.C037.14SS",426,37,"Cesarean"
"10249.C037.17SS",612,37,"Cesarean"
"10249.C005.09SS",213,5,"Cesarean"
"10249.C005.14SS",367,5,"Cesarean"
"10249.C005.15SS",428,5,"Cesarean"
"10249.C005.18SS",612,5,"Cesarean"
"10249.C038.05SS",98,38,"Vaginal"
"10249.C038.06SS",123,38,"Vaginal"
"10249.C038.15SS",428,38,"Vaginal"
"10249.C038.18SS",610,38,"Vaginal"
"10249.C053.03SS",45,53,"Cesarean"
"10249.C053.04SS",62,53,"Cesarean"
"10249.C053.05SS",95,53,"Cesarean"
"10249.C053.09SS",214,53,"Cesarean"
"10249.C025.01SS",1,25,"Cesarean"
"10249.C025.13SS",337,25,"Cesarean"
"10249.C025.16SS",489,25,"Cesarean"
"10249.C025.18SS",615,25,"Cesarean"
"10249.C002.05SS",89,2,"Cesarean"
"10249.C002.06SS",123,2,"Cesarean"
"10249.C002.10SS",284,2,"Cesarean"
"10249.C002.15SS",488,2,"Cesarean"
"10249.C055.02SS",30,55,"Cesarean"
"10249.C055.03SS",41,55,"Cesarean"
"10249.C055.04SS",64,55,"Cesarean"
"10249.C055.05SS",91,55,"Cesarean"
"10249.C031.01SS",0,31,"Vaginal"
"10249.C031.03SS",41,31,"Vaginal"
"10249.C031.05SS",89,31,"Vaginal"
"10249.C031.20SS",666,31,"Vaginal"
"10249.C052.02SS",1,52,"Vaginal"
"10249.C052.03SS",32,52,"Vaginal"
"10249.C052.06SS",127,52,"Vaginal"
"10249.C052.09SS",245,52,"Vaginal"
"10249.C049.01SS",4,49,"Vaginal"
"10249.C049.10SS",213,49,"Vaginal"
"10249.C049.11SS",243,49,"Vaginal"
"10249.C049.14SS",337,49,"Vaginal"
"10249.C008.05SS",159,8,"Vaginal"
"10249.C008.08SS",212,8,"Vaginal"
"10249.C008.13SS",437,8,"Vaginal"
"10249.C008.15SS",552,8,"Vaginal"
"10249.C016.06SS",92,16,"Vaginal"
"10249.C016.07SS",124,16,"Vaginal"
"10249.C016.12SS",272,16,"Vaginal"
"10249.C016.18SS",489,16,"Vaginal"
"10249.C045.03SS",61,45,"Vaginal"
"10249.C045.04SS",91,45,"Vaginal"
"10249.C045.09SS",245,45,"Vaginal"
"10249.C045.10SS",276,45,"Vaginal"
"10249.C047.05SS",94,47,"Cesarean"
"10249.C047.06SS",126,47,"Cesarean"
"10249.C047.09SS",221,47,"Cesarean"
"10249.C047.10SS",249,47,"Cesarean"
