"","day_of_life","studyid","delivery"
"10249.C018.01SS",2,18,"Vaginal"
"10249.C018.02SS",33,18,"Vaginal"
"10249.C018.13SS",425,18,"Vaginal"
"10249.C018.14SS",489,18,"Vaginal"
"10249.C018.16SS",606,18,"Vaginal"
"10249.C036.04SS",126,36,"Cesarean"
"10249.C036.07SS",216,36,"Cesarean"
"10249.C036.11SS",334,36,"Cesarean"
"10249.C036.13SS",425,36,"Cesarean"
"10249.C036.15SS",559,36,"Cesarean"
"10249.C020.09SS",95,20,"Cesarean"
"10249.C020.15SS",273,20,"Cesarean"
"10249.C020.16SS",305,20,"Cesarean"
"10249.C020.24SS",599,20,"Cesarean"
"10249.C020.26SS",670,20,"Cesarean"
"10249.C024.02SS",33,24,"Vaginal"
"10249.C024.05SS",75,24,"Vaginal"
"10249.C024.15SS",373,24,"Vaginal"
"10249.C024.19SS",611,24,"Vaginal"
"10249.C024.20SS",673,24,"Vaginal"
"10249.C043.01SS",0,43,"Vaginal"
"10249.C043.08SS",217,43,"Vaginal"
"10249.C043.14SS",364,43,"Vaginal"
"10249.C043.15SS",428,43,"Vaginal"
"10249.C043.17SS",550,43,"Vaginal"
"10249.C017.07SS",91,17,"Vaginal"
"10249.C017.08SS",123,17,"Vaginal"
"10249.C017.09SS",152,17,"Vaginal"
"10249.C017.11SS",216,17,"Vaginal"
"10249.C017.12SS",247,17,"Vaginal"
"10249.C009.01SS",1,9,"Vaginal"
"10249.C009.07SS",185,9,"Vaginal"
"10249.C009.08SS",214,9,"Vaginal"
"10249.C009.16SS",555,9,"Vaginal"
"10249.C009.19SS",739,9,"Vaginal"
"10249.C027.02SS",35,27,"Vaginal"
"10249.C027.06SS",155,27,"Vaginal"
"10249.C027.14SS",338,27,"Vaginal"
"10249.C027.16SS",429,27,"Vaginal"
"10249.C027.18SS",551,27,"Vaginal"
"10249.C046.01SS",1,46,"Cesarean"
"10249.C046.05SS",124,46,"Cesarean"
"10249.C046.06SS",151,46,"Cesarean"
"10249.C046.13SS",366,46,"Cesarean"
"10249.C046.14SS",433,46,"Cesarean"
"10249.C030.05SS",90,30,"Vaginal"
"10249.C030.09SS",214,30,"Vaginal"
"10249.C030.12SS",303,30,"Vaginal"
"10249.C030.18SS",554,30,"Vaginal"
"10249.C030.20SS",674,30,"Vaginal"
"10249.C033.08SS",230,33,"Vaginal"
"10249.C033.11SS",272,33,"Vaginal"
"10249.C033.13SS",340,33,"Vaginal"
"10249.C033.15SS",427,33,"Vaginal"
"10249.C033.19SS",670,33,"Vaginal"
"10249.C042.02SS",31,42,"Vaginal"
"10249.C042.09SS",247,42,"Vaginal"
"10249.C042.15SS",493,42,"Vaginal"
"10249.C042.16SS",557,42,"Vaginal"
"10249.C042.17SS",616,42,"Vaginal"
"10249.C032.01SS",1,32,"Vaginal"
"10249.C032.04SS",59,32,"Vaginal"
"10249.C032.09SS",209,32,"Vaginal"
"10249.C032.19SS",555,32,"Vaginal"
"10249.C032.21SS",674,32,"Vaginal"
"10249.C004.02SS",31,4,"Cesarean"
"10249.C004.06SS",154,4,"Cesarean"
"10249.C004.07SS",186,4,"Cesarean"
"10249.C004.12SS",278,4,"Cesarean"
"10249.C004.15SS",366,4,"Cesarean"
"10249.C001.07SS",92,1,"Vaginal"
"10249.C001.08SS",122,1,"Vaginal"
"10249.C001.10SS",183,1,"Vaginal"
"10249.C001.27SS",435,1,"Vaginal"
"10249.C001.32SS",677,1,"Vaginal"
"10249.C034.02SS",34,34,"Cesarean"
"10249.C034.03SS",45,34,"Cesarean"
"10249.C034.11SS",273,34,"Cesarean"
"10249.C034.12SS",308,34,"Cesarean"
"10249.C034.14SS",369,34,"Cesarean"
"10249.C057.02SS",31,57,"Cesarean"
"10249.C057.05SS",125,57,"Cesarean"
"10249.C057.09SS",238,57,"Cesarean"
"10249.C057.10SS",244,57,"Cesarean"
"10249.C057.11SS",277,57,"Cesarean"
"10249.C041.02SS",32,41,"Vaginal"
"10249.C041.10SS",232,41,"Vaginal"
"10249.C041.14SS",339,41,"Vaginal"
"10249.C041.17SS",488,41,"Vaginal"
"10249.C041.18SS",556,41,"Vaginal"
"10249.C011.01SS",1,11,"Cesarean"
"10249.C011.02SS",36,11,"Cesarean"
"10249.C011.03SS",65,11,"Cesarean"
"10249.C011.10SS",303,11,"Cesarean"
"10249.C011.12SS",373,11,"Cesarean"
"10249.C010.04SS",43,10,"Vaginal"
"10249.C010.07SS",123,10,"Vaginal"
"10249.C010.15SS",368,10,"Vaginal"
"10249.C010.16SS",431,10,"Vaginal"
"10249.C010.19SS",677,10,"Vaginal"
"10249.C056.01SS",0,56,"Cesarean"
"10249.C056.04SS",31,56,"Cesarean"
"10249.C056.05SS",65,56,"Cesarean"
"10249.C056.07SS",122,56,"Cesarean"
"10249.C056.08SS",153,56,"Cesarean"
"10249.C014.07SS",184,14,"Vaginal"
"10249.C014.08SS",211,14,"Vaginal"
"10249.C014.13SS",368,14,"Vaginal"
"10249.C014.16SS",486,14,"Vaginal"
"10249.C014.19SS",675,14,"Vaginal"
"10249.C007.05SS",93,7,"Cesarean"
"10249.C007.07SS",155,7,"Cesarean"
"10249.C007.08SS",183,7,"Cesarean"
"10249.C007.09SS",214,7,"Cesarean"
"10249.C007.15SS",303,7,"Cesarean"
"10249.C021.03SS",37,21,"Cesarean"
"10249.C021.08SS",306,21,"Cesarean"
"10249.C021.10SS",351,21,"Cesarean"
"10249.C021.12SS",499,21,"Cesarean"
"10249.C021.13SS",559,21,"Cesarean"
"10249.C012.05SS",99,12,"Cesarean"
"10249.C012.07SS",146,12,"Cesarean"
"10249.C012.11SS",244,12,"Cesarean"
"10249.C012.14SS",335,12,"Cesarean"
"10249.C012.16SS",426,12,"Cesarean"
"10249.C022.01SS",0,22,"Vaginal"
"10249.C022.02SS",32,22,"Vaginal"
"10249.C022.11SS",304,22,"Vaginal"
"10249.C022.15SS",489,22,"Vaginal"
"10249.C022.16SS",551,22,"Vaginal"
"10249.C044.02SS",33,44,"Vaginal"
"10249.C044.06SS",127,44,"Vaginal"
"10249.C044.07SS",155,44,"Vaginal"
"10249.C044.12SS",307,44,"Vaginal"
"10249.C044.17SS",553,44,"Vaginal"
"10249.C035.02SS",31,35,"Vaginal"
"10249.C035.08SS",214,35,"Vaginal"
"10249.C035.14SS",427,35,"Vaginal"
"10249.C035.15SS",488,35,"Vaginal"
"10249.C035.17SS",608,35,"Vaginal"
"10249.C037.10SS",274,37,"Cesarean"
"10249.C037.14SS",426,37,"Cesarean"
"10249.C037.15SS",497,37,"Cesarean"
"10249.C037.16SS",554,37,"Cesarean"
"10249.C037.17SS",612,37,"Cesarean"
"10249.C005.04SS",63,5,"Cesarean"
"10249.C005.13SS",332,5,"Cesarean"
"10249.C005.15SS",428,5,"Cesarean"
"10249.C005.17SS",549,5,"Cesarean"
"10249.C005.19SS",667,5,"Cesarean"
"10249.C038.01SS",2,38,"Vaginal"
"10249.C038.05SS",98,38,"Vaginal"
"10249.C038.07SS",153,38,"Vaginal"
"10249.C038.15SS",428,38,"Vaginal"
"10249.C038.18SS",610,38,"Vaginal"
"10249.C053.03SS",45,53,"Cesarean"
"10249.C053.05SS",95,53,"Cesarean"
"10249.C053.06SS",123,53,"Cesarean"
"10249.C053.08SS",183,53,"Cesarean"
"10249.C053.09SS",214,53,"Cesarean"
"10249.C025.13SS",337,25,"Cesarean"
"10249.C025.14SS",365,25,"Cesarean"
"10249.C025.17SS",548,25,"Cesarean"
"10249.C025.18SS",615,25,"Cesarean"
"10249.C025.19SS",666,25,"Cesarean"
"10249.C002.03SS",53,2,"Cesarean"
"10249.C002.05SS",89,2,"Cesarean"
"10249.C002.11SS",315,2,"Cesarean"
"10249.C002.18SS",678,2,"Cesarean"
"10249.C002.19SS",731,2,"Cesarean"
"10249.C055.02SS",30,55,"Cesarean"
"10249.C055.05SS",91,55,"Cesarean"
"10249.C055.06SS",120,55,"Cesarean"
"10249.C055.08SS",183,55,"Cesarean"
"10249.C055.09SS",211,55,"Cesarean"
"10249.C031.14SS",365,31,"Vaginal"
"10249.C031.17SS",491,31,"Vaginal"
"10249.C031.18SS",547,31,"Vaginal"
"10249.C031.19SS",618,31,"Vaginal"
"10249.C031.21SS",729,31,"Vaginal"
"10249.C052.02SS",1,52,"Vaginal"
"10249.C052.03SS",32,52,"Vaginal"
"10249.C052.06SS",127,52,"Vaginal"
"10249.C052.08SS",188,52,"Vaginal"
"10249.C052.09SS",245,52,"Vaginal"
"10249.C049.02SS",5,49,"Vaginal"
"10249.C049.03SS",32,49,"Vaginal"
"10249.C049.11SS",243,49,"Vaginal"
"10249.C049.13SS",305,49,"Vaginal"
"10249.C049.14SS",337,49,"Vaginal"
"10249.C008.03SS",72,8,"Vaginal"
"10249.C008.06SS",189,8,"Vaginal"
"10249.C008.07SS",194,8,"Vaginal"
"10249.C008.13SS",437,8,"Vaginal"
"10249.C008.14SS",490,8,"Vaginal"
"10249.C016.07SS",124,16,"Vaginal"
"10249.C016.15SS",366,16,"Vaginal"
"10249.C016.17SS",428,16,"Vaginal"
"10249.C016.19SS",549,16,"Vaginal"
"10249.C016.20SS",608,16,"Vaginal"
"10249.C045.02SS",31,45,"Vaginal"
"10249.C045.05SS",120,45,"Vaginal"
"10249.C045.06SS",154,45,"Vaginal"
"10249.C045.09SS",245,45,"Vaginal"
"10249.C045.12SS",344,45,"Vaginal"
"10249.C047.05SS",94,47,"Cesarean"
"10249.C047.06SS",126,47,"Cesarean"
"10249.C047.08SS",185,47,"Cesarean"
"10249.C047.10SS",249,47,"Cesarean"
"10249.C047.13SS",347,47,"Cesarean"
