"","day_of_life","studyid","delivery"
"10249.C018.07SS",214,18,"Vaginal"
"10249.C018.16SS",606,18,"Vaginal"
"10249.C036.02SS",42,36,"Cesarean"
"10249.C036.04SS",126,36,"Cesarean"
"10249.C020.05SS",13,20,"Cesarean"
"10249.C020.25SS",604,20,"Cesarean"
"10249.C024.02SS",33,24,"Vaginal"
"10249.C024.12SS",272,24,"Vaginal"
"10249.C043.11SS",306,43,"Vaginal"
"10249.C043.16SS",490,43,"Vaginal"
"10249.C017.01SS",0,17,"Vaginal"
"10249.C017.09SS",152,17,"Vaginal"
"10249.C009.11SS",305,9,"Vaginal"
"10249.C009.18SS",681,9,"Vaginal"
"10249.C027.18SS",551,27,"Vaginal"
"10249.C027.19SS",607,27,"Vaginal"
"10249.C046.01SS",1,46,"Cesarean"
"10249.C046.03SS",54,46,"Cesarean"
"10249.C030.03SS",44,30,"Vaginal"
"10249.C030.20SS",674,30,"Vaginal"
"10249.C033.05SS",147,33,"Vaginal"
"10249.C033.18SS",608,33,"Vaginal"
"10249.C042.09SS",247,42,"Vaginal"
"10249.C042.14SS",438,42,"Vaginal"
"10249.C032.11SS",272,32,"Vaginal"
"10249.C032.21SS",674,32,"Vaginal"
"10249.C004.03SS",55,4,"Cesarean"
"10249.C004.04SS",91,4,"Cesarean"
"10249.C001.09SS",153,1,"Vaginal"
"10249.C001.18SS",367,1,"Vaginal"
"10249.C034.10SS",243,34,"Cesarean"
"10249.C034.14SS",369,34,"Cesarean"
"10249.C057.03SS",62,57,"Cesarean"
"10249.C057.08SS",215,57,"Cesarean"
"10249.C041.09SS",214,41,"Vaginal"
"10249.C041.11SS",246,41,"Vaginal"
"10249.C011.02SS",36,11,"Cesarean"
"10249.C011.14SS",486,11,"Cesarean"
"10249.C010.10SS",219,10,"Vaginal"
"10249.C010.14SS",337,10,"Vaginal"
"10249.C056.09SS",184,56,"Cesarean"
"10249.C056.10SS",215,56,"Cesarean"
"10249.C014.06SS",154,14,"Vaginal"
"10249.C014.17SS",549,14,"Vaginal"
"10249.C007.05SS",93,7,"Cesarean"
"10249.C007.20SS",551,7,"Cesarean"
"10249.C021.08SS",306,21,"Cesarean"
"10249.C021.12SS",499,21,"Cesarean"
"10249.C012.09SS",188,12,"Cesarean"
"10249.C012.22SS",739,12,"Cesarean"
"10249.C022.10SS",273,22,"Vaginal"
"10249.C022.16SS",551,22,"Vaginal"
"10249.C044.01SS",1,44,"Vaginal"
"10249.C044.10SS",244,44,"Vaginal"
"10249.C035.12SS",334,35,"Vaginal"
"10249.C035.13SS",367,35,"Vaginal"
"10249.C037.04SS",92,37,"Cesarean"
"10249.C037.05SS",123,37,"Cesarean"
"10249.C005.05SS",93,5,"Cesarean"
"10249.C005.18SS",612,5,"Cesarean"
"10249.C038.11SS",278,38,"Vaginal"
"10249.C038.16SS",487,38,"Vaginal"
"10249.C053.07SS",153,53,"Cesarean"
"10249.C053.09SS",214,53,"Cesarean"
"10249.C025.11SS",280,25,"Cesarean"
"10249.C025.14SS",365,25,"Cesarean"
"10249.C002.04SS",60,2,"Cesarean"
"10249.C002.18SS",678,2,"Cesarean"
"10249.C055.04SS",64,55,"Cesarean"
"10249.C055.07SS",155,55,"Cesarean"
"10249.C031.12SS",307,31,"Vaginal"
"10249.C031.21SS",729,31,"Vaginal"
"10249.C052.03SS",32,52,"Vaginal"
"10249.C052.08SS",188,52,"Vaginal"
"10249.C049.03SS",32,49,"Vaginal"
"10249.C049.13SS",305,49,"Vaginal"
"10249.C008.09SS",250,8,"Vaginal"
"10249.C008.13SS",437,8,"Vaginal"
"10249.C016.12SS",272,16,"Vaginal"
"10249.C016.18SS",489,16,"Vaginal"
"10249.C045.03SS",61,45,"Vaginal"
"10249.C045.04SS",91,45,"Vaginal"
"10249.C047.02SS",32,47,"Cesarean"
"10249.C047.10SS",249,47,"Cesarean"
