"","day_of_life","studyid","delivery"
"10249.C018.03SS",90,18,"Vaginal"
"10249.C018.05SS",154,18,"Vaginal"
"10249.C018.07SS",214,18,"Vaginal"
"10249.C018.11SS",336,18,"Vaginal"
"10249.C018.16SS",606,18,"Vaginal"
"10249.C036.02SS",42,36,"Cesarean"
"10249.C036.10SS",308,36,"Cesarean"
"10249.C036.13SS",425,36,"Cesarean"
"10249.C036.15SS",559,36,"Cesarean"
"10249.C036.16SS",610,36,"Cesarean"
"10249.C020.03SS",9,20,"Cesarean"
"10249.C020.11SS",153,20,"Cesarean"
"10249.C020.21SS",551,20,"Cesarean"
"10249.C020.22SS",593,20,"Cesarean"
"10249.C020.26SS",670,20,"Cesarean"
"10249.C024.01SS",0,24,"Vaginal"
"10249.C024.13SS",310,24,"Vaginal"
"10249.C024.14SS",337,24,"Vaginal"
"10249.C024.17SS",490,24,"Vaginal"
"10249.C024.18SS",551,24,"Vaginal"
"10249.C043.03SS",61,43,"Vaginal"
"10249.C043.07SS",189,43,"Vaginal"
"10249.C043.12SS",312,43,"Vaginal"
"10249.C043.15SS",428,43,"Vaginal"
"10249.C043.16SS",490,43,"Vaginal"
"10249.C017.02SS",2,17,"Vaginal"
"10249.C017.04SS",32,17,"Vaginal"
"10249.C017.05SS",45,17,"Vaginal"
"10249.C017.06SS",63,17,"Vaginal"
"10249.C017.07SS",91,17,"Vaginal"
"10249.C009.02SS",31,9,"Vaginal"
"10249.C009.10SS",273,9,"Vaginal"
"10249.C009.11SS",305,9,"Vaginal"
"10249.C009.16SS",555,9,"Vaginal"
"10249.C009.18SS",681,9,"Vaginal"
"10249.C027.07SS",181,27,"Vaginal"
"10249.C027.15SS",370,27,"Vaginal"
"10249.C027.18SS",551,27,"Vaginal"
"10249.C027.20SS",673,27,"Vaginal"
"10249.C027.21SS",736,27,"Vaginal"
"10249.C046.01SS",1,46,"Cesarean"
"10249.C046.02SS",31,46,"Cesarean"
"10249.C046.04SS",93,46,"Cesarean"
"10249.C046.10SS",274,46,"Cesarean"
"10249.C046.14SS",433,46,"Cesarean"
"10249.C030.03SS",44,30,"Vaginal"
"10249.C030.05SS",90,30,"Vaginal"
"10249.C030.07SS",150,30,"Vaginal"
"10249.C030.09SS",214,30,"Vaginal"
"10249.C030.11SS",276,30,"Vaginal"
"10249.C033.07SS",211,33,"Vaginal"
"10249.C033.08SS",230,33,"Vaginal"
"10249.C033.09SS",236,33,"Vaginal"
"10249.C033.14SS",365,33,"Vaginal"
"10249.C033.18SS",608,33,"Vaginal"
"10249.C042.03SS",61,42,"Vaginal"
"10249.C042.05SS",122,42,"Vaginal"
"10249.C042.08SS",216,42,"Vaginal"
"10249.C042.13SS",374,42,"Vaginal"
"10249.C042.16SS",557,42,"Vaginal"
"10249.C032.03SS",52,32,"Vaginal"
"10249.C032.06SS",118,32,"Vaginal"
"10249.C032.15SS",370,32,"Vaginal"
"10249.C032.19SS",555,32,"Vaginal"
"10249.C032.20SS",609,32,"Vaginal"
"10249.C004.01SS",0,4,"Cesarean"
"10249.C004.02SS",31,4,"Cesarean"
"10249.C004.03SS",55,4,"Cesarean"
"10249.C004.05SS",124,4,"Cesarean"
"10249.C004.12SS",278,4,"Cesarean"
"10249.C001.06SS",61,1,"Vaginal"
"10249.C001.07SS",92,1,"Vaginal"
"10249.C001.12SS",244,1,"Vaginal"
"10249.C001.29SS",488,1,"Vaginal"
"10249.C001.31SS",613,1,"Vaginal"
"10249.C034.06SS",119,34,"Cesarean"
"10249.C034.07SS",166,34,"Cesarean"
"10249.C034.08SS",183,34,"Cesarean"
"10249.C034.11SS",273,34,"Cesarean"
"10249.C034.16SS",483,34,"Cesarean"
"10249.C057.02SS",31,57,"Cesarean"
"10249.C057.03SS",62,57,"Cesarean"
"10249.C057.05SS",125,57,"Cesarean"
"10249.C057.06SS",157,57,"Cesarean"
"10249.C057.10SS",244,57,"Cesarean"
"10249.C041.01SS",0,41,"Vaginal"
"10249.C041.02SS",32,41,"Vaginal"
"10249.C041.04SS",96,41,"Vaginal"
"10249.C041.09SS",214,41,"Vaginal"
"10249.C041.10SS",232,41,"Vaginal"
"10249.C011.08SS",247,11,"Cesarean"
"10249.C011.12SS",373,11,"Cesarean"
"10249.C011.16SS",553,11,"Cesarean"
"10249.C011.17SS",610,11,"Cesarean"
"10249.C011.19SS",737,11,"Cesarean"
"10249.C010.01SS",2,10,"Vaginal"
"10249.C010.02SS",30,10,"Vaginal"
"10249.C010.07SS",123,10,"Vaginal"
"10249.C010.15SS",368,10,"Vaginal"
"10249.C010.20SS",737,10,"Vaginal"
"10249.C056.02SS",1,56,"Cesarean"
"10249.C056.05SS",65,56,"Cesarean"
"10249.C056.06SS",93,56,"Cesarean"
"10249.C056.08SS",153,56,"Cesarean"
"10249.C056.09SS",184,56,"Cesarean"
"10249.C014.01SS",1,14,"Vaginal"
"10249.C014.02SS",31,14,"Vaginal"
"10249.C014.15SS",426,14,"Vaginal"
"10249.C014.16SS",486,14,"Vaginal"
"10249.C014.17SS",549,14,"Vaginal"
"10249.C007.02SS",30,7,"Cesarean"
"10249.C007.03SS",49,7,"Cesarean"
"10249.C007.10SS",219,7,"Cesarean"
"10249.C007.15SS",303,7,"Cesarean"
"10249.C007.23SS",729,7,"Cesarean"
"10249.C021.01SS",1,21,"Cesarean"
"10249.C021.02SS",2,21,"Cesarean"
"10249.C021.07SS",245,21,"Cesarean"
"10249.C021.09SS",347,21,"Cesarean"
"10249.C021.12SS",499,21,"Cesarean"
"10249.C012.02SS",29,12,"Cesarean"
"10249.C012.13SS",305,12,"Cesarean"
"10249.C012.14SS",335,12,"Cesarean"
"10249.C012.18SS",560,12,"Cesarean"
"10249.C012.21SS",732,12,"Cesarean"
"10249.C022.03SS",63,22,"Vaginal"
"10249.C022.12SS",342,22,"Vaginal"
"10249.C022.15SS",489,22,"Vaginal"
"10249.C022.16SS",551,22,"Vaginal"
"10249.C022.18SS",671,22,"Vaginal"
"10249.C044.06SS",127,44,"Vaginal"
"10249.C044.08SS",186,44,"Vaginal"
"10249.C044.11SS",276,44,"Vaginal"
"10249.C044.15SS",424,44,"Vaginal"
"10249.C044.17SS",553,44,"Vaginal"
"10249.C035.02SS",31,35,"Vaginal"
"10249.C035.05SS",122,35,"Vaginal"
"10249.C035.14SS",427,35,"Vaginal"
"10249.C035.16SS",551,35,"Vaginal"
"10249.C035.17SS",608,35,"Vaginal"
"10249.C037.04SS",92,37,"Cesarean"
"10249.C037.09SS",253,37,"Cesarean"
"10249.C037.14SS",426,37,"Cesarean"
"10249.C037.17SS",612,37,"Cesarean"
"10249.C037.18SS",674,37,"Cesarean"
"10249.C005.03SS",43,5,"Cesarean"
"10249.C005.08SS",183,5,"Cesarean"
"10249.C005.12SS",304,5,"Cesarean"
"10249.C005.17SS",549,5,"Cesarean"
"10249.C005.19SS",667,5,"Cesarean"
"10249.C038.01SS",2,38,"Vaginal"
"10249.C038.02SS",33,38,"Vaginal"
"10249.C038.05SS",98,38,"Vaginal"
"10249.C038.06SS",123,38,"Vaginal"
"10249.C038.16SS",487,38,"Vaginal"
"10249.C053.02SS",30,53,"Cesarean"
"10249.C053.04SS",62,53,"Cesarean"
"10249.C053.05SS",95,53,"Cesarean"
"10249.C053.08SS",183,53,"Cesarean"
"10249.C053.09SS",214,53,"Cesarean"
"10249.C025.01SS",1,25,"Cesarean"
"10249.C025.07SS",158,25,"Cesarean"
"10249.C025.16SS",489,25,"Cesarean"
"10249.C025.17SS",548,25,"Cesarean"
"10249.C025.18SS",615,25,"Cesarean"
"10249.C002.03SS",53,2,"Cesarean"
"10249.C002.04SS",60,2,"Cesarean"
"10249.C002.08SS",190,2,"Cesarean"
"10249.C002.16SS",555,2,"Cesarean"
"10249.C002.19SS",731,2,"Cesarean"
"10249.C055.02SS",30,55,"Cesarean"
"10249.C055.04SS",64,55,"Cesarean"
"10249.C055.05SS",91,55,"Cesarean"
"10249.C055.06SS",120,55,"Cesarean"
"10249.C055.09SS",211,55,"Cesarean"
"10249.C031.02SS",32,31,"Vaginal"
"10249.C031.03SS",41,31,"Vaginal"
"10249.C031.08SS",184,31,"Vaginal"
"10249.C031.18SS",547,31,"Vaginal"
"10249.C031.20SS",666,31,"Vaginal"
"10249.C052.02SS",1,52,"Vaginal"
"10249.C052.04SS",62,52,"Vaginal"
"10249.C052.07SS",154,52,"Vaginal"
"10249.C052.08SS",188,52,"Vaginal"
"10249.C052.09SS",245,52,"Vaginal"
"10249.C049.01SS",4,49,"Vaginal"
"10249.C049.09SS",181,49,"Vaginal"
"10249.C049.11SS",243,49,"Vaginal"
"10249.C049.12SS",274,49,"Vaginal"
"10249.C049.13SS",305,49,"Vaginal"
"10249.C008.02SS",31,8,"Vaginal"
"10249.C008.05SS",159,8,"Vaginal"
"10249.C008.07SS",194,8,"Vaginal"
"10249.C008.12SS",364,8,"Vaginal"
"10249.C008.13SS",437,8,"Vaginal"
"10249.C016.05SS",64,16,"Vaginal"
"10249.C016.11SS",242,16,"Vaginal"
"10249.C016.14SS",333,16,"Vaginal"
"10249.C016.17SS",428,16,"Vaginal"
"10249.C016.19SS",549,16,"Vaginal"
"10249.C045.02SS",31,45,"Vaginal"
"10249.C045.09SS",245,45,"Vaginal"
"10249.C045.10SS",276,45,"Vaginal"
"10249.C045.11SS",304,45,"Vaginal"
"10249.C045.12SS",344,45,"Vaginal"
"10249.C047.05SS",94,47,"Cesarean"
"10249.C047.06SS",126,47,"Cesarean"
"10249.C047.08SS",185,47,"Cesarean"
"10249.C047.10SS",249,47,"Cesarean"
"10249.C047.13SS",347,47,"Cesarean"
