"","day_of_life","studyid","delivery"
"10249.C018.05SS",154,18,"Vaginal"
"10249.C018.06SS",189,18,"Vaginal"
"10249.C018.11SS",336,18,"Vaginal"
"10249.C018.14SS",489,18,"Vaginal"
"10249.C036.05SS",162,36,"Cesarean"
"10249.C036.08SS",243,36,"Cesarean"
"10249.C036.12SS",364,36,"Cesarean"
"10249.C036.16SS",610,36,"Cesarean"
"10249.C020.03SS",9,20,"Cesarean"
"10249.C020.04SS",11,20,"Cesarean"
"10249.C020.25SS",604,20,"Cesarean"
"10249.C020.26SS",670,20,"Cesarean"
"10249.C024.01SS",0,24,"Vaginal"
"10249.C024.09SS",182,24,"Vaginal"
"10249.C024.14SS",337,24,"Vaginal"
"10249.C024.19SS",611,24,"Vaginal"
"10249.C043.12SS",312,43,"Vaginal"
"10249.C043.14SS",364,43,"Vaginal"
"10249.C043.15SS",428,43,"Vaginal"
"10249.C043.18SS",555,43,"Vaginal"
"10249.C017.02SS",2,17,"Vaginal"
"10249.C017.04SS",32,17,"Vaginal"
"10249.C017.09SS",152,17,"Vaginal"
"10249.C017.11SS",216,17,"Vaginal"
"10249.C009.04SS",94,9,"Vaginal"
"10249.C009.05SS",122,9,"Vaginal"
"10249.C009.07SS",185,9,"Vaginal"
"10249.C009.18SS",681,9,"Vaginal"
"10249.C027.15SS",370,27,"Vaginal"
"10249.C027.16SS",429,27,"Vaginal"
"10249.C027.20SS",673,27,"Vaginal"
"10249.C027.21SS",736,27,"Vaginal"
"10249.C046.01SS",1,46,"Cesarean"
"10249.C046.05SS",124,46,"Cesarean"
"10249.C046.07SS",184,46,"Cesarean"
"10249.C046.13SS",366,46,"Cesarean"
"10249.C030.03SS",44,30,"Vaginal"
"10249.C030.04SS",61,30,"Vaginal"
"10249.C030.05SS",90,30,"Vaginal"
"10249.C030.19SS",606,30,"Vaginal"
"10249.C033.03SS",61,33,"Vaginal"
"10249.C033.05SS",147,33,"Vaginal"
"10249.C033.08SS",230,33,"Vaginal"
"10249.C033.14SS",365,33,"Vaginal"
"10249.C042.05SS",122,42,"Vaginal"
"10249.C042.13SS",374,42,"Vaginal"
"10249.C042.14SS",438,42,"Vaginal"
"10249.C042.16SS",557,42,"Vaginal"
"10249.C032.01SS",1,32,"Vaginal"
"10249.C032.16SS",422,32,"Vaginal"
"10249.C032.17SS",485,32,"Vaginal"
"10249.C032.21SS",674,32,"Vaginal"
"10249.C004.02SS",31,4,"Cesarean"
"10249.C004.11SS",266,4,"Cesarean"
"10249.C004.13SS",308,4,"Cesarean"
"10249.C004.14SS",340,4,"Cesarean"
"10249.C001.09SS",153,1,"Vaginal"
"10249.C001.15SS",300,1,"Vaginal"
"10249.C001.19SS",375,1,"Vaginal"
"10249.C001.20SS",378,1,"Vaginal"
"10249.C034.02SS",34,34,"Cesarean"
"10249.C034.05SS",90,34,"Cesarean"
"10249.C034.11SS",273,34,"Cesarean"
"10249.C034.17SS",539,34,"Cesarean"
"10249.C057.05SS",125,57,"Cesarean"
"10249.C057.06SS",157,57,"Cesarean"
"10249.C057.10SS",244,57,"Cesarean"
"10249.C057.11SS",277,57,"Cesarean"
"10249.C041.01SS",0,41,"Vaginal"
"10249.C041.05SS",126,41,"Vaginal"
"10249.C041.12SS",278,41,"Vaginal"
"10249.C041.19SS",618,41,"Vaginal"
"10249.C011.04SS",120,11,"Cesarean"
"10249.C011.06SS",187,11,"Cesarean"
"10249.C011.14SS",486,11,"Cesarean"
"10249.C011.18SS",676,11,"Cesarean"
"10249.C010.05SS",60,10,"Vaginal"
"10249.C010.08SS",152,10,"Vaginal"
"10249.C010.13SS",305,10,"Vaginal"
"10249.C010.15SS",368,10,"Vaginal"
"10249.C056.02SS",1,56,"Cesarean"
"10249.C056.04SS",31,56,"Cesarean"
"10249.C056.05SS",65,56,"Cesarean"
"10249.C056.10SS",215,56,"Cesarean"
"10249.C014.06SS",154,14,"Vaginal"
"10249.C014.16SS",486,14,"Vaginal"
"10249.C014.17SS",549,14,"Vaginal"
"10249.C014.18SS",614,14,"Vaginal"
"10249.C007.01SS",1,7,"Cesarean"
"10249.C007.04SS",66,7,"Cesarean"
"10249.C007.17SS",364,7,"Cesarean"
"10249.C007.20SS",551,7,"Cesarean"
"10249.C021.01SS",1,21,"Cesarean"
"10249.C021.06SS",188,21,"Cesarean"
"10249.C021.08SS",306,21,"Cesarean"
"10249.C021.13SS",559,21,"Cesarean"
"10249.C012.01SS",2,12,"Cesarean"
"10249.C012.08SS",154,12,"Cesarean"
"10249.C012.15SS",365,12,"Cesarean"
"10249.C012.20SS",675,12,"Cesarean"
"10249.C022.03SS",63,22,"Vaginal"
"10249.C022.11SS",304,22,"Vaginal"
"10249.C022.13SS",370,22,"Vaginal"
"10249.C022.18SS",671,22,"Vaginal"
"10249.C044.02SS",33,44,"Vaginal"
"10249.C044.05SS",92,44,"Vaginal"
"10249.C044.10SS",244,44,"Vaginal"
"10249.C044.12SS",307,44,"Vaginal"
"10249.C035.02SS",31,35,"Vaginal"
"10249.C035.03SS",61,35,"Vaginal"
"10249.C035.15SS",488,35,"Vaginal"
"10249.C035.16SS",551,35,"Vaginal"
"10249.C037.09SS",253,37,"Cesarean"
"10249.C037.12SS",335,37,"Cesarean"
"10249.C037.14SS",426,37,"Cesarean"
"10249.C037.18SS",674,37,"Cesarean"
"10249.C005.02SS",29,5,"Cesarean"
"10249.C005.09SS",213,5,"Cesarean"
"10249.C005.16SS",485,5,"Cesarean"
"10249.C005.19SS",667,5,"Cesarean"
"10249.C038.02SS",33,38,"Vaginal"
"10249.C038.04SS",61,38,"Vaginal"
"10249.C038.13SS",334,38,"Vaginal"
"10249.C038.15SS",428,38,"Vaginal"
"10249.C053.04SS",62,53,"Cesarean"
"10249.C053.05SS",95,53,"Cesarean"
"10249.C053.08SS",183,53,"Cesarean"
"10249.C053.09SS",214,53,"Cesarean"
"10249.C025.06SS",124,25,"Cesarean"
"10249.C025.07SS",158,25,"Cesarean"
"10249.C025.17SS",548,25,"Cesarean"
"10249.C025.18SS",615,25,"Cesarean"
"10249.C002.01SS",0,2,"Cesarean"
"10249.C002.04SS",60,2,"Cesarean"
"10249.C002.11SS",315,2,"Cesarean"
"10249.C002.16SS",555,2,"Cesarean"
"10249.C055.03SS",41,55,"Cesarean"
"10249.C055.05SS",91,55,"Cesarean"
"10249.C055.06SS",120,55,"Cesarean"
"10249.C055.09SS",211,55,"Cesarean"
"10249.C031.03SS",41,31,"Vaginal"
"10249.C031.09SS",210,31,"Vaginal"
"10249.C031.16SS",428,31,"Vaginal"
"10249.C031.20SS",666,31,"Vaginal"
"10249.C052.02SS",1,52,"Vaginal"
"10249.C052.04SS",62,52,"Vaginal"
"10249.C052.08SS",188,52,"Vaginal"
"10249.C052.09SS",245,52,"Vaginal"
"10249.C049.03SS",32,49,"Vaginal"
"10249.C049.04SS",60,49,"Vaginal"
"10249.C049.10SS",213,49,"Vaginal"
"10249.C049.14SS",337,49,"Vaginal"
"10249.C008.03SS",72,8,"Vaginal"
"10249.C008.04SS",126,8,"Vaginal"
"10249.C008.10SS",273,8,"Vaginal"
"10249.C008.15SS",552,8,"Vaginal"
"10249.C016.12SS",272,16,"Vaginal"
"10249.C016.13SS",303,16,"Vaginal"
"10249.C016.17SS",428,16,"Vaginal"
"10249.C016.20SS",608,16,"Vaginal"
"10249.C045.04SS",91,45,"Vaginal"
"10249.C045.05SS",120,45,"Vaginal"
"10249.C045.09SS",245,45,"Vaginal"
"10249.C045.10SS",276,45,"Vaginal"
"10249.C047.08SS",185,47,"Cesarean"
"10249.C047.10SS",249,47,"Cesarean"
"10249.C047.11SS",277,47,"Cesarean"
"10249.C047.13SS",347,47,"Cesarean"
