"","day_of_life","studyid","delivery"
"10249.C018.03SS",90,18,"Vaginal"
"10249.C018.16SS",606,18,"Vaginal"
"10249.C036.03SS",65,36,"Cesarean"
"10249.C036.09SS",276,36,"Cesarean"
"10249.C020.10SS",123,20,"Cesarean"
"10249.C020.24SS",599,20,"Cesarean"
"10249.C024.14SS",337,24,"Vaginal"
"10249.C024.18SS",551,24,"Vaginal"
"10249.C043.02SS",35,43,"Vaginal"
"10249.C043.09SS",245,43,"Vaginal"
"10249.C017.02SS",2,17,"Vaginal"
"10249.C017.07SS",91,17,"Vaginal"
"10249.C009.08SS",214,9,"Vaginal"
"10249.C009.19SS",739,9,"Vaginal"
"10249.C027.18SS",551,27,"Vaginal"
"10249.C027.20SS",673,27,"Vaginal"
"10249.C046.08SS",211,46,"Cesarean"
"10249.C046.13SS",366,46,"Cesarean"
"10249.C030.17SS",495,30,"Vaginal"
"10249.C030.18SS",554,30,"Vaginal"
"10249.C033.17SS",547,33,"Vaginal"
"10249.C033.19SS",670,33,"Vaginal"
"10249.C042.01SS",0,42,"Vaginal"
"10249.C042.13SS",374,42,"Vaginal"
"10249.C032.06SS",118,32,"Vaginal"
"10249.C032.16SS",422,32,"Vaginal"
"10249.C004.07SS",186,4,"Cesarean"
"10249.C004.15SS",366,4,"Cesarean"
"10249.C001.32SS",677,1,"Vaginal"
"10249.C001.34SS",733,1,"Vaginal"
"10249.C034.07SS",166,34,"Cesarean"
"10249.C034.17SS",539,34,"Cesarean"
"10249.C057.05SS",125,57,"Cesarean"
"10249.C057.10SS",244,57,"Cesarean"
"10249.C041.03SS",64,41,"Vaginal"
"10249.C041.04SS",96,41,"Vaginal"
"10249.C011.04SS",120,11,"Cesarean"
"10249.C011.19SS",737,11,"Cesarean"
"10249.C010.13SS",305,10,"Vaginal"
"10249.C010.14SS",337,10,"Vaginal"
"10249.C056.05SS",65,56,"Cesarean"
"10249.C056.09SS",184,56,"Cesarean"
"10249.C014.02SS",31,14,"Vaginal"
"10249.C014.03SS",71,14,"Vaginal"
"10249.C007.01SS",1,7,"Cesarean"
"10249.C007.04SS",66,7,"Cesarean"
"10249.C021.04SS",94,21,"Cesarean"
"10249.C021.08SS",306,21,"Cesarean"
"10249.C012.06SS",123,12,"Cesarean"
"10249.C012.22SS",739,12,"Cesarean"
"10249.C022.08SS",217,22,"Vaginal"
"10249.C022.18SS",671,22,"Vaginal"
"10249.C044.02SS",33,44,"Vaginal"
"10249.C044.15SS",424,44,"Vaginal"
"10249.C035.15SS",488,35,"Vaginal"
"10249.C035.16SS",551,35,"Vaginal"
"10249.C037.05SS",123,37,"Cesarean"
"10249.C037.14SS",426,37,"Cesarean"
"10249.C005.16SS",485,5,"Cesarean"
"10249.C005.17SS",549,5,"Cesarean"
"10249.C038.06SS",123,38,"Vaginal"
"10249.C038.07SS",153,38,"Vaginal"
"10249.C053.02SS",30,53,"Cesarean"
"10249.C053.03SS",45,53,"Cesarean"
"10249.C025.14SS",365,25,"Cesarean"
"10249.C025.20SS",734,25,"Cesarean"
"10249.C002.09SS",249,2,"Cesarean"
"10249.C002.16SS",555,2,"Cesarean"
"10249.C055.04SS",64,55,"Cesarean"
"10249.C055.07SS",155,55,"Cesarean"
"10249.C031.02SS",32,31,"Vaginal"
"10249.C031.13SS",341,31,"Vaginal"
"10249.C052.08SS",188,52,"Vaginal"
"10249.C052.09SS",245,52,"Vaginal"
"10249.C049.02SS",5,49,"Vaginal"
"10249.C049.13SS",305,49,"Vaginal"
"10249.C008.02SS",31,8,"Vaginal"
"10249.C008.07SS",194,8,"Vaginal"
"10249.C016.20SS",608,16,"Vaginal"
"10249.C016.22SS",733,16,"Vaginal"
"10249.C045.03SS",61,45,"Vaginal"
"10249.C045.04SS",91,45,"Vaginal"
"10249.C047.02SS",32,47,"Cesarean"
"10249.C047.13SS",347,47,"Cesarean"
