"","day_of_life","studyid","delivery"
"10249.C018.03SS",90,18,"Vaginal"
"10249.C018.04SS",125,18,"Vaginal"
"10249.C018.06SS",189,18,"Vaginal"
"10249.C018.12SS",373,18,"Vaginal"
"10249.C018.13SS",425,18,"Vaginal"
"10249.C018.14SS",489,18,"Vaginal"
"10249.C018.15SS",548,18,"Vaginal"
"10249.C036.01SS",0,36,"Cesarean"
"10249.C036.03SS",65,36,"Cesarean"
"10249.C036.04SS",126,36,"Cesarean"
"10249.C036.05SS",162,36,"Cesarean"
"10249.C036.13SS",425,36,"Cesarean"
"10249.C036.14SS",490,36,"Cesarean"
"10249.C036.15SS",559,36,"Cesarean"
"10249.C020.12SS",180,20,"Cesarean"
"10249.C020.14SS",243,20,"Cesarean"
"10249.C020.16SS",305,20,"Cesarean"
"10249.C020.22SS",593,20,"Cesarean"
"10249.C020.24SS",599,20,"Cesarean"
"10249.C020.25SS",604,20,"Cesarean"
"10249.C020.26SS",670,20,"Cesarean"
"10249.C024.04SS",61,24,"Vaginal"
"10249.C024.05SS",75,24,"Vaginal"
"10249.C024.06SS",86,24,"Vaginal"
"10249.C024.09SS",182,24,"Vaginal"
"10249.C024.19SS",611,24,"Vaginal"
"10249.C024.20SS",673,24,"Vaginal"
"10249.C024.21SS",734,24,"Vaginal"
"10249.C043.02SS",35,43,"Vaginal"
"10249.C043.04SS",96,43,"Vaginal"
"10249.C043.07SS",189,43,"Vaginal"
"10249.C043.08SS",217,43,"Vaginal"
"10249.C043.10SS",275,43,"Vaginal"
"10249.C043.12SS",312,43,"Vaginal"
"10249.C043.15SS",428,43,"Vaginal"
"10249.C017.01SS",0,17,"Vaginal"
"10249.C017.02SS",2,17,"Vaginal"
"10249.C017.04SS",32,17,"Vaginal"
"10249.C017.05SS",45,17,"Vaginal"
"10249.C017.07SS",91,17,"Vaginal"
"10249.C017.08SS",123,17,"Vaginal"
"10249.C017.12SS",247,17,"Vaginal"
"10249.C009.01SS",1,9,"Vaginal"
"10249.C009.03SS",64,9,"Vaginal"
"10249.C009.06SS",155,9,"Vaginal"
"10249.C009.09SS",246,9,"Vaginal"
"10249.C009.13SS",366,9,"Vaginal"
"10249.C009.16SS",555,9,"Vaginal"
"10249.C009.19SS",739,9,"Vaginal"
"10249.C027.01SS",1,27,"Vaginal"
"10249.C027.07SS",181,27,"Vaginal"
"10249.C027.10SS",275,27,"Vaginal"
"10249.C027.18SS",551,27,"Vaginal"
"10249.C027.19SS",607,27,"Vaginal"
"10249.C027.20SS",673,27,"Vaginal"
"10249.C027.21SS",736,27,"Vaginal"
"10249.C046.01SS",1,46,"Cesarean"
"10249.C046.04SS",93,46,"Cesarean"
"10249.C046.06SS",151,46,"Cesarean"
"10249.C046.07SS",184,46,"Cesarean"
"10249.C046.10SS",274,46,"Cesarean"
"10249.C046.11SS",306,46,"Cesarean"
"10249.C046.14SS",433,46,"Cesarean"
"10249.C030.01SS",0,30,"Vaginal"
"10249.C030.08SS",183,30,"Vaginal"
"10249.C030.09SS",214,30,"Vaginal"
"10249.C030.11SS",276,30,"Vaginal"
"10249.C030.17SS",495,30,"Vaginal"
"10249.C030.18SS",554,30,"Vaginal"
"10249.C030.19SS",606,30,"Vaginal"
"10249.C033.02SS",32,33,"Vaginal"
"10249.C033.06SS",180,33,"Vaginal"
"10249.C033.09SS",236,33,"Vaginal"
"10249.C033.14SS",365,33,"Vaginal"
"10249.C033.16SS",485,33,"Vaginal"
"10249.C033.17SS",547,33,"Vaginal"
"10249.C033.19SS",670,33,"Vaginal"
"10249.C042.01SS",0,42,"Vaginal"
"10249.C042.09SS",247,42,"Vaginal"
"10249.C042.11SS",310,42,"Vaginal"
"10249.C042.14SS",438,42,"Vaginal"
"10249.C042.15SS",493,42,"Vaginal"
"10249.C042.16SS",557,42,"Vaginal"
"10249.C042.17SS",616,42,"Vaginal"
"10249.C032.01SS",1,32,"Vaginal"
"10249.C032.03SS",52,32,"Vaginal"
"10249.C032.05SS",91,32,"Vaginal"
"10249.C032.10SS",246,32,"Vaginal"
"10249.C032.11SS",272,32,"Vaginal"
"10249.C032.16SS",422,32,"Vaginal"
"10249.C032.20SS",609,32,"Vaginal"
"10249.C004.01SS",0,4,"Cesarean"
"10249.C004.04SS",91,4,"Cesarean"
"10249.C004.06SS",154,4,"Cesarean"
"10249.C004.09SS",245,4,"Cesarean"
"10249.C004.11SS",266,4,"Cesarean"
"10249.C004.12SS",278,4,"Cesarean"
"10249.C004.15SS",366,4,"Cesarean"
"10249.C001.04SS",49,1,"Vaginal"
"10249.C001.11SS",214,1,"Vaginal"
"10249.C001.13SS",273,1,"Vaginal"
"10249.C001.14SS",294,1,"Vaginal"
"10249.C001.29SS",488,1,"Vaginal"
"10249.C001.31SS",613,1,"Vaginal"
"10249.C001.32SS",677,1,"Vaginal"
"10249.C034.04SS",63,34,"Cesarean"
"10249.C034.07SS",166,34,"Cesarean"
"10249.C034.10SS",243,34,"Cesarean"
"10249.C034.12SS",308,34,"Cesarean"
"10249.C034.13SS",335,34,"Cesarean"
"10249.C034.14SS",369,34,"Cesarean"
"10249.C034.15SS",424,34,"Cesarean"
"10249.C057.02SS",31,57,"Cesarean"
"10249.C057.04SS",91,57,"Cesarean"
"10249.C057.05SS",125,57,"Cesarean"
"10249.C057.06SS",157,57,"Cesarean"
"10249.C057.08SS",215,57,"Cesarean"
"10249.C057.09SS",238,57,"Cesarean"
"10249.C057.11SS",277,57,"Cesarean"
"10249.C041.01SS",0,41,"Vaginal"
"10249.C041.09SS",214,41,"Vaginal"
"10249.C041.10SS",232,41,"Vaginal"
"10249.C041.12SS",278,41,"Vaginal"
"10249.C041.14SS",339,41,"Vaginal"
"10249.C041.18SS",556,41,"Vaginal"
"10249.C041.19SS",618,41,"Vaginal"
"10249.C011.01SS",1,11,"Cesarean"
"10249.C011.02SS",36,11,"Cesarean"
"10249.C011.05SS",156,11,"Cesarean"
"10249.C011.14SS",486,11,"Cesarean"
"10249.C011.17SS",610,11,"Cesarean"
"10249.C011.18SS",676,11,"Cesarean"
"10249.C011.19SS",737,11,"Cesarean"
"10249.C010.02SS",30,10,"Vaginal"
"10249.C010.03SS",39,10,"Vaginal"
"10249.C010.06SS",93,10,"Vaginal"
"10249.C010.09SS",183,10,"Vaginal"
"10249.C010.10SS",219,10,"Vaginal"
"10249.C010.16SS",431,10,"Vaginal"
"10249.C010.20SS",737,10,"Vaginal"
"10249.C056.01SS",0,56,"Cesarean"
"10249.C056.04SS",31,56,"Cesarean"
"10249.C056.05SS",65,56,"Cesarean"
"10249.C056.06SS",93,56,"Cesarean"
"10249.C056.07SS",122,56,"Cesarean"
"10249.C056.08SS",153,56,"Cesarean"
"10249.C056.10SS",215,56,"Cesarean"
"10249.C014.02SS",31,14,"Vaginal"
"10249.C014.04SS",92,14,"Vaginal"
"10249.C014.09SS",239,14,"Vaginal"
"10249.C014.10SS",276,14,"Vaginal"
"10249.C014.17SS",549,14,"Vaginal"
"10249.C014.19SS",675,14,"Vaginal"
"10249.C014.20SS",737,14,"Vaginal"
"10249.C007.04SS",66,7,"Cesarean"
"10249.C007.05SS",93,7,"Cesarean"
"10249.C007.09SS",214,7,"Cesarean"
"10249.C007.12SS",258,7,"Cesarean"
"10249.C007.18SS",427,7,"Cesarean"
"10249.C007.21SS",608,7,"Cesarean"
"10249.C007.22SS",669,7,"Cesarean"
"10249.C021.01SS",1,21,"Cesarean"
"10249.C021.04SS",94,21,"Cesarean"
"10249.C021.06SS",188,21,"Cesarean"
"10249.C021.07SS",245,21,"Cesarean"
"10249.C021.08SS",306,21,"Cesarean"
"10249.C021.09SS",347,21,"Cesarean"
"10249.C021.12SS",499,21,"Cesarean"
"10249.C012.01SS",2,12,"Cesarean"
"10249.C012.06SS",123,12,"Cesarean"
"10249.C012.10SS",215,12,"Cesarean"
"10249.C012.14SS",335,12,"Cesarean"
"10249.C012.15SS",365,12,"Cesarean"
"10249.C012.17SS",490,12,"Cesarean"
"10249.C012.18SS",560,12,"Cesarean"
"10249.C022.02SS",32,22,"Vaginal"
"10249.C022.06SS",153,22,"Vaginal"
"10249.C022.07SS",182,22,"Vaginal"
"10249.C022.12SS",342,22,"Vaginal"
"10249.C022.13SS",370,22,"Vaginal"
"10249.C022.18SS",671,22,"Vaginal"
"10249.C022.19SS",737,22,"Vaginal"
"10249.C044.01SS",1,44,"Vaginal"
"10249.C044.04SS",62,44,"Vaginal"
"10249.C044.06SS",127,44,"Vaginal"
"10249.C044.09SS",222,44,"Vaginal"
"10249.C044.10SS",244,44,"Vaginal"
"10249.C044.15SS",424,44,"Vaginal"
"10249.C044.17SS",553,44,"Vaginal"
"10249.C035.04SS",91,35,"Vaginal"
"10249.C035.05SS",122,35,"Vaginal"
"10249.C035.08SS",214,35,"Vaginal"
"10249.C035.14SS",427,35,"Vaginal"
"10249.C035.15SS",488,35,"Vaginal"
"10249.C035.16SS",551,35,"Vaginal"
"10249.C035.17SS",608,35,"Vaginal"
"10249.C037.01SS",1,37,"Cesarean"
"10249.C037.04SS",92,37,"Cesarean"
"10249.C037.07SS",199,37,"Cesarean"
"10249.C037.08SS",215,37,"Cesarean"
"10249.C037.10SS",274,37,"Cesarean"
"10249.C037.11SS",307,37,"Cesarean"
"10249.C037.16SS",554,37,"Cesarean"
"10249.C005.01SS",1,5,"Cesarean"
"10249.C005.08SS",183,5,"Cesarean"
"10249.C005.11SS",276,5,"Cesarean"
"10249.C005.13SS",332,5,"Cesarean"
"10249.C005.16SS",485,5,"Cesarean"
"10249.C005.19SS",667,5,"Cesarean"
"10249.C005.20SS",735,5,"Cesarean"
"10249.C038.01SS",2,38,"Vaginal"
"10249.C038.06SS",123,38,"Vaginal"
"10249.C038.08SS",187,38,"Vaginal"
"10249.C038.09SS",215,38,"Vaginal"
"10249.C038.10SS",250,38,"Vaginal"
"10249.C038.15SS",428,38,"Vaginal"
"10249.C038.18SS",610,38,"Vaginal"
"10249.C053.02SS",30,53,"Cesarean"
"10249.C053.03SS",45,53,"Cesarean"
"10249.C053.04SS",62,53,"Cesarean"
"10249.C053.06SS",123,53,"Cesarean"
"10249.C053.07SS",153,53,"Cesarean"
"10249.C053.08SS",183,53,"Cesarean"
"10249.C053.09SS",214,53,"Cesarean"
"10249.C025.02SS",30,25,"Cesarean"
"10249.C025.04SS",60,25,"Cesarean"
"10249.C025.05SS",94,25,"Cesarean"
"10249.C025.11SS",280,25,"Cesarean"
"10249.C025.12SS",303,25,"Cesarean"
"10249.C025.17SS",548,25,"Cesarean"
"10249.C025.19SS",666,25,"Cesarean"
"10249.C002.05SS",89,2,"Cesarean"
"10249.C002.06SS",123,2,"Cesarean"
"10249.C002.11SS",315,2,"Cesarean"
"10249.C002.12SS",338,2,"Cesarean"
"10249.C002.13SS",369,2,"Cesarean"
"10249.C002.15SS",488,2,"Cesarean"
"10249.C002.16SS",555,2,"Cesarean"
"10249.C055.01SS",0,55,"Cesarean"
"10249.C055.02SS",30,55,"Cesarean"
"10249.C055.03SS",41,55,"Cesarean"
"10249.C055.04SS",64,55,"Cesarean"
"10249.C055.05SS",91,55,"Cesarean"
"10249.C055.06SS",120,55,"Cesarean"
"10249.C055.09SS",211,55,"Cesarean"
"10249.C031.01SS",0,31,"Vaginal"
"10249.C031.07SS",152,31,"Vaginal"
"10249.C031.08SS",184,31,"Vaginal"
"10249.C031.10SS",243,31,"Vaginal"
"10249.C031.12SS",307,31,"Vaginal"
"10249.C031.18SS",547,31,"Vaginal"
"10249.C031.20SS",666,31,"Vaginal"
"10249.C052.02SS",1,52,"Vaginal"
"10249.C052.03SS",32,52,"Vaginal"
"10249.C052.04SS",62,52,"Vaginal"
"10249.C052.06SS",127,52,"Vaginal"
"10249.C052.07SS",154,52,"Vaginal"
"10249.C052.08SS",188,52,"Vaginal"
"10249.C052.09SS",245,52,"Vaginal"
"10249.C049.03SS",32,49,"Vaginal"
"10249.C049.07SS",124,49,"Vaginal"
"10249.C049.09SS",181,49,"Vaginal"
"10249.C049.10SS",213,49,"Vaginal"
"10249.C049.11SS",243,49,"Vaginal"
"10249.C049.12SS",274,49,"Vaginal"
"10249.C049.13SS",305,49,"Vaginal"
"10249.C008.02SS",31,8,"Vaginal"
"10249.C008.03SS",72,8,"Vaginal"
"10249.C008.08SS",212,8,"Vaginal"
"10249.C008.11SS",308,8,"Vaginal"
"10249.C008.12SS",364,8,"Vaginal"
"10249.C008.13SS",437,8,"Vaginal"
"10249.C008.15SS",552,8,"Vaginal"
"10249.C016.01SS",1,16,"Vaginal"
"10249.C016.06SS",92,16,"Vaginal"
"10249.C016.09SS",180,16,"Vaginal"
"10249.C016.10SS",213,16,"Vaginal"
"10249.C016.15SS",366,16,"Vaginal"
"10249.C016.20SS",608,16,"Vaginal"
"10249.C016.22SS",733,16,"Vaginal"
"10249.C045.01SS",0,45,"Vaginal"
"10249.C045.02SS",31,45,"Vaginal"
"10249.C045.03SS",61,45,"Vaginal"
"10249.C045.08SS",213,45,"Vaginal"
"10249.C045.09SS",245,45,"Vaginal"
"10249.C045.10SS",276,45,"Vaginal"
"10249.C045.12SS",344,45,"Vaginal"
"10249.C047.06SS",126,47,"Cesarean"
"10249.C047.07SS",156,47,"Cesarean"
"10249.C047.08SS",185,47,"Cesarean"
"10249.C047.09SS",221,47,"Cesarean"
"10249.C047.10SS",249,47,"Cesarean"
"10249.C047.11SS",277,47,"Cesarean"
"10249.C047.13SS",347,47,"Cesarean"
