"","day_of_life","studyid","delivery"
"10249.C018.09SS",282,18,"Vaginal"
"10249.C018.12SS",373,18,"Vaginal"
"10249.C036.13SS",425,36,"Cesarean"
"10249.C036.15SS",559,36,"Cesarean"
"10249.C020.05SS",13,20,"Cesarean"
"10249.C020.08SS",69,20,"Cesarean"
"10249.C024.05SS",75,24,"Vaginal"
"10249.C024.07SS",129,24,"Vaginal"
"10249.C043.15SS",428,43,"Vaginal"
"10249.C043.18SS",555,43,"Vaginal"
"10249.C017.01SS",0,17,"Vaginal"
"10249.C017.04SS",32,17,"Vaginal"
"10249.C009.03SS",64,9,"Vaginal"
"10249.C009.17SS",613,9,"Vaginal"
"10249.C027.05SS",119,27,"Vaginal"
"10249.C027.18SS",551,27,"Vaginal"
"10249.C046.03SS",54,46,"Cesarean"
"10249.C046.13SS",366,46,"Cesarean"
"10249.C030.11SS",276,30,"Vaginal"
"10249.C030.17SS",495,30,"Vaginal"
"10249.C033.07SS",211,33,"Vaginal"
"10249.C033.11SS",272,33,"Vaginal"
"10249.C042.13SS",374,42,"Vaginal"
"10249.C042.15SS",493,42,"Vaginal"
"10249.C032.20SS",609,32,"Vaginal"
"10249.C032.22SS",734,32,"Vaginal"
"10249.C004.12SS",278,4,"Cesarean"
"10249.C004.14SS",340,4,"Cesarean"
"10249.C001.04SS",49,1,"Vaginal"
"10249.C001.06SS",61,1,"Vaginal"
"10249.C034.05SS",90,34,"Cesarean"
"10249.C034.07SS",166,34,"Cesarean"
"10249.C057.03SS",62,57,"Cesarean"
"10249.C057.11SS",277,57,"Cesarean"
"10249.C041.01SS",0,41,"Vaginal"
"10249.C041.10SS",232,41,"Vaginal"
"10249.C011.01SS",1,11,"Cesarean"
"10249.C011.18SS",676,11,"Cesarean"
"10249.C010.09SS",183,10,"Vaginal"
"10249.C010.14SS",337,10,"Vaginal"
"10249.C056.05SS",65,56,"Cesarean"
"10249.C056.07SS",122,56,"Cesarean"
"10249.C014.02SS",31,14,"Vaginal"
"10249.C014.13SS",368,14,"Vaginal"
"10249.C007.04SS",66,7,"Cesarean"
"10249.C007.23SS",729,7,"Cesarean"
"10249.C021.03SS",37,21,"Cesarean"
"10249.C021.12SS",499,21,"Cesarean"
"10249.C012.11SS",244,12,"Cesarean"
"10249.C012.19SS",609,12,"Cesarean"
"10249.C022.06SS",153,22,"Vaginal"
"10249.C022.19SS",737,22,"Vaginal"
"10249.C044.12SS",307,44,"Vaginal"
"10249.C044.17SS",553,44,"Vaginal"
"10249.C035.13SS",367,35,"Vaginal"
"10249.C035.15SS",488,35,"Vaginal"
"10249.C037.13SS",375,37,"Cesarean"
"10249.C037.15SS",497,37,"Cesarean"
"10249.C005.15SS",428,5,"Cesarean"
"10249.C005.20SS",735,5,"Cesarean"
"10249.C038.09SS",215,38,"Vaginal"
"10249.C038.13SS",334,38,"Vaginal"
"10249.C053.05SS",95,53,"Cesarean"
"10249.C053.07SS",153,53,"Cesarean"
"10249.C025.06SS",124,25,"Cesarean"
"10249.C025.09SS",211,25,"Cesarean"
"10249.C002.13SS",369,2,"Cesarean"
"10249.C002.18SS",678,2,"Cesarean"
"10249.C055.01SS",0,55,"Cesarean"
"10249.C055.05SS",91,55,"Cesarean"
"10249.C031.12SS",307,31,"Vaginal"
"10249.C031.18SS",547,31,"Vaginal"
"10249.C052.03SS",32,52,"Vaginal"
"10249.C052.04SS",62,52,"Vaginal"
"10249.C049.10SS",213,49,"Vaginal"
"10249.C049.12SS",274,49,"Vaginal"
"10249.C008.05SS",159,8,"Vaginal"
"10249.C008.10SS",273,8,"Vaginal"
"10249.C016.03SS",31,16,"Vaginal"
"10249.C016.22SS",733,16,"Vaginal"
"10249.C045.05SS",120,45,"Vaginal"
"10249.C045.12SS",344,45,"Vaginal"
"10249.C047.02SS",32,47,"Cesarean"
"10249.C047.06SS",126,47,"Cesarean"
