"","day_of_life","studyid","delivery"
"10249.C018.01SS",2,18,"Vaginal"
"10249.C018.08SS",244,18,"Vaginal"
"10249.C018.13SS",425,18,"Vaginal"
"10249.C018.15SS",548,18,"Vaginal"
"10249.C018.17SS",732,18,"Vaginal"
"10249.C036.03SS",65,36,"Cesarean"
"10249.C036.05SS",162,36,"Cesarean"
"10249.C036.12SS",364,36,"Cesarean"
"10249.C036.13SS",425,36,"Cesarean"
"10249.C036.15SS",559,36,"Cesarean"
"10249.C020.03SS",9,20,"Cesarean"
"10249.C020.12SS",180,20,"Cesarean"
"10249.C020.16SS",305,20,"Cesarean"
"10249.C020.24SS",599,20,"Cesarean"
"10249.C020.25SS",604,20,"Cesarean"
"10249.C024.03SS",43,24,"Vaginal"
"10249.C024.10SS",213,24,"Vaginal"
"10249.C024.17SS",490,24,"Vaginal"
"10249.C024.18SS",551,24,"Vaginal"
"10249.C024.20SS",673,24,"Vaginal"
"10249.C043.04SS",96,43,"Vaginal"
"10249.C043.11SS",306,43,"Vaginal"
"10249.C043.16SS",490,43,"Vaginal"
"10249.C043.17SS",550,43,"Vaginal"
"10249.C043.18SS",555,43,"Vaginal"
"10249.C017.05SS",45,17,"Vaginal"
"10249.C017.07SS",91,17,"Vaginal"
"10249.C017.08SS",123,17,"Vaginal"
"10249.C017.11SS",216,17,"Vaginal"
"10249.C017.12SS",247,17,"Vaginal"
"10249.C009.05SS",122,9,"Vaginal"
"10249.C009.11SS",305,9,"Vaginal"
"10249.C009.13SS",366,9,"Vaginal"
"10249.C009.17SS",613,9,"Vaginal"
"10249.C009.19SS",739,9,"Vaginal"
"10249.C027.01SS",1,27,"Vaginal"
"10249.C027.04SS",91,27,"Vaginal"
"10249.C027.05SS",119,27,"Vaginal"
"10249.C027.14SS",338,27,"Vaginal"
"10249.C027.16SS",429,27,"Vaginal"
"10249.C046.03SS",54,46,"Cesarean"
"10249.C046.05SS",124,46,"Cesarean"
"10249.C046.06SS",151,46,"Cesarean"
"10249.C046.07SS",184,46,"Cesarean"
"10249.C046.13SS",366,46,"Cesarean"
"10249.C030.09SS",214,30,"Vaginal"
"10249.C030.17SS",495,30,"Vaginal"
"10249.C030.18SS",554,30,"Vaginal"
"10249.C030.19SS",606,30,"Vaginal"
"10249.C030.20SS",674,30,"Vaginal"
"10249.C033.03SS",61,33,"Vaginal"
"10249.C033.06SS",180,33,"Vaginal"
"10249.C033.11SS",272,33,"Vaginal"
"10249.C033.15SS",427,33,"Vaginal"
"10249.C033.18SS",608,33,"Vaginal"
"10249.C042.04SS",91,42,"Vaginal"
"10249.C042.06SS",154,42,"Vaginal"
"10249.C042.09SS",247,42,"Vaginal"
"10249.C042.13SS",374,42,"Vaginal"
"10249.C042.17SS",616,42,"Vaginal"
"10249.C032.10SS",246,32,"Vaginal"
"10249.C032.14SS",342,32,"Vaginal"
"10249.C032.16SS",422,32,"Vaginal"
"10249.C032.21SS",674,32,"Vaginal"
"10249.C032.22SS",734,32,"Vaginal"
"10249.C004.05SS",124,4,"Cesarean"
"10249.C004.06SS",154,4,"Cesarean"
"10249.C004.07SS",186,4,"Cesarean"
"10249.C004.13SS",308,4,"Cesarean"
"10249.C004.14SS",340,4,"Cesarean"
"10249.C001.15SS",300,1,"Vaginal"
"10249.C001.16SS",307,1,"Vaginal"
"10249.C001.17SS",337,1,"Vaginal"
"10249.C001.19SS",375,1,"Vaginal"
"10249.C001.26SS",427,1,"Vaginal"
"10249.C034.01SS",1,34,"Cesarean"
"10249.C034.10SS",243,34,"Cesarean"
"10249.C034.13SS",335,34,"Cesarean"
"10249.C034.15SS",424,34,"Cesarean"
"10249.C034.16SS",483,34,"Cesarean"
"10249.C057.04SS",91,57,"Cesarean"
"10249.C057.05SS",125,57,"Cesarean"
"10249.C057.06SS",157,57,"Cesarean"
"10249.C057.08SS",215,57,"Cesarean"
"10249.C057.10SS",244,57,"Cesarean"
"10249.C041.03SS",64,41,"Vaginal"
"10249.C041.06SS",157,41,"Vaginal"
"10249.C041.17SS",488,41,"Vaginal"
"10249.C041.18SS",556,41,"Vaginal"
"10249.C041.19SS",618,41,"Vaginal"
"10249.C011.04SS",120,11,"Cesarean"
"10249.C011.07SS",210,11,"Cesarean"
"10249.C011.08SS",247,11,"Cesarean"
"10249.C011.17SS",610,11,"Cesarean"
"10249.C011.18SS",676,11,"Cesarean"
"10249.C010.09SS",183,10,"Vaginal"
"10249.C010.10SS",219,10,"Vaginal"
"10249.C010.14SS",337,10,"Vaginal"
"10249.C010.16SS",431,10,"Vaginal"
"10249.C010.18SS",613,10,"Vaginal"
"10249.C056.01SS",0,56,"Cesarean"
"10249.C056.02SS",1,56,"Cesarean"
"10249.C056.05SS",65,56,"Cesarean"
"10249.C056.07SS",122,56,"Cesarean"
"10249.C056.10SS",215,56,"Cesarean"
"10249.C014.02SS",31,14,"Vaginal"
"10249.C014.09SS",239,14,"Vaginal"
"10249.C014.10SS",276,14,"Vaginal"
"10249.C014.15SS",426,14,"Vaginal"
"10249.C014.17SS",549,14,"Vaginal"
"10249.C007.01SS",1,7,"Cesarean"
"10249.C007.18SS",427,7,"Cesarean"
"10249.C007.19SS",490,7,"Cesarean"
"10249.C007.20SS",551,7,"Cesarean"
"10249.C007.21SS",608,7,"Cesarean"
"10249.C021.01SS",1,21,"Cesarean"
"10249.C021.02SS",2,21,"Cesarean"
"10249.C021.06SS",188,21,"Cesarean"
"10249.C021.07SS",245,21,"Cesarean"
"10249.C021.12SS",499,21,"Cesarean"
"10249.C012.03SS",40,12,"Cesarean"
"10249.C012.04SS",62,12,"Cesarean"
"10249.C012.10SS",215,12,"Cesarean"
"10249.C012.16SS",426,12,"Cesarean"
"10249.C012.21SS",732,12,"Cesarean"
"10249.C022.01SS",0,22,"Vaginal"
"10249.C022.02SS",32,22,"Vaginal"
"10249.C022.10SS",273,22,"Vaginal"
"10249.C022.15SS",489,22,"Vaginal"
"10249.C022.18SS",671,22,"Vaginal"
"10249.C044.02SS",33,44,"Vaginal"
"10249.C044.07SS",155,44,"Vaginal"
"10249.C044.08SS",186,44,"Vaginal"
"10249.C044.13SS",334,44,"Vaginal"
"10249.C044.17SS",553,44,"Vaginal"
"10249.C035.04SS",91,35,"Vaginal"
"10249.C035.05SS",122,35,"Vaginal"
"10249.C035.09SS",244,35,"Vaginal"
"10249.C035.12SS",334,35,"Vaginal"
"10249.C035.14SS",427,35,"Vaginal"
"10249.C037.01SS",1,37,"Cesarean"
"10249.C037.09SS",253,37,"Cesarean"
"10249.C037.13SS",375,37,"Cesarean"
"10249.C037.14SS",426,37,"Cesarean"
"10249.C037.15SS",497,37,"Cesarean"
"10249.C005.02SS",29,5,"Cesarean"
"10249.C005.04SS",63,5,"Cesarean"
"10249.C005.15SS",428,5,"Cesarean"
"10249.C005.16SS",485,5,"Cesarean"
"10249.C005.18SS",612,5,"Cesarean"
"10249.C038.01SS",2,38,"Vaginal"
"10249.C038.06SS",123,38,"Vaginal"
"10249.C038.09SS",215,38,"Vaginal"
"10249.C038.14SS",365,38,"Vaginal"
"10249.C038.18SS",610,38,"Vaginal"
"10249.C053.02SS",30,53,"Cesarean"
"10249.C053.06SS",123,53,"Cesarean"
"10249.C053.07SS",153,53,"Cesarean"
"10249.C053.08SS",183,53,"Cesarean"
"10249.C053.09SS",214,53,"Cesarean"
"10249.C025.12SS",303,25,"Cesarean"
"10249.C025.17SS",548,25,"Cesarean"
"10249.C025.18SS",615,25,"Cesarean"
"10249.C025.19SS",666,25,"Cesarean"
"10249.C025.20SS",734,25,"Cesarean"
"10249.C002.09SS",249,2,"Cesarean"
"10249.C002.13SS",369,2,"Cesarean"
"10249.C002.15SS",488,2,"Cesarean"
"10249.C002.18SS",678,2,"Cesarean"
"10249.C002.19SS",731,2,"Cesarean"
"10249.C055.03SS",41,55,"Cesarean"
"10249.C055.06SS",120,55,"Cesarean"
"10249.C055.07SS",155,55,"Cesarean"
"10249.C055.08SS",183,55,"Cesarean"
"10249.C055.09SS",211,55,"Cesarean"
"10249.C031.02SS",32,31,"Vaginal"
"10249.C031.05SS",89,31,"Vaginal"
"10249.C031.17SS",491,31,"Vaginal"
"10249.C031.19SS",618,31,"Vaginal"
"10249.C031.20SS",666,31,"Vaginal"
"10249.C052.02SS",1,52,"Vaginal"
"10249.C052.03SS",32,52,"Vaginal"
"10249.C052.06SS",127,52,"Vaginal"
"10249.C052.07SS",154,52,"Vaginal"
"10249.C052.08SS",188,52,"Vaginal"
"10249.C049.01SS",4,49,"Vaginal"
"10249.C049.04SS",60,49,"Vaginal"
"10249.C049.07SS",124,49,"Vaginal"
"10249.C049.08SS",154,49,"Vaginal"
"10249.C049.12SS",274,49,"Vaginal"
"10249.C008.05SS",159,8,"Vaginal"
"10249.C008.07SS",194,8,"Vaginal"
"10249.C008.10SS",273,8,"Vaginal"
"10249.C008.13SS",437,8,"Vaginal"
"10249.C008.15SS",552,8,"Vaginal"
"10249.C016.06SS",92,16,"Vaginal"
"10249.C016.09SS",180,16,"Vaginal"
"10249.C016.13SS",303,16,"Vaginal"
"10249.C016.19SS",549,16,"Vaginal"
"10249.C016.20SS",608,16,"Vaginal"
"10249.C045.02SS",31,45,"Vaginal"
"10249.C045.03SS",61,45,"Vaginal"
"10249.C045.05SS",120,45,"Vaginal"
"10249.C045.08SS",213,45,"Vaginal"
"10249.C045.11SS",304,45,"Vaginal"
"10249.C047.02SS",32,47,"Cesarean"
"10249.C047.05SS",94,47,"Cesarean"
"10249.C047.07SS",156,47,"Cesarean"
"10249.C047.09SS",221,47,"Cesarean"
"10249.C047.10SS",249,47,"Cesarean"
