"","day_of_life","studyid","delivery"
"10249.C018.10SS",312,18,"Vaginal"
"10249.C018.14SS",489,18,"Vaginal"
"10249.C018.16SS",606,18,"Vaginal"
"10249.C018.17SS",732,18,"Vaginal"
"10249.C036.01SS",0,36,"Cesarean"
"10249.C036.13SS",425,36,"Cesarean"
"10249.C036.14SS",490,36,"Cesarean"
"10249.C036.16SS",610,36,"Cesarean"
"10249.C020.07SS",33,20,"Cesarean"
"10249.C020.14SS",243,20,"Cesarean"
"10249.C020.15SS",273,20,"Cesarean"
"10249.C020.26SS",670,20,"Cesarean"
"10249.C024.03SS",43,24,"Vaginal"
"10249.C024.15SS",373,24,"Vaginal"
"10249.C024.16SS",416,24,"Vaginal"
"10249.C024.17SS",490,24,"Vaginal"
"10249.C043.03SS",61,43,"Vaginal"
"10249.C043.07SS",189,43,"Vaginal"
"10249.C043.16SS",490,43,"Vaginal"
"10249.C043.20SS",616,43,"Vaginal"
"10249.C017.01SS",0,17,"Vaginal"
"10249.C017.06SS",63,17,"Vaginal"
"10249.C017.09SS",152,17,"Vaginal"
"10249.C017.11SS",216,17,"Vaginal"
"10249.C009.03SS",64,9,"Vaginal"
"10249.C009.13SS",366,9,"Vaginal"
"10249.C009.14SS",429,9,"Vaginal"
"10249.C009.19SS",739,9,"Vaginal"
"10249.C027.06SS",155,27,"Vaginal"
"10249.C027.15SS",370,27,"Vaginal"
"10249.C027.18SS",551,27,"Vaginal"
"10249.C027.20SS",673,27,"Vaginal"
"10249.C046.01SS",1,46,"Cesarean"
"10249.C046.04SS",93,46,"Cesarean"
"10249.C046.13SS",366,46,"Cesarean"
"10249.C046.14SS",433,46,"Cesarean"
"10249.C030.09SS",214,30,"Vaginal"
"10249.C030.11SS",276,30,"Vaginal"
"10249.C030.16SS",429,30,"Vaginal"
"10249.C030.17SS",495,30,"Vaginal"
"10249.C033.01SS",0,33,"Vaginal"
"10249.C033.06SS",180,33,"Vaginal"
"10249.C033.08SS",230,33,"Vaginal"
"10249.C033.16SS",485,33,"Vaginal"
"10249.C042.05SS",122,42,"Vaginal"
"10249.C042.11SS",310,42,"Vaginal"
"10249.C042.12SS",337,42,"Vaginal"
"10249.C042.16SS",557,42,"Vaginal"
"10249.C032.05SS",91,32,"Vaginal"
"10249.C032.09SS",209,32,"Vaginal"
"10249.C032.11SS",272,32,"Vaginal"
"10249.C032.19SS",555,32,"Vaginal"
"10249.C004.05SS",124,4,"Cesarean"
"10249.C004.06SS",154,4,"Cesarean"
"10249.C004.08SS",214,4,"Cesarean"
"10249.C004.15SS",366,4,"Cesarean"
"10249.C001.06SS",61,1,"Vaginal"
"10249.C001.17SS",337,1,"Vaginal"
"10249.C001.29SS",488,1,"Vaginal"
"10249.C001.32SS",677,1,"Vaginal"
"10249.C034.01SS",1,34,"Cesarean"
"10249.C034.06SS",119,34,"Cesarean"
"10249.C034.07SS",166,34,"Cesarean"
"10249.C034.16SS",483,34,"Cesarean"
"10249.C057.02SS",31,57,"Cesarean"
"10249.C057.03SS",62,57,"Cesarean"
"10249.C057.08SS",215,57,"Cesarean"
"10249.C057.09SS",238,57,"Cesarean"
"10249.C041.08SS",186,41,"Vaginal"
"10249.C041.14SS",339,41,"Vaginal"
"10249.C041.16SS",424,41,"Vaginal"
"10249.C041.17SS",488,41,"Vaginal"
"10249.C011.03SS",65,11,"Cesarean"
"10249.C011.04SS",120,11,"Cesarean"
"10249.C011.10SS",303,11,"Cesarean"
"10249.C011.17SS",610,11,"Cesarean"
"10249.C010.06SS",93,10,"Vaginal"
"10249.C010.07SS",123,10,"Vaginal"
"10249.C010.12SS",275,10,"Vaginal"
"10249.C010.19SS",677,10,"Vaginal"
"10249.C056.01SS",0,56,"Cesarean"
"10249.C056.05SS",65,56,"Cesarean"
"10249.C056.06SS",93,56,"Cesarean"
"10249.C056.09SS",184,56,"Cesarean"
"10249.C014.07SS",184,14,"Vaginal"
"10249.C014.09SS",239,14,"Vaginal"
"10249.C014.13SS",368,14,"Vaginal"
"10249.C014.15SS",426,14,"Vaginal"
"10249.C007.05SS",93,7,"Cesarean"
"10249.C007.11SS",243,7,"Cesarean"
"10249.C007.19SS",490,7,"Cesarean"
"10249.C007.21SS",608,7,"Cesarean"
"10249.C021.02SS",2,21,"Cesarean"
"10249.C021.04SS",94,21,"Cesarean"
"10249.C021.05SS",161,21,"Cesarean"
"10249.C021.13SS",559,21,"Cesarean"
"10249.C012.02SS",29,12,"Cesarean"
"10249.C012.09SS",188,12,"Cesarean"
"10249.C012.10SS",215,12,"Cesarean"
"10249.C012.21SS",732,12,"Cesarean"
"10249.C022.02SS",32,22,"Vaginal"
"10249.C022.04SS",96,22,"Vaginal"
"10249.C022.15SS",489,22,"Vaginal"
"10249.C022.19SS",737,22,"Vaginal"
"10249.C044.06SS",127,44,"Vaginal"
"10249.C044.12SS",307,44,"Vaginal"
"10249.C044.16SS",497,44,"Vaginal"
"10249.C044.17SS",553,44,"Vaginal"
"10249.C035.02SS",31,35,"Vaginal"
"10249.C035.04SS",91,35,"Vaginal"
"10249.C035.14SS",427,35,"Vaginal"
"10249.C035.17SS",608,35,"Vaginal"
"10249.C037.13SS",375,37,"Cesarean"
"10249.C037.14SS",426,37,"Cesarean"
"10249.C037.16SS",554,37,"Cesarean"
"10249.C037.17SS",612,37,"Cesarean"
"10249.C005.11SS",276,5,"Cesarean"
"10249.C005.14SS",367,5,"Cesarean"
"10249.C005.17SS",549,5,"Cesarean"
"10249.C005.18SS",612,5,"Cesarean"
"10249.C038.09SS",215,38,"Vaginal"
"10249.C038.11SS",278,38,"Vaginal"
"10249.C038.14SS",365,38,"Vaginal"
"10249.C038.18SS",610,38,"Vaginal"
"10249.C053.02SS",30,53,"Cesarean"
"10249.C053.03SS",45,53,"Cesarean"
"10249.C053.07SS",153,53,"Cesarean"
"10249.C053.08SS",183,53,"Cesarean"
"10249.C025.05SS",94,25,"Cesarean"
"10249.C025.06SS",124,25,"Cesarean"
"10249.C025.12SS",303,25,"Cesarean"
"10249.C025.17SS",548,25,"Cesarean"
"10249.C002.03SS",53,2,"Cesarean"
"10249.C002.06SS",123,2,"Cesarean"
"10249.C002.09SS",249,2,"Cesarean"
"10249.C002.19SS",731,2,"Cesarean"
"10249.C055.03SS",41,55,"Cesarean"
"10249.C055.06SS",120,55,"Cesarean"
"10249.C055.08SS",183,55,"Cesarean"
"10249.C055.09SS",211,55,"Cesarean"
"10249.C031.16SS",428,31,"Vaginal"
"10249.C031.17SS",491,31,"Vaginal"
"10249.C031.20SS",666,31,"Vaginal"
"10249.C031.21SS",729,31,"Vaginal"
"10249.C052.02SS",1,52,"Vaginal"
"10249.C052.03SS",32,52,"Vaginal"
"10249.C052.04SS",62,52,"Vaginal"
"10249.C052.09SS",245,52,"Vaginal"
"10249.C049.03SS",32,49,"Vaginal"
"10249.C049.04SS",60,49,"Vaginal"
"10249.C049.09SS",181,49,"Vaginal"
"10249.C049.13SS",305,49,"Vaginal"
"10249.C008.02SS",31,8,"Vaginal"
"10249.C008.09SS",250,8,"Vaginal"
"10249.C008.13SS",437,8,"Vaginal"
"10249.C008.14SS",490,8,"Vaginal"
"10249.C016.04SS",45,16,"Vaginal"
"10249.C016.14SS",333,16,"Vaginal"
"10249.C016.18SS",489,16,"Vaginal"
"10249.C016.19SS",549,16,"Vaginal"
"10249.C045.01SS",0,45,"Vaginal"
"10249.C045.02SS",31,45,"Vaginal"
"10249.C045.06SS",154,45,"Vaginal"
"10249.C045.11SS",304,45,"Vaginal"
"10249.C047.06SS",126,47,"Cesarean"
"10249.C047.09SS",221,47,"Cesarean"
"10249.C047.10SS",249,47,"Cesarean"
"10249.C047.13SS",347,47,"Cesarean"
