"","day_of_life","studyid","delivery"
"10249.C018.04SS",125,18,"Vaginal"
"10249.C018.09SS",282,18,"Vaginal"
"10249.C018.17SS",732,18,"Vaginal"
"10249.C036.05SS",162,36,"Cesarean"
"10249.C036.11SS",334,36,"Cesarean"
"10249.C036.14SS",490,36,"Cesarean"
"10249.C020.05SS",13,20,"Cesarean"
"10249.C020.23SS",594,20,"Cesarean"
"10249.C020.25SS",604,20,"Cesarean"
"10249.C024.07SS",129,24,"Vaginal"
"10249.C024.20SS",673,24,"Vaginal"
"10249.C024.21SS",734,24,"Vaginal"
"10249.C043.15SS",428,43,"Vaginal"
"10249.C043.16SS",490,43,"Vaginal"
"10249.C043.20SS",616,43,"Vaginal"
"10249.C017.01SS",0,17,"Vaginal"
"10249.C017.07SS",91,17,"Vaginal"
"10249.C017.09SS",152,17,"Vaginal"
"10249.C009.02SS",31,9,"Vaginal"
"10249.C009.03SS",64,9,"Vaginal"
"10249.C009.18SS",681,9,"Vaginal"
"10249.C027.04SS",91,27,"Vaginal"
"10249.C027.15SS",370,27,"Vaginal"
"10249.C027.21SS",736,27,"Vaginal"
"10249.C046.01SS",1,46,"Cesarean"
"10249.C046.02SS",31,46,"Cesarean"
"10249.C046.13SS",366,46,"Cesarean"
"10249.C030.04SS",61,30,"Vaginal"
"10249.C030.10SS",243,30,"Vaginal"
"10249.C030.17SS",495,30,"Vaginal"
"10249.C033.12SS",305,33,"Vaginal"
"10249.C033.15SS",427,33,"Vaginal"
"10249.C033.18SS",608,33,"Vaginal"
"10249.C042.04SS",91,42,"Vaginal"
"10249.C042.08SS",216,42,"Vaginal"
"10249.C042.16SS",557,42,"Vaginal"
"10249.C032.03SS",52,32,"Vaginal"
"10249.C032.17SS",485,32,"Vaginal"
"10249.C032.21SS",674,32,"Vaginal"
"10249.C004.02SS",31,4,"Cesarean"
"10249.C004.04SS",91,4,"Cesarean"
"10249.C004.13SS",308,4,"Cesarean"
"10249.C001.25SS",411,1,"Vaginal"
"10249.C001.31SS",613,1,"Vaginal"
"10249.C001.34SS",733,1,"Vaginal"
"10249.C034.06SS",119,34,"Cesarean"
"10249.C034.10SS",243,34,"Cesarean"
"10249.C034.16SS",483,34,"Cesarean"
"10249.C057.02SS",31,57,"Cesarean"
"10249.C057.08SS",215,57,"Cesarean"
"10249.C057.10SS",244,57,"Cesarean"
"10249.C041.12SS",278,41,"Vaginal"
"10249.C041.13SS",310,41,"Vaginal"
"10249.C041.19SS",618,41,"Vaginal"
"10249.C011.07SS",210,11,"Cesarean"
"10249.C011.09SS",273,11,"Cesarean"
"10249.C011.18SS",676,11,"Cesarean"
"10249.C010.09SS",183,10,"Vaginal"
"10249.C010.16SS",431,10,"Vaginal"
"10249.C010.19SS",677,10,"Vaginal"
"10249.C056.01SS",0,56,"Cesarean"
"10249.C056.04SS",31,56,"Cesarean"
"10249.C056.08SS",153,56,"Cesarean"
"10249.C014.04SS",92,14,"Vaginal"
"10249.C014.07SS",184,14,"Vaginal"
"10249.C014.15SS",426,14,"Vaginal"
"10249.C007.12SS",258,7,"Cesarean"
"10249.C007.14SS",274,7,"Cesarean"
"10249.C007.21SS",608,7,"Cesarean"
"10249.C021.03SS",37,21,"Cesarean"
"10249.C021.09SS",347,21,"Cesarean"
"10249.C021.13SS",559,21,"Cesarean"
"10249.C012.12SS",272,12,"Cesarean"
"10249.C012.18SS",560,12,"Cesarean"
"10249.C012.21SS",732,12,"Cesarean"
"10249.C022.13SS",370,22,"Vaginal"
"10249.C022.16SS",551,22,"Vaginal"
"10249.C022.18SS",671,22,"Vaginal"
"10249.C044.05SS",92,44,"Vaginal"
"10249.C044.06SS",127,44,"Vaginal"
"10249.C044.15SS",424,44,"Vaginal"
"10249.C035.11SS",307,35,"Vaginal"
"10249.C035.12SS",334,35,"Vaginal"
"10249.C035.17SS",608,35,"Vaginal"
"10249.C037.01SS",1,37,"Cesarean"
"10249.C037.07SS",199,37,"Cesarean"
"10249.C037.15SS",497,37,"Cesarean"
"10249.C005.01SS",1,5,"Cesarean"
"10249.C005.10SS",245,5,"Cesarean"
"10249.C005.20SS",735,5,"Cesarean"
"10249.C038.08SS",187,38,"Vaginal"
"10249.C038.09SS",215,38,"Vaginal"
"10249.C038.13SS",334,38,"Vaginal"
"10249.C053.02SS",30,53,"Cesarean"
"10249.C053.04SS",62,53,"Cesarean"
"10249.C053.08SS",183,53,"Cesarean"
"10249.C025.05SS",94,25,"Cesarean"
"10249.C025.16SS",489,25,"Cesarean"
"10249.C025.18SS",615,25,"Cesarean"
"10249.C002.05SS",89,2,"Cesarean"
"10249.C002.07SS",158,2,"Cesarean"
"10249.C002.12SS",338,2,"Cesarean"
"10249.C055.03SS",41,55,"Cesarean"
"10249.C055.07SS",155,55,"Cesarean"
"10249.C055.09SS",211,55,"Cesarean"
"10249.C031.12SS",307,31,"Vaginal"
"10249.C031.13SS",341,31,"Vaginal"
"10249.C031.20SS",666,31,"Vaginal"
"10249.C052.02SS",1,52,"Vaginal"
"10249.C052.07SS",154,52,"Vaginal"
"10249.C052.08SS",188,52,"Vaginal"
"10249.C049.02SS",5,49,"Vaginal"
"10249.C049.04SS",60,49,"Vaginal"
"10249.C049.12SS",274,49,"Vaginal"
"10249.C008.01SS",1,8,"Vaginal"
"10249.C008.13SS",437,8,"Vaginal"
"10249.C008.15SS",552,8,"Vaginal"
"10249.C016.17SS",428,16,"Vaginal"
"10249.C016.21SS",672,16,"Vaginal"
"10249.C016.22SS",733,16,"Vaginal"
"10249.C045.05SS",120,45,"Vaginal"
"10249.C045.08SS",213,45,"Vaginal"
"10249.C045.11SS",304,45,"Vaginal"
"10249.C047.05SS",94,47,"Cesarean"
"10249.C047.06SS",126,47,"Cesarean"
"10249.C047.13SS",347,47,"Cesarean"
