"","day_of_life","studyid","delivery"
"10249.C018.05SS",154,18,"Vaginal"
"10249.C018.14SS",489,18,"Vaginal"
"10249.C036.01SS",0,36,"Cesarean"
"10249.C036.15SS",559,36,"Cesarean"
"10249.C020.07SS",33,20,"Cesarean"
"10249.C020.18SS",365,20,"Cesarean"
"10249.C024.05SS",75,24,"Vaginal"
"10249.C024.09SS",182,24,"Vaginal"
"10249.C043.02SS",35,43,"Vaginal"
"10249.C043.17SS",550,43,"Vaginal"
"10249.C017.05SS",45,17,"Vaginal"
"10249.C017.07SS",91,17,"Vaginal"
"10249.C009.04SS",94,9,"Vaginal"
"10249.C009.18SS",681,9,"Vaginal"
"10249.C027.10SS",275,27,"Vaginal"
"10249.C027.15SS",370,27,"Vaginal"
"10249.C046.13SS",366,46,"Cesarean"
"10249.C046.14SS",433,46,"Cesarean"
"10249.C030.02SS",34,30,"Vaginal"
"10249.C030.17SS",495,30,"Vaginal"
"10249.C033.02SS",32,33,"Vaginal"
"10249.C033.16SS",485,33,"Vaginal"
"10249.C042.11SS",310,42,"Vaginal"
"10249.C042.14SS",438,42,"Vaginal"
"10249.C032.20SS",609,32,"Vaginal"
"10249.C032.21SS",674,32,"Vaginal"
"10249.C004.05SS",124,4,"Cesarean"
"10249.C004.15SS",366,4,"Cesarean"
"10249.C001.16SS",307,1,"Vaginal"
"10249.C001.20SS",378,1,"Vaginal"
"10249.C034.12SS",308,34,"Cesarean"
"10249.C034.15SS",424,34,"Cesarean"
"10249.C057.04SS",91,57,"Cesarean"
"10249.C057.09SS",238,57,"Cesarean"
"10249.C041.10SS",232,41,"Vaginal"
"10249.C041.17SS",488,41,"Vaginal"
"10249.C011.16SS",553,11,"Cesarean"
"10249.C011.18SS",676,11,"Cesarean"
"10249.C010.10SS",219,10,"Vaginal"
"10249.C010.19SS",677,10,"Vaginal"
"10249.C056.01SS",0,56,"Cesarean"
"10249.C056.08SS",153,56,"Cesarean"
"10249.C014.12SS",333,14,"Vaginal"
"10249.C014.20SS",737,14,"Vaginal"
"10249.C007.12SS",258,7,"Cesarean"
"10249.C007.22SS",669,7,"Cesarean"
"10249.C021.12SS",499,21,"Cesarean"
"10249.C021.13SS",559,21,"Cesarean"
"10249.C012.06SS",123,12,"Cesarean"
"10249.C012.16SS",426,12,"Cesarean"
"10249.C022.09SS",243,22,"Vaginal"
"10249.C022.16SS",551,22,"Vaginal"
"10249.C044.06SS",127,44,"Vaginal"
"10249.C044.12SS",307,44,"Vaginal"
"10249.C035.12SS",334,35,"Vaginal"
"10249.C035.16SS",551,35,"Vaginal"
"10249.C037.02SS",33,37,"Cesarean"
"10249.C037.17SS",612,37,"Cesarean"
"10249.C005.16SS",485,5,"Cesarean"
"10249.C005.19SS",667,5,"Cesarean"
"10249.C038.09SS",215,38,"Vaginal"
"10249.C038.11SS",278,38,"Vaginal"
"10249.C053.06SS",123,53,"Cesarean"
"10249.C053.09SS",214,53,"Cesarean"
"10249.C025.17SS",548,25,"Cesarean"
"10249.C025.20SS",734,25,"Cesarean"
"10249.C002.01SS",0,2,"Cesarean"
"10249.C002.08SS",190,2,"Cesarean"
"10249.C055.03SS",41,55,"Cesarean"
"10249.C055.05SS",91,55,"Cesarean"
"10249.C031.02SS",32,31,"Vaginal"
"10249.C031.13SS",341,31,"Vaginal"
"10249.C052.06SS",127,52,"Vaginal"
"10249.C052.07SS",154,52,"Vaginal"
"10249.C049.02SS",5,49,"Vaginal"
"10249.C049.03SS",32,49,"Vaginal"
"10249.C008.14SS",490,8,"Vaginal"
"10249.C008.16SS",615,8,"Vaginal"
"10249.C016.11SS",242,16,"Vaginal"
"10249.C016.21SS",672,16,"Vaginal"
"10249.C045.01SS",0,45,"Vaginal"
"10249.C045.02SS",31,45,"Vaginal"
"10249.C047.05SS",94,47,"Cesarean"
"10249.C047.06SS",126,47,"Cesarean"
