"","day_of_life","studyid","delivery"
"10249.C018.12SS",373,18,"Vaginal"
"10249.C018.14SS",489,18,"Vaginal"
"10249.C018.15SS",548,18,"Vaginal"
"10249.C018.17SS",732,18,"Vaginal"
"10249.C036.03SS",65,36,"Cesarean"
"10249.C036.09SS",276,36,"Cesarean"
"10249.C036.15SS",559,36,"Cesarean"
"10249.C036.16SS",610,36,"Cesarean"
"10249.C020.11SS",153,20,"Cesarean"
"10249.C020.15SS",273,20,"Cesarean"
"10249.C020.19SS",426,20,"Cesarean"
"10249.C020.22SS",593,20,"Cesarean"
"10249.C024.01SS",0,24,"Vaginal"
"10249.C024.16SS",416,24,"Vaginal"
"10249.C024.18SS",551,24,"Vaginal"
"10249.C024.21SS",734,24,"Vaginal"
"10249.C043.03SS",61,43,"Vaginal"
"10249.C043.05SS",126,43,"Vaginal"
"10249.C043.14SS",364,43,"Vaginal"
"10249.C043.17SS",550,43,"Vaginal"
"10249.C017.04SS",32,17,"Vaginal"
"10249.C017.06SS",63,17,"Vaginal"
"10249.C017.11SS",216,17,"Vaginal"
"10249.C017.12SS",247,17,"Vaginal"
"10249.C009.01SS",1,9,"Vaginal"
"10249.C009.04SS",94,9,"Vaginal"
"10249.C009.14SS",429,9,"Vaginal"
"10249.C009.19SS",739,9,"Vaginal"
"10249.C027.01SS",1,27,"Vaginal"
"10249.C027.08SS",211,27,"Vaginal"
"10249.C027.17SS",489,27,"Vaginal"
"10249.C027.19SS",607,27,"Vaginal"
"10249.C046.02SS",31,46,"Cesarean"
"10249.C046.03SS",54,46,"Cesarean"
"10249.C046.10SS",274,46,"Cesarean"
"10249.C046.14SS",433,46,"Cesarean"
"10249.C030.07SS",150,30,"Vaginal"
"10249.C030.09SS",214,30,"Vaginal"
"10249.C030.10SS",243,30,"Vaginal"
"10249.C030.14SS",365,30,"Vaginal"
"10249.C033.07SS",211,33,"Vaginal"
"10249.C033.09SS",236,33,"Vaginal"
"10249.C033.17SS",547,33,"Vaginal"
"10249.C033.18SS",608,33,"Vaginal"
"10249.C042.02SS",31,42,"Vaginal"
"10249.C042.05SS",122,42,"Vaginal"
"10249.C042.06SS",154,42,"Vaginal"
"10249.C042.13SS",374,42,"Vaginal"
"10249.C032.09SS",209,32,"Vaginal"
"10249.C032.10SS",246,32,"Vaginal"
"10249.C032.14SS",342,32,"Vaginal"
"10249.C032.22SS",734,32,"Vaginal"
"10249.C004.02SS",31,4,"Cesarean"
"10249.C004.07SS",186,4,"Cesarean"
"10249.C004.12SS",278,4,"Cesarean"
"10249.C004.15SS",366,4,"Cesarean"
"10249.C001.16SS",307,1,"Vaginal"
"10249.C001.18SS",367,1,"Vaginal"
"10249.C001.20SS",378,1,"Vaginal"
"10249.C001.27SS",435,1,"Vaginal"
"10249.C034.02SS",34,34,"Cesarean"
"10249.C034.04SS",63,34,"Cesarean"
"10249.C034.09SS",214,34,"Cesarean"
"10249.C034.17SS",539,34,"Cesarean"
"10249.C057.02SS",31,57,"Cesarean"
"10249.C057.06SS",157,57,"Cesarean"
"10249.C057.10SS",244,57,"Cesarean"
"10249.C057.11SS",277,57,"Cesarean"
"10249.C041.08SS",186,41,"Vaginal"
"10249.C041.09SS",214,41,"Vaginal"
"10249.C041.17SS",488,41,"Vaginal"
"10249.C041.18SS",556,41,"Vaginal"
"10249.C011.01SS",1,11,"Cesarean"
"10249.C011.08SS",247,11,"Cesarean"
"10249.C011.10SS",303,11,"Cesarean"
"10249.C011.14SS",486,11,"Cesarean"
"10249.C010.09SS",183,10,"Vaginal"
"10249.C010.10SS",219,10,"Vaginal"
"10249.C010.13SS",305,10,"Vaginal"
"10249.C010.18SS",613,10,"Vaginal"
"10249.C056.02SS",1,56,"Cesarean"
"10249.C056.06SS",93,56,"Cesarean"
"10249.C056.08SS",153,56,"Cesarean"
"10249.C056.10SS",215,56,"Cesarean"
"10249.C014.03SS",71,14,"Vaginal"
"10249.C014.04SS",92,14,"Vaginal"
"10249.C014.17SS",549,14,"Vaginal"
"10249.C014.19SS",675,14,"Vaginal"
"10249.C007.13SS",266,7,"Cesarean"
"10249.C007.16SS",334,7,"Cesarean"
"10249.C007.21SS",608,7,"Cesarean"
"10249.C007.23SS",729,7,"Cesarean"
"10249.C021.04SS",94,21,"Cesarean"
"10249.C021.05SS",161,21,"Cesarean"
"10249.C021.07SS",245,21,"Cesarean"
"10249.C021.13SS",559,21,"Cesarean"
"10249.C012.04SS",62,12,"Cesarean"
"10249.C012.07SS",146,12,"Cesarean"
"10249.C012.17SS",490,12,"Cesarean"
"10249.C012.18SS",560,12,"Cesarean"
"10249.C022.03SS",63,22,"Vaginal"
"10249.C022.13SS",370,22,"Vaginal"
"10249.C022.18SS",671,22,"Vaginal"
"10249.C022.19SS",737,22,"Vaginal"
"10249.C044.03SS",41,44,"Vaginal"
"10249.C044.07SS",155,44,"Vaginal"
"10249.C044.13SS",334,44,"Vaginal"
"10249.C044.16SS",497,44,"Vaginal"
"10249.C035.03SS",61,35,"Vaginal"
"10249.C035.05SS",122,35,"Vaginal"
"10249.C035.07SS",182,35,"Vaginal"
"10249.C035.10SS",277,35,"Vaginal"
"10249.C037.02SS",33,37,"Cesarean"
"10249.C037.04SS",92,37,"Cesarean"
"10249.C037.06SS",156,37,"Cesarean"
"10249.C037.09SS",253,37,"Cesarean"
"10249.C005.02SS",29,5,"Cesarean"
"10249.C005.14SS",367,5,"Cesarean"
"10249.C005.15SS",428,5,"Cesarean"
"10249.C005.19SS",667,5,"Cesarean"
"10249.C038.07SS",153,38,"Vaginal"
"10249.C038.10SS",250,38,"Vaginal"
"10249.C038.14SS",365,38,"Vaginal"
"10249.C038.15SS",428,38,"Vaginal"
"10249.C053.03SS",45,53,"Cesarean"
"10249.C053.05SS",95,53,"Cesarean"
"10249.C053.07SS",153,53,"Cesarean"
"10249.C053.09SS",214,53,"Cesarean"
"10249.C025.06SS",124,25,"Cesarean"
"10249.C025.16SS",489,25,"Cesarean"
"10249.C025.17SS",548,25,"Cesarean"
"10249.C025.18SS",615,25,"Cesarean"
"10249.C002.06SS",123,2,"Cesarean"
"10249.C002.07SS",158,2,"Cesarean"
"10249.C002.12SS",338,2,"Cesarean"
"10249.C002.15SS",488,2,"Cesarean"
"10249.C055.01SS",0,55,"Cesarean"
"10249.C055.05SS",91,55,"Cesarean"
"10249.C055.07SS",155,55,"Cesarean"
"10249.C055.09SS",211,55,"Cesarean"
"10249.C031.02SS",32,31,"Vaginal"
"10249.C031.07SS",152,31,"Vaginal"
"10249.C031.18SS",547,31,"Vaginal"
"10249.C031.19SS",618,31,"Vaginal"
"10249.C052.02SS",1,52,"Vaginal"
"10249.C052.04SS",62,52,"Vaginal"
"10249.C052.07SS",154,52,"Vaginal"
"10249.C052.09SS",245,52,"Vaginal"
"10249.C049.03SS",32,49,"Vaginal"
"10249.C049.04SS",60,49,"Vaginal"
"10249.C049.12SS",274,49,"Vaginal"
"10249.C049.13SS",305,49,"Vaginal"
"10249.C008.04SS",126,8,"Vaginal"
"10249.C008.09SS",250,8,"Vaginal"
"10249.C008.11SS",308,8,"Vaginal"
"10249.C008.15SS",552,8,"Vaginal"
"10249.C016.10SS",213,16,"Vaginal"
"10249.C016.12SS",272,16,"Vaginal"
"10249.C016.17SS",428,16,"Vaginal"
"10249.C016.20SS",608,16,"Vaginal"
"10249.C045.02SS",31,45,"Vaginal"
"10249.C045.04SS",91,45,"Vaginal"
"10249.C045.08SS",213,45,"Vaginal"
"10249.C045.13SS",365,45,"Vaginal"
"10249.C047.02SS",32,47,"Cesarean"
"10249.C047.09SS",221,47,"Cesarean"
"10249.C047.11SS",277,47,"Cesarean"
"10249.C047.13SS",347,47,"Cesarean"
