"","day_of_life","studyid","delivery"
"10249.C018.15SS",548,18,"Vaginal"
"10249.C018.16SS",606,18,"Vaginal"
"10249.C018.17SS",732,18,"Vaginal"
"10249.C036.04SS",126,36,"Cesarean"
"10249.C036.13SS",425,36,"Cesarean"
"10249.C036.15SS",559,36,"Cesarean"
"10249.C020.08SS",69,20,"Cesarean"
"10249.C020.10SS",123,20,"Cesarean"
"10249.C020.24SS",599,20,"Cesarean"
"10249.C024.03SS",43,24,"Vaginal"
"10249.C024.07SS",129,24,"Vaginal"
"10249.C024.09SS",182,24,"Vaginal"
"10249.C043.05SS",126,43,"Vaginal"
"10249.C043.07SS",189,43,"Vaginal"
"10249.C043.20SS",616,43,"Vaginal"
"10249.C017.01SS",0,17,"Vaginal"
"10249.C017.04SS",32,17,"Vaginal"
"10249.C017.09SS",152,17,"Vaginal"
"10249.C009.02SS",31,9,"Vaginal"
"10249.C009.03SS",64,9,"Vaginal"
"10249.C009.09SS",246,9,"Vaginal"
"10249.C027.16SS",429,27,"Vaginal"
"10249.C027.18SS",551,27,"Vaginal"
"10249.C027.20SS",673,27,"Vaginal"
"10249.C046.03SS",54,46,"Cesarean"
"10249.C046.06SS",151,46,"Cesarean"
"10249.C046.13SS",366,46,"Cesarean"
"10249.C030.06SS",122,30,"Vaginal"
"10249.C030.16SS",429,30,"Vaginal"
"10249.C030.19SS",606,30,"Vaginal"
"10249.C033.06SS",180,33,"Vaginal"
"10249.C033.07SS",211,33,"Vaginal"
"10249.C033.08SS",230,33,"Vaginal"
"10249.C042.04SS",91,42,"Vaginal"
"10249.C042.07SS",182,42,"Vaginal"
"10249.C042.17SS",616,42,"Vaginal"
"10249.C032.17SS",485,32,"Vaginal"
"10249.C032.20SS",609,32,"Vaginal"
"10249.C032.22SS",734,32,"Vaginal"
"10249.C004.01SS",0,4,"Cesarean"
"10249.C004.10SS",257,4,"Cesarean"
"10249.C004.15SS",366,4,"Cesarean"
"10249.C001.06SS",61,1,"Vaginal"
"10249.C001.27SS",435,1,"Vaginal"
"10249.C001.31SS",613,1,"Vaginal"
"10249.C034.04SS",63,34,"Cesarean"
"10249.C034.11SS",273,34,"Cesarean"
"10249.C034.16SS",483,34,"Cesarean"
"10249.C057.05SS",125,57,"Cesarean"
"10249.C057.06SS",157,57,"Cesarean"
"10249.C057.09SS",238,57,"Cesarean"
"10249.C041.03SS",64,41,"Vaginal"
"10249.C041.12SS",278,41,"Vaginal"
"10249.C041.19SS",618,41,"Vaginal"
"10249.C011.04SS",120,11,"Cesarean"
"10249.C011.12SS",373,11,"Cesarean"
"10249.C011.18SS",676,11,"Cesarean"
"10249.C010.05SS",60,10,"Vaginal"
"10249.C010.13SS",305,10,"Vaginal"
"10249.C010.16SS",431,10,"Vaginal"
"10249.C056.01SS",0,56,"Cesarean"
"10249.C056.07SS",122,56,"Cesarean"
"10249.C056.09SS",184,56,"Cesarean"
"10249.C014.18SS",614,14,"Vaginal"
"10249.C014.19SS",675,14,"Vaginal"
"10249.C014.20SS",737,14,"Vaginal"
"10249.C007.11SS",243,7,"Cesarean"
"10249.C007.20SS",551,7,"Cesarean"
"10249.C007.22SS",669,7,"Cesarean"
"10249.C021.02SS",2,21,"Cesarean"
"10249.C021.06SS",188,21,"Cesarean"
"10249.C021.10SS",351,21,"Cesarean"
"10249.C012.19SS",609,12,"Cesarean"
"10249.C012.21SS",732,12,"Cesarean"
"10249.C012.22SS",739,12,"Cesarean"
"10249.C022.05SS",122,22,"Vaginal"
"10249.C022.12SS",342,22,"Vaginal"
"10249.C022.19SS",737,22,"Vaginal"
"10249.C044.05SS",92,44,"Vaginal"
"10249.C044.07SS",155,44,"Vaginal"
"10249.C044.15SS",424,44,"Vaginal"
"10249.C035.04SS",91,35,"Vaginal"
"10249.C035.14SS",427,35,"Vaginal"
"10249.C035.17SS",608,35,"Vaginal"
"10249.C037.06SS",156,37,"Cesarean"
"10249.C037.09SS",253,37,"Cesarean"
"10249.C037.14SS",426,37,"Cesarean"
"10249.C005.08SS",183,5,"Cesarean"
"10249.C005.13SS",332,5,"Cesarean"
"10249.C005.20SS",735,5,"Cesarean"
"10249.C038.05SS",98,38,"Vaginal"
"10249.C038.11SS",278,38,"Vaginal"
"10249.C038.15SS",428,38,"Vaginal"
"10249.C053.02SS",30,53,"Cesarean"
"10249.C053.05SS",95,53,"Cesarean"
"10249.C053.07SS",153,53,"Cesarean"
"10249.C025.15SS",428,25,"Cesarean"
"10249.C025.17SS",548,25,"Cesarean"
"10249.C025.19SS",666,25,"Cesarean"
"10249.C002.05SS",89,2,"Cesarean"
"10249.C002.10SS",284,2,"Cesarean"
"10249.C002.12SS",338,2,"Cesarean"
"10249.C055.03SS",41,55,"Cesarean"
"10249.C055.07SS",155,55,"Cesarean"
"10249.C055.09SS",211,55,"Cesarean"
"10249.C031.03SS",41,31,"Vaginal"
"10249.C031.06SS",119,31,"Vaginal"
"10249.C031.09SS",210,31,"Vaginal"
"10249.C052.03SS",32,52,"Vaginal"
"10249.C052.04SS",62,52,"Vaginal"
"10249.C052.07SS",154,52,"Vaginal"
"10249.C049.09SS",181,49,"Vaginal"
"10249.C049.10SS",213,49,"Vaginal"
"10249.C049.11SS",243,49,"Vaginal"
"10249.C008.05SS",159,8,"Vaginal"
"10249.C008.07SS",194,8,"Vaginal"
"10249.C008.16SS",615,8,"Vaginal"
"10249.C016.01SS",1,16,"Vaginal"
"10249.C016.03SS",31,16,"Vaginal"
"10249.C016.04SS",45,16,"Vaginal"
"10249.C045.03SS",61,45,"Vaginal"
"10249.C045.05SS",120,45,"Vaginal"
"10249.C045.11SS",304,45,"Vaginal"
"10249.C047.02SS",32,47,"Cesarean"
"10249.C047.09SS",221,47,"Cesarean"
"10249.C047.10SS",249,47,"Cesarean"
