"","day_of_life","studyid","delivery"
"10249.C018.05SS",154,18,"Vaginal"
"10249.C018.07SS",214,18,"Vaginal"
"10249.C018.13SS",425,18,"Vaginal"
"10249.C036.04SS",126,36,"Cesarean"
"10249.C036.09SS",276,36,"Cesarean"
"10249.C036.16SS",610,36,"Cesarean"
"10249.C020.04SS",11,20,"Cesarean"
"10249.C020.07SS",33,20,"Cesarean"
"10249.C020.22SS",593,20,"Cesarean"
"10249.C024.01SS",0,24,"Vaginal"
"10249.C024.17SS",490,24,"Vaginal"
"10249.C024.21SS",734,24,"Vaginal"
"10249.C043.06SS",154,43,"Vaginal"
"10249.C043.10SS",275,43,"Vaginal"
"10249.C043.14SS",364,43,"Vaginal"
"10249.C017.06SS",63,17,"Vaginal"
"10249.C017.09SS",152,17,"Vaginal"
"10249.C017.11SS",216,17,"Vaginal"
"10249.C009.02SS",31,9,"Vaginal"
"10249.C009.05SS",122,9,"Vaginal"
"10249.C009.09SS",246,9,"Vaginal"
"10249.C027.12SS",289,27,"Vaginal"
"10249.C027.15SS",370,27,"Vaginal"
"10249.C027.17SS",489,27,"Vaginal"
"10249.C046.07SS",184,46,"Cesarean"
"10249.C046.11SS",306,46,"Cesarean"
"10249.C046.12SS",336,46,"Cesarean"
"10249.C030.02SS",34,30,"Vaginal"
"10249.C030.13SS",334,30,"Vaginal"
"10249.C030.19SS",606,30,"Vaginal"
"10249.C033.13SS",340,33,"Vaginal"
"10249.C033.15SS",427,33,"Vaginal"
"10249.C033.18SS",608,33,"Vaginal"
"10249.C042.08SS",216,42,"Vaginal"
"10249.C042.14SS",438,42,"Vaginal"
"10249.C042.16SS",557,42,"Vaginal"
"10249.C032.07SS",153,32,"Vaginal"
"10249.C032.10SS",246,32,"Vaginal"
"10249.C032.20SS",609,32,"Vaginal"
"10249.C004.03SS",55,4,"Cesarean"
"10249.C004.11SS",266,4,"Cesarean"
"10249.C004.15SS",366,4,"Cesarean"
"10249.C001.01SS",0,1,"Vaginal"
"10249.C001.03SS",42,1,"Vaginal"
"10249.C001.34SS",733,1,"Vaginal"
"10249.C034.01SS",1,34,"Cesarean"
"10249.C034.05SS",90,34,"Cesarean"
"10249.C034.17SS",539,34,"Cesarean"
"10249.C057.08SS",215,57,"Cesarean"
"10249.C057.09SS",238,57,"Cesarean"
"10249.C057.10SS",244,57,"Cesarean"
"10249.C041.03SS",64,41,"Vaginal"
"10249.C041.04SS",96,41,"Vaginal"
"10249.C041.05SS",126,41,"Vaginal"
"10249.C011.06SS",187,11,"Cesarean"
"10249.C011.12SS",373,11,"Cesarean"
"10249.C011.17SS",610,11,"Cesarean"
"10249.C010.04SS",43,10,"Vaginal"
"10249.C010.13SS",305,10,"Vaginal"
"10249.C010.15SS",368,10,"Vaginal"
"10249.C056.02SS",1,56,"Cesarean"
"10249.C056.05SS",65,56,"Cesarean"
"10249.C056.07SS",122,56,"Cesarean"
"10249.C014.08SS",211,14,"Vaginal"
"10249.C014.13SS",368,14,"Vaginal"
"10249.C014.15SS",426,14,"Vaginal"
"10249.C007.02SS",30,7,"Cesarean"
"10249.C007.08SS",183,7,"Cesarean"
"10249.C007.19SS",490,7,"Cesarean"
"10249.C021.03SS",37,21,"Cesarean"
"10249.C021.07SS",245,21,"Cesarean"
"10249.C021.13SS",559,21,"Cesarean"
"10249.C012.08SS",154,12,"Cesarean"
"10249.C012.20SS",675,12,"Cesarean"
"10249.C012.22SS",739,12,"Cesarean"
"10249.C022.02SS",32,22,"Vaginal"
"10249.C022.10SS",273,22,"Vaginal"
"10249.C022.13SS",370,22,"Vaginal"
"10249.C044.01SS",1,44,"Vaginal"
"10249.C044.06SS",127,44,"Vaginal"
"10249.C044.15SS",424,44,"Vaginal"
"10249.C035.05SS",122,35,"Vaginal"
"10249.C035.12SS",334,35,"Vaginal"
"10249.C035.14SS",427,35,"Vaginal"
"10249.C037.01SS",1,37,"Cesarean"
"10249.C037.02SS",33,37,"Cesarean"
"10249.C037.13SS",375,37,"Cesarean"
"10249.C005.12SS",304,5,"Cesarean"
"10249.C005.13SS",332,5,"Cesarean"
"10249.C005.20SS",735,5,"Cesarean"
"10249.C038.10SS",250,38,"Vaginal"
"10249.C038.16SS",487,38,"Vaginal"
"10249.C038.18SS",610,38,"Vaginal"
"10249.C053.02SS",30,53,"Cesarean"
"10249.C053.03SS",45,53,"Cesarean"
"10249.C053.05SS",95,53,"Cesarean"
"10249.C025.03SS",42,25,"Cesarean"
"10249.C025.05SS",94,25,"Cesarean"
"10249.C025.13SS",337,25,"Cesarean"
"10249.C002.02SS",32,2,"Cesarean"
"10249.C002.03SS",53,2,"Cesarean"
"10249.C002.18SS",678,2,"Cesarean"
"10249.C055.03SS",41,55,"Cesarean"
"10249.C055.06SS",120,55,"Cesarean"
"10249.C055.07SS",155,55,"Cesarean"
"10249.C031.13SS",341,31,"Vaginal"
"10249.C031.17SS",491,31,"Vaginal"
"10249.C031.18SS",547,31,"Vaginal"
"10249.C052.02SS",1,52,"Vaginal"
"10249.C052.07SS",154,52,"Vaginal"
"10249.C052.09SS",245,52,"Vaginal"
"10249.C049.09SS",181,49,"Vaginal"
"10249.C049.11SS",243,49,"Vaginal"
"10249.C049.14SS",337,49,"Vaginal"
"10249.C008.03SS",72,8,"Vaginal"
"10249.C008.08SS",212,8,"Vaginal"
"10249.C008.15SS",552,8,"Vaginal"
"10249.C016.03SS",31,16,"Vaginal"
"10249.C016.15SS",366,16,"Vaginal"
"10249.C016.22SS",733,16,"Vaginal"
"10249.C045.02SS",31,45,"Vaginal"
"10249.C045.06SS",154,45,"Vaginal"
"10249.C045.12SS",344,45,"Vaginal"
"10249.C047.05SS",94,47,"Cesarean"
"10249.C047.09SS",221,47,"Cesarean"
"10249.C047.10SS",249,47,"Cesarean"
