"","day_of_life","studyid","delivery"
"10249.C018.04SS",125,18,"Vaginal"
"10249.C018.15SS",548,18,"Vaginal"
"10249.C018.16SS",606,18,"Vaginal"
"10249.C018.17SS",732,18,"Vaginal"
"10249.C036.05SS",162,36,"Cesarean"
"10249.C036.13SS",425,36,"Cesarean"
"10249.C036.14SS",490,36,"Cesarean"
"10249.C036.16SS",610,36,"Cesarean"
"10249.C020.08SS",69,20,"Cesarean"
"10249.C020.12SS",180,20,"Cesarean"
"10249.C020.19SS",426,20,"Cesarean"
"10249.C020.23SS",594,20,"Cesarean"
"10249.C024.02SS",33,24,"Vaginal"
"10249.C024.13SS",310,24,"Vaginal"
"10249.C024.16SS",416,24,"Vaginal"
"10249.C024.21SS",734,24,"Vaginal"
"10249.C043.02SS",35,43,"Vaginal"
"10249.C043.04SS",96,43,"Vaginal"
"10249.C043.15SS",428,43,"Vaginal"
"10249.C043.20SS",616,43,"Vaginal"
"10249.C017.02SS",2,17,"Vaginal"
"10249.C017.05SS",45,17,"Vaginal"
"10249.C017.10SS",179,17,"Vaginal"
"10249.C017.11SS",216,17,"Vaginal"
"10249.C009.07SS",185,9,"Vaginal"
"10249.C009.08SS",214,9,"Vaginal"
"10249.C009.11SS",305,9,"Vaginal"
"10249.C009.13SS",366,9,"Vaginal"
"10249.C027.03SS",69,27,"Vaginal"
"10249.C027.08SS",211,27,"Vaginal"
"10249.C027.12SS",289,27,"Vaginal"
"10249.C027.18SS",551,27,"Vaginal"
"10249.C046.02SS",31,46,"Cesarean"
"10249.C046.05SS",124,46,"Cesarean"
"10249.C046.09SS",244,46,"Cesarean"
"10249.C046.12SS",336,46,"Cesarean"
"10249.C030.02SS",34,30,"Vaginal"
"10249.C030.16SS",429,30,"Vaginal"
"10249.C030.17SS",495,30,"Vaginal"
"10249.C030.18SS",554,30,"Vaginal"
"10249.C033.04SS",119,33,"Vaginal"
"10249.C033.09SS",236,33,"Vaginal"
"10249.C033.10SS",240,33,"Vaginal"
"10249.C033.19SS",670,33,"Vaginal"
"10249.C042.05SS",122,42,"Vaginal"
"10249.C042.09SS",247,42,"Vaginal"
"10249.C042.15SS",493,42,"Vaginal"
"10249.C042.17SS",616,42,"Vaginal"
"10249.C032.13SS",337,32,"Vaginal"
"10249.C032.15SS",370,32,"Vaginal"
"10249.C032.20SS",609,32,"Vaginal"
"10249.C032.22SS",734,32,"Vaginal"
"10249.C004.01SS",0,4,"Cesarean"
"10249.C004.05SS",124,4,"Cesarean"
"10249.C004.09SS",245,4,"Cesarean"
"10249.C004.14SS",340,4,"Cesarean"
"10249.C001.03SS",42,1,"Vaginal"
"10249.C001.20SS",378,1,"Vaginal"
"10249.C001.27SS",435,1,"Vaginal"
"10249.C001.30SS",551,1,"Vaginal"
"10249.C034.01SS",1,34,"Cesarean"
"10249.C034.08SS",183,34,"Cesarean"
"10249.C034.13SS",335,34,"Cesarean"
"10249.C034.16SS",483,34,"Cesarean"
"10249.C057.02SS",31,57,"Cesarean"
"10249.C057.09SS",238,57,"Cesarean"
"10249.C057.10SS",244,57,"Cesarean"
"10249.C057.11SS",277,57,"Cesarean"
"10249.C041.02SS",32,41,"Vaginal"
"10249.C041.06SS",157,41,"Vaginal"
"10249.C041.09SS",214,41,"Vaginal"
"10249.C041.18SS",556,41,"Vaginal"
"10249.C011.02SS",36,11,"Cesarean"
"10249.C011.11SS",338,11,"Cesarean"
"10249.C011.12SS",373,11,"Cesarean"
"10249.C011.14SS",486,11,"Cesarean"
"10249.C010.04SS",43,10,"Vaginal"
"10249.C010.05SS",60,10,"Vaginal"
"10249.C010.08SS",152,10,"Vaginal"
"10249.C010.19SS",677,10,"Vaginal"
"10249.C056.02SS",1,56,"Cesarean"
"10249.C056.06SS",93,56,"Cesarean"
"10249.C056.08SS",153,56,"Cesarean"
"10249.C056.10SS",215,56,"Cesarean"
"10249.C014.05SS",121,14,"Vaginal"
"10249.C014.08SS",211,14,"Vaginal"
"10249.C014.13SS",368,14,"Vaginal"
"10249.C014.16SS",486,14,"Vaginal"
"10249.C007.07SS",155,7,"Cesarean"
"10249.C007.16SS",334,7,"Cesarean"
"10249.C007.17SS",364,7,"Cesarean"
"10249.C007.23SS",729,7,"Cesarean"
"10249.C021.01SS",1,21,"Cesarean"
"10249.C021.06SS",188,21,"Cesarean"
"10249.C021.10SS",351,21,"Cesarean"
"10249.C021.12SS",499,21,"Cesarean"
"10249.C012.09SS",188,12,"Cesarean"
"10249.C012.12SS",272,12,"Cesarean"
"10249.C012.20SS",675,12,"Cesarean"
"10249.C012.22SS",739,12,"Cesarean"
"10249.C022.04SS",96,22,"Vaginal"
"10249.C022.07SS",182,22,"Vaginal"
"10249.C022.09SS",243,22,"Vaginal"
"10249.C022.19SS",737,22,"Vaginal"
"10249.C044.01SS",1,44,"Vaginal"
"10249.C044.05SS",92,44,"Vaginal"
"10249.C044.12SS",307,44,"Vaginal"
"10249.C044.17SS",553,44,"Vaginal"
"10249.C035.02SS",31,35,"Vaginal"
"10249.C035.05SS",122,35,"Vaginal"
"10249.C035.13SS",367,35,"Vaginal"
"10249.C035.14SS",427,35,"Vaginal"
"10249.C037.08SS",215,37,"Cesarean"
"10249.C037.10SS",274,37,"Cesarean"
"10249.C037.15SS",497,37,"Cesarean"
"10249.C037.17SS",612,37,"Cesarean"
"10249.C005.05SS",93,5,"Cesarean"
"10249.C005.14SS",367,5,"Cesarean"
"10249.C005.17SS",549,5,"Cesarean"
"10249.C005.20SS",735,5,"Cesarean"
"10249.C038.02SS",33,38,"Vaginal"
"10249.C038.05SS",98,38,"Vaginal"
"10249.C038.14SS",365,38,"Vaginal"
"10249.C038.18SS",610,38,"Vaginal"
"10249.C053.02SS",30,53,"Cesarean"
"10249.C053.04SS",62,53,"Cesarean"
"10249.C053.06SS",123,53,"Cesarean"
"10249.C053.07SS",153,53,"Cesarean"
"10249.C025.03SS",42,25,"Cesarean"
"10249.C025.08SS",183,25,"Cesarean"
"10249.C025.09SS",211,25,"Cesarean"
"10249.C025.15SS",428,25,"Cesarean"
"10249.C002.03SS",53,2,"Cesarean"
"10249.C002.07SS",158,2,"Cesarean"
"10249.C002.11SS",315,2,"Cesarean"
"10249.C002.13SS",369,2,"Cesarean"
"10249.C055.01SS",0,55,"Cesarean"
"10249.C055.03SS",41,55,"Cesarean"
"10249.C055.04SS",64,55,"Cesarean"
"10249.C055.08SS",183,55,"Cesarean"
"10249.C031.01SS",0,31,"Vaginal"
"10249.C031.04SS",54,31,"Vaginal"
"10249.C031.16SS",428,31,"Vaginal"
"10249.C031.18SS",547,31,"Vaginal"
"10249.C052.02SS",1,52,"Vaginal"
"10249.C052.03SS",32,52,"Vaginal"
"10249.C052.06SS",127,52,"Vaginal"
"10249.C052.09SS",245,52,"Vaginal"
"10249.C049.02SS",5,49,"Vaginal"
"10249.C049.03SS",32,49,"Vaginal"
"10249.C049.08SS",154,49,"Vaginal"
"10249.C049.09SS",181,49,"Vaginal"
"10249.C008.01SS",1,8,"Vaginal"
"10249.C008.03SS",72,8,"Vaginal"
"10249.C008.14SS",490,8,"Vaginal"
"10249.C008.15SS",552,8,"Vaginal"
"10249.C016.01SS",1,16,"Vaginal"
"10249.C016.03SS",31,16,"Vaginal"
"10249.C016.18SS",489,16,"Vaginal"
"10249.C016.20SS",608,16,"Vaginal"
"10249.C045.02SS",31,45,"Vaginal"
"10249.C045.05SS",120,45,"Vaginal"
"10249.C045.09SS",245,45,"Vaginal"
"10249.C045.11SS",304,45,"Vaginal"
"10249.C047.05SS",94,47,"Cesarean"
"10249.C047.09SS",221,47,"Cesarean"
"10249.C047.10SS",249,47,"Cesarean"
"10249.C047.13SS",347,47,"Cesarean"
