"","day_of_life","studyid","delivery"
"10249.C018.04SS",125,18,"Vaginal"
"10249.C018.06SS",189,18,"Vaginal"
"10249.C018.13SS",425,18,"Vaginal"
"10249.C018.14SS",489,18,"Vaginal"
"10249.C018.15SS",548,18,"Vaginal"
"10249.C036.01SS",0,36,"Cesarean"
"10249.C036.02SS",42,36,"Cesarean"
"10249.C036.09SS",276,36,"Cesarean"
"10249.C036.14SS",490,36,"Cesarean"
"10249.C036.16SS",610,36,"Cesarean"
"10249.C020.01SS",0,20,"Cesarean"
"10249.C020.07SS",33,20,"Cesarean"
"10249.C020.20SS",487,20,"Cesarean"
"10249.C020.22SS",593,20,"Cesarean"
"10249.C020.26SS",670,20,"Cesarean"
"10249.C024.05SS",75,24,"Vaginal"
"10249.C024.06SS",86,24,"Vaginal"
"10249.C024.07SS",129,24,"Vaginal"
"10249.C024.14SS",337,24,"Vaginal"
"10249.C024.17SS",490,24,"Vaginal"
"10249.C043.01SS",0,43,"Vaginal"
"10249.C043.12SS",312,43,"Vaginal"
"10249.C043.15SS",428,43,"Vaginal"
"10249.C043.16SS",490,43,"Vaginal"
"10249.C043.20SS",616,43,"Vaginal"
"10249.C017.02SS",2,17,"Vaginal"
"10249.C017.04SS",32,17,"Vaginal"
"10249.C017.07SS",91,17,"Vaginal"
"10249.C017.10SS",179,17,"Vaginal"
"10249.C017.12SS",247,17,"Vaginal"
"10249.C009.10SS",273,9,"Vaginal"
"10249.C009.14SS",429,9,"Vaginal"
"10249.C009.16SS",555,9,"Vaginal"
"10249.C009.17SS",613,9,"Vaginal"
"10249.C009.19SS",739,9,"Vaginal"
"10249.C027.09SS",243,27,"Vaginal"
"10249.C027.12SS",289,27,"Vaginal"
"10249.C027.19SS",607,27,"Vaginal"
"10249.C027.20SS",673,27,"Vaginal"
"10249.C027.21SS",736,27,"Vaginal"
"10249.C046.01SS",1,46,"Cesarean"
"10249.C046.03SS",54,46,"Cesarean"
"10249.C046.04SS",93,46,"Cesarean"
"10249.C046.07SS",184,46,"Cesarean"
"10249.C046.14SS",433,46,"Cesarean"
"10249.C030.03SS",44,30,"Vaginal"
"10249.C030.08SS",183,30,"Vaginal"
"10249.C030.10SS",243,30,"Vaginal"
"10249.C030.14SS",365,30,"Vaginal"
"10249.C030.18SS",554,30,"Vaginal"
"10249.C033.03SS",61,33,"Vaginal"
"10249.C033.06SS",180,33,"Vaginal"
"10249.C033.11SS",272,33,"Vaginal"
"10249.C033.15SS",427,33,"Vaginal"
"10249.C033.18SS",608,33,"Vaginal"
"10249.C042.08SS",216,42,"Vaginal"
"10249.C042.11SS",310,42,"Vaginal"
"10249.C042.14SS",438,42,"Vaginal"
"10249.C042.15SS",493,42,"Vaginal"
"10249.C042.16SS",557,42,"Vaginal"
"10249.C032.03SS",52,32,"Vaginal"
"10249.C032.10SS",246,32,"Vaginal"
"10249.C032.13SS",337,32,"Vaginal"
"10249.C032.17SS",485,32,"Vaginal"
"10249.C032.20SS",609,32,"Vaginal"
"10249.C004.01SS",0,4,"Cesarean"
"10249.C004.06SS",154,4,"Cesarean"
"10249.C004.12SS",278,4,"Cesarean"
"10249.C004.14SS",340,4,"Cesarean"
"10249.C004.15SS",366,4,"Cesarean"
"10249.C001.19SS",375,1,"Vaginal"
"10249.C001.29SS",488,1,"Vaginal"
"10249.C001.31SS",613,1,"Vaginal"
"10249.C001.32SS",677,1,"Vaginal"
"10249.C001.34SS",733,1,"Vaginal"
"10249.C034.01SS",1,34,"Cesarean"
"10249.C034.04SS",63,34,"Cesarean"
"10249.C034.09SS",214,34,"Cesarean"
"10249.C034.14SS",369,34,"Cesarean"
"10249.C034.15SS",424,34,"Cesarean"
"10249.C057.04SS",91,57,"Cesarean"
"10249.C057.06SS",157,57,"Cesarean"
"10249.C057.09SS",238,57,"Cesarean"
"10249.C057.10SS",244,57,"Cesarean"
"10249.C057.11SS",277,57,"Cesarean"
"10249.C041.03SS",64,41,"Vaginal"
"10249.C041.04SS",96,41,"Vaginal"
"10249.C041.05SS",126,41,"Vaginal"
"10249.C041.08SS",186,41,"Vaginal"
"10249.C041.12SS",278,41,"Vaginal"
"10249.C011.05SS",156,11,"Cesarean"
"10249.C011.07SS",210,11,"Cesarean"
"10249.C011.14SS",486,11,"Cesarean"
"10249.C011.16SS",553,11,"Cesarean"
"10249.C011.19SS",737,11,"Cesarean"
"10249.C010.01SS",2,10,"Vaginal"
"10249.C010.08SS",152,10,"Vaginal"
"10249.C010.14SS",337,10,"Vaginal"
"10249.C010.18SS",613,10,"Vaginal"
"10249.C010.20SS",737,10,"Vaginal"
"10249.C056.02SS",1,56,"Cesarean"
"10249.C056.04SS",31,56,"Cesarean"
"10249.C056.05SS",65,56,"Cesarean"
"10249.C056.06SS",93,56,"Cesarean"
"10249.C056.08SS",153,56,"Cesarean"
"10249.C014.05SS",121,14,"Vaginal"
"10249.C014.06SS",154,14,"Vaginal"
"10249.C014.13SS",368,14,"Vaginal"
"10249.C014.18SS",614,14,"Vaginal"
"10249.C014.20SS",737,14,"Vaginal"
"10249.C007.10SS",219,7,"Cesarean"
"10249.C007.11SS",243,7,"Cesarean"
"10249.C007.20SS",551,7,"Cesarean"
"10249.C007.21SS",608,7,"Cesarean"
"10249.C007.22SS",669,7,"Cesarean"
"10249.C021.02SS",2,21,"Cesarean"
"10249.C021.03SS",37,21,"Cesarean"
"10249.C021.04SS",94,21,"Cesarean"
"10249.C021.07SS",245,21,"Cesarean"
"10249.C021.13SS",559,21,"Cesarean"
"10249.C012.01SS",2,12,"Cesarean"
"10249.C012.08SS",154,12,"Cesarean"
"10249.C012.09SS",188,12,"Cesarean"
"10249.C012.15SS",365,12,"Cesarean"
"10249.C012.21SS",732,12,"Cesarean"
"10249.C022.01SS",0,22,"Vaginal"
"10249.C022.11SS",304,22,"Vaginal"
"10249.C022.13SS",370,22,"Vaginal"
"10249.C022.15SS",489,22,"Vaginal"
"10249.C022.16SS",551,22,"Vaginal"
"10249.C044.01SS",1,44,"Vaginal"
"10249.C044.03SS",41,44,"Vaginal"
"10249.C044.11SS",276,44,"Vaginal"
"10249.C044.12SS",307,44,"Vaginal"
"10249.C044.17SS",553,44,"Vaginal"
"10249.C035.01SS",0,35,"Vaginal"
"10249.C035.02SS",31,35,"Vaginal"
"10249.C035.05SS",122,35,"Vaginal"
"10249.C035.09SS",244,35,"Vaginal"
"10249.C035.14SS",427,35,"Vaginal"
"10249.C037.06SS",156,37,"Cesarean"
"10249.C037.10SS",274,37,"Cesarean"
"10249.C037.12SS",335,37,"Cesarean"
"10249.C037.15SS",497,37,"Cesarean"
"10249.C037.17SS",612,37,"Cesarean"
"10249.C005.01SS",1,5,"Cesarean"
"10249.C005.08SS",183,5,"Cesarean"
"10249.C005.11SS",276,5,"Cesarean"
"10249.C005.18SS",612,5,"Cesarean"
"10249.C005.19SS",667,5,"Cesarean"
"10249.C038.09SS",215,38,"Vaginal"
"10249.C038.14SS",365,38,"Vaginal"
"10249.C038.15SS",428,38,"Vaginal"
"10249.C038.16SS",487,38,"Vaginal"
"10249.C038.18SS",610,38,"Vaginal"
"10249.C053.05SS",95,53,"Cesarean"
"10249.C053.06SS",123,53,"Cesarean"
"10249.C053.07SS",153,53,"Cesarean"
"10249.C053.08SS",183,53,"Cesarean"
"10249.C053.09SS",214,53,"Cesarean"
"10249.C025.03SS",42,25,"Cesarean"
"10249.C025.05SS",94,25,"Cesarean"
"10249.C025.06SS",124,25,"Cesarean"
"10249.C025.08SS",183,25,"Cesarean"
"10249.C025.15SS",428,25,"Cesarean"
"10249.C002.08SS",190,2,"Cesarean"
"10249.C002.11SS",315,2,"Cesarean"
"10249.C002.15SS",488,2,"Cesarean"
"10249.C002.18SS",678,2,"Cesarean"
"10249.C002.19SS",731,2,"Cesarean"
"10249.C055.02SS",30,55,"Cesarean"
"10249.C055.03SS",41,55,"Cesarean"
"10249.C055.06SS",120,55,"Cesarean"
"10249.C055.07SS",155,55,"Cesarean"
"10249.C055.09SS",211,55,"Cesarean"
"10249.C031.04SS",54,31,"Vaginal"
"10249.C031.08SS",184,31,"Vaginal"
"10249.C031.10SS",243,31,"Vaginal"
"10249.C031.12SS",307,31,"Vaginal"
"10249.C031.16SS",428,31,"Vaginal"
"10249.C052.02SS",1,52,"Vaginal"
"10249.C052.03SS",32,52,"Vaginal"
"10249.C052.04SS",62,52,"Vaginal"
"10249.C052.07SS",154,52,"Vaginal"
"10249.C052.08SS",188,52,"Vaginal"
"10249.C049.04SS",60,49,"Vaginal"
"10249.C049.11SS",243,49,"Vaginal"
"10249.C049.12SS",274,49,"Vaginal"
"10249.C049.13SS",305,49,"Vaginal"
"10249.C049.14SS",337,49,"Vaginal"
"10249.C008.09SS",250,8,"Vaginal"
"10249.C008.10SS",273,8,"Vaginal"
"10249.C008.13SS",437,8,"Vaginal"
"10249.C008.14SS",490,8,"Vaginal"
"10249.C008.16SS",615,8,"Vaginal"
"10249.C016.02SS",8,16,"Vaginal"
"10249.C016.04SS",45,16,"Vaginal"
"10249.C016.06SS",92,16,"Vaginal"
"10249.C016.18SS",489,16,"Vaginal"
"10249.C016.20SS",608,16,"Vaginal"
"10249.C045.03SS",61,45,"Vaginal"
"10249.C045.04SS",91,45,"Vaginal"
"10249.C045.06SS",154,45,"Vaginal"
"10249.C045.09SS",245,45,"Vaginal"
"10249.C045.12SS",344,45,"Vaginal"
"10249.C047.02SS",32,47,"Cesarean"
"10249.C047.06SS",126,47,"Cesarean"
"10249.C047.07SS",156,47,"Cesarean"
"10249.C047.08SS",185,47,"Cesarean"
"10249.C047.10SS",249,47,"Cesarean"
