"","day_of_life","studyid","delivery"
"10249.C018.08SS",244,18,"Vaginal"
"10249.C018.15SS",548,18,"Vaginal"
"10249.C018.16SS",606,18,"Vaginal"
"10249.C018.17SS",732,18,"Vaginal"
"10249.C036.07SS",216,36,"Cesarean"
"10249.C036.08SS",243,36,"Cesarean"
"10249.C036.09SS",276,36,"Cesarean"
"10249.C036.11SS",334,36,"Cesarean"
"10249.C020.16SS",305,20,"Cesarean"
"10249.C020.17SS",334,20,"Cesarean"
"10249.C020.19SS",426,20,"Cesarean"
"10249.C020.26SS",670,20,"Cesarean"
"10249.C024.03SS",43,24,"Vaginal"
"10249.C024.14SS",337,24,"Vaginal"
"10249.C024.19SS",611,24,"Vaginal"
"10249.C024.21SS",734,24,"Vaginal"
"10249.C043.01SS",0,43,"Vaginal"
"10249.C043.10SS",275,43,"Vaginal"
"10249.C043.16SS",490,43,"Vaginal"
"10249.C043.18SS",555,43,"Vaginal"
"10249.C017.01SS",0,17,"Vaginal"
"10249.C017.02SS",2,17,"Vaginal"
"10249.C017.05SS",45,17,"Vaginal"
"10249.C017.08SS",123,17,"Vaginal"
"10249.C009.01SS",1,9,"Vaginal"
"10249.C009.02SS",31,9,"Vaginal"
"10249.C009.07SS",185,9,"Vaginal"
"10249.C009.09SS",246,9,"Vaginal"
"10249.C027.06SS",155,27,"Vaginal"
"10249.C027.18SS",551,27,"Vaginal"
"10249.C027.19SS",607,27,"Vaginal"
"10249.C027.21SS",736,27,"Vaginal"
"10249.C046.05SS",124,46,"Cesarean"
"10249.C046.06SS",151,46,"Cesarean"
"10249.C046.07SS",184,46,"Cesarean"
"10249.C046.11SS",306,46,"Cesarean"
"10249.C030.01SS",0,30,"Vaginal"
"10249.C030.10SS",243,30,"Vaginal"
"10249.C030.18SS",554,30,"Vaginal"
"10249.C030.19SS",606,30,"Vaginal"
"10249.C033.07SS",211,33,"Vaginal"
"10249.C033.09SS",236,33,"Vaginal"
"10249.C033.16SS",485,33,"Vaginal"
"10249.C033.18SS",608,33,"Vaginal"
"10249.C042.02SS",31,42,"Vaginal"
"10249.C042.08SS",216,42,"Vaginal"
"10249.C042.09SS",247,42,"Vaginal"
"10249.C042.13SS",374,42,"Vaginal"
"10249.C032.02SS",31,32,"Vaginal"
"10249.C032.07SS",153,32,"Vaginal"
"10249.C032.20SS",609,32,"Vaginal"
"10249.C032.21SS",674,32,"Vaginal"
"10249.C004.06SS",154,4,"Cesarean"
"10249.C004.12SS",278,4,"Cesarean"
"10249.C004.14SS",340,4,"Cesarean"
"10249.C004.15SS",366,4,"Cesarean"
"10249.C001.19SS",375,1,"Vaginal"
"10249.C001.26SS",427,1,"Vaginal"
"10249.C001.27SS",435,1,"Vaginal"
"10249.C001.34SS",733,1,"Vaginal"
"10249.C034.01SS",1,34,"Cesarean"
"10249.C034.04SS",63,34,"Cesarean"
"10249.C034.14SS",369,34,"Cesarean"
"10249.C034.17SS",539,34,"Cesarean"
"10249.C057.05SS",125,57,"Cesarean"
"10249.C057.06SS",157,57,"Cesarean"
"10249.C057.10SS",244,57,"Cesarean"
"10249.C057.11SS",277,57,"Cesarean"
"10249.C041.08SS",186,41,"Vaginal"
"10249.C041.09SS",214,41,"Vaginal"
"10249.C041.12SS",278,41,"Vaginal"
"10249.C041.14SS",339,41,"Vaginal"
"10249.C011.09SS",273,11,"Cesarean"
"10249.C011.12SS",373,11,"Cesarean"
"10249.C011.17SS",610,11,"Cesarean"
"10249.C011.19SS",737,11,"Cesarean"
"10249.C010.04SS",43,10,"Vaginal"
"10249.C010.07SS",123,10,"Vaginal"
"10249.C010.10SS",219,10,"Vaginal"
"10249.C010.13SS",305,10,"Vaginal"
"10249.C056.02SS",1,56,"Cesarean"
"10249.C056.05SS",65,56,"Cesarean"
"10249.C056.06SS",93,56,"Cesarean"
"10249.C056.08SS",153,56,"Cesarean"
"10249.C014.02SS",31,14,"Vaginal"
"10249.C014.07SS",184,14,"Vaginal"
"10249.C014.18SS",614,14,"Vaginal"
"10249.C014.20SS",737,14,"Vaginal"
"10249.C007.08SS",183,7,"Cesarean"
"10249.C007.09SS",214,7,"Cesarean"
"10249.C007.20SS",551,7,"Cesarean"
"10249.C007.22SS",669,7,"Cesarean"
"10249.C021.02SS",2,21,"Cesarean"
"10249.C021.06SS",188,21,"Cesarean"
"10249.C021.07SS",245,21,"Cesarean"
"10249.C021.13SS",559,21,"Cesarean"
"10249.C012.05SS",99,12,"Cesarean"
"10249.C012.08SS",154,12,"Cesarean"
"10249.C012.15SS",365,12,"Cesarean"
"10249.C012.21SS",732,12,"Cesarean"
"10249.C022.02SS",32,22,"Vaginal"
"10249.C022.09SS",243,22,"Vaginal"
"10249.C022.16SS",551,22,"Vaginal"
"10249.C022.19SS",737,22,"Vaginal"
"10249.C044.07SS",155,44,"Vaginal"
"10249.C044.10SS",244,44,"Vaginal"
"10249.C044.13SS",334,44,"Vaginal"
"10249.C044.15SS",424,44,"Vaginal"
"10249.C035.09SS",244,35,"Vaginal"
"10249.C035.14SS",427,35,"Vaginal"
"10249.C035.16SS",551,35,"Vaginal"
"10249.C035.17SS",608,35,"Vaginal"
"10249.C037.09SS",253,37,"Cesarean"
"10249.C037.13SS",375,37,"Cesarean"
"10249.C037.15SS",497,37,"Cesarean"
"10249.C037.17SS",612,37,"Cesarean"
"10249.C005.12SS",304,5,"Cesarean"
"10249.C005.16SS",485,5,"Cesarean"
"10249.C005.17SS",549,5,"Cesarean"
"10249.C005.18SS",612,5,"Cesarean"
"10249.C038.08SS",187,38,"Vaginal"
"10249.C038.10SS",250,38,"Vaginal"
"10249.C038.12SS",305,38,"Vaginal"
"10249.C038.18SS",610,38,"Vaginal"
"10249.C053.02SS",30,53,"Cesarean"
"10249.C053.03SS",45,53,"Cesarean"
"10249.C053.06SS",123,53,"Cesarean"
"10249.C053.07SS",153,53,"Cesarean"
"10249.C025.09SS",211,25,"Cesarean"
"10249.C025.10SS",240,25,"Cesarean"
"10249.C025.11SS",280,25,"Cesarean"
"10249.C025.20SS",734,25,"Cesarean"
"10249.C002.07SS",158,2,"Cesarean"
"10249.C002.15SS",488,2,"Cesarean"
"10249.C002.18SS",678,2,"Cesarean"
"10249.C002.19SS",731,2,"Cesarean"
"10249.C055.01SS",0,55,"Cesarean"
"10249.C055.05SS",91,55,"Cesarean"
"10249.C055.07SS",155,55,"Cesarean"
"10249.C055.09SS",211,55,"Cesarean"
"10249.C031.04SS",54,31,"Vaginal"
"10249.C031.08SS",184,31,"Vaginal"
"10249.C031.10SS",243,31,"Vaginal"
"10249.C031.20SS",666,31,"Vaginal"
"10249.C052.02SS",1,52,"Vaginal"
"10249.C052.04SS",62,52,"Vaginal"
"10249.C052.08SS",188,52,"Vaginal"
"10249.C052.09SS",245,52,"Vaginal"
"10249.C049.08SS",154,49,"Vaginal"
"10249.C049.09SS",181,49,"Vaginal"
"10249.C049.10SS",213,49,"Vaginal"
"10249.C049.11SS",243,49,"Vaginal"
"10249.C008.09SS",250,8,"Vaginal"
"10249.C008.12SS",364,8,"Vaginal"
"10249.C008.14SS",490,8,"Vaginal"
"10249.C008.15SS",552,8,"Vaginal"
"10249.C016.01SS",1,16,"Vaginal"
"10249.C016.13SS",303,16,"Vaginal"
"10249.C016.19SS",549,16,"Vaginal"
"10249.C016.21SS",672,16,"Vaginal"
"10249.C045.03SS",61,45,"Vaginal"
"10249.C045.04SS",91,45,"Vaginal"
"10249.C045.10SS",276,45,"Vaginal"
"10249.C045.13SS",365,45,"Vaginal"
"10249.C047.05SS",94,47,"Cesarean"
"10249.C047.06SS",126,47,"Cesarean"
"10249.C047.07SS",156,47,"Cesarean"
"10249.C047.09SS",221,47,"Cesarean"
