"","day_of_life","studyid","delivery"
"10249.C018.02SS",33,18,"Vaginal"
"10249.C018.03SS",90,18,"Vaginal"
"10249.C018.06SS",189,18,"Vaginal"
"10249.C018.07SS",214,18,"Vaginal"
"10249.C018.12SS",373,18,"Vaginal"
"10249.C018.16SS",606,18,"Vaginal"
"10249.C018.17SS",732,18,"Vaginal"
"10249.C036.01SS",0,36,"Cesarean"
"10249.C036.05SS",162,36,"Cesarean"
"10249.C036.10SS",308,36,"Cesarean"
"10249.C036.12SS",364,36,"Cesarean"
"10249.C036.13SS",425,36,"Cesarean"
"10249.C036.15SS",559,36,"Cesarean"
"10249.C036.16SS",610,36,"Cesarean"
"10249.C020.01SS",0,20,"Cesarean"
"10249.C020.05SS",13,20,"Cesarean"
"10249.C020.19SS",426,20,"Cesarean"
"10249.C020.23SS",594,20,"Cesarean"
"10249.C020.24SS",599,20,"Cesarean"
"10249.C020.25SS",604,20,"Cesarean"
"10249.C020.26SS",670,20,"Cesarean"
"10249.C024.06SS",86,24,"Vaginal"
"10249.C024.12SS",272,24,"Vaginal"
"10249.C024.13SS",310,24,"Vaginal"
"10249.C024.15SS",373,24,"Vaginal"
"10249.C024.17SS",490,24,"Vaginal"
"10249.C024.19SS",611,24,"Vaginal"
"10249.C024.20SS",673,24,"Vaginal"
"10249.C043.01SS",0,43,"Vaginal"
"10249.C043.07SS",189,43,"Vaginal"
"10249.C043.09SS",245,43,"Vaginal"
"10249.C043.10SS",275,43,"Vaginal"
"10249.C043.14SS",364,43,"Vaginal"
"10249.C043.16SS",490,43,"Vaginal"
"10249.C043.17SS",550,43,"Vaginal"
"10249.C017.01SS",0,17,"Vaginal"
"10249.C017.02SS",2,17,"Vaginal"
"10249.C017.05SS",45,17,"Vaginal"
"10249.C017.06SS",63,17,"Vaginal"
"10249.C017.08SS",123,17,"Vaginal"
"10249.C017.09SS",152,17,"Vaginal"
"10249.C017.12SS",247,17,"Vaginal"
"10249.C009.01SS",1,9,"Vaginal"
"10249.C009.02SS",31,9,"Vaginal"
"10249.C009.06SS",155,9,"Vaginal"
"10249.C009.09SS",246,9,"Vaginal"
"10249.C009.10SS",273,9,"Vaginal"
"10249.C009.12SS",339,9,"Vaginal"
"10249.C009.18SS",681,9,"Vaginal"
"10249.C027.03SS",69,27,"Vaginal"
"10249.C027.06SS",155,27,"Vaginal"
"10249.C027.15SS",370,27,"Vaginal"
"10249.C027.16SS",429,27,"Vaginal"
"10249.C027.17SS",489,27,"Vaginal"
"10249.C027.19SS",607,27,"Vaginal"
"10249.C027.20SS",673,27,"Vaginal"
"10249.C046.02SS",31,46,"Cesarean"
"10249.C046.03SS",54,46,"Cesarean"
"10249.C046.04SS",93,46,"Cesarean"
"10249.C046.06SS",151,46,"Cesarean"
"10249.C046.10SS",274,46,"Cesarean"
"10249.C046.13SS",366,46,"Cesarean"
"10249.C046.14SS",433,46,"Cesarean"
"10249.C030.03SS",44,30,"Vaginal"
"10249.C030.07SS",150,30,"Vaginal"
"10249.C030.16SS",429,30,"Vaginal"
"10249.C030.17SS",495,30,"Vaginal"
"10249.C030.18SS",554,30,"Vaginal"
"10249.C030.19SS",606,30,"Vaginal"
"10249.C030.20SS",674,30,"Vaginal"
"10249.C033.03SS",61,33,"Vaginal"
"10249.C033.09SS",236,33,"Vaginal"
"10249.C033.11SS",272,33,"Vaginal"
"10249.C033.13SS",340,33,"Vaginal"
"10249.C033.16SS",485,33,"Vaginal"
"10249.C033.17SS",547,33,"Vaginal"
"10249.C033.19SS",670,33,"Vaginal"
"10249.C042.01SS",0,42,"Vaginal"
"10249.C042.02SS",31,42,"Vaginal"
"10249.C042.04SS",91,42,"Vaginal"
"10249.C042.05SS",122,42,"Vaginal"
"10249.C042.12SS",337,42,"Vaginal"
"10249.C042.13SS",374,42,"Vaginal"
"10249.C042.17SS",616,42,"Vaginal"
"10249.C032.04SS",59,32,"Vaginal"
"10249.C032.05SS",91,32,"Vaginal"
"10249.C032.14SS",342,32,"Vaginal"
"10249.C032.15SS",370,32,"Vaginal"
"10249.C032.17SS",485,32,"Vaginal"
"10249.C032.19SS",555,32,"Vaginal"
"10249.C032.22SS",734,32,"Vaginal"
"10249.C004.01SS",0,4,"Cesarean"
"10249.C004.02SS",31,4,"Cesarean"
"10249.C004.05SS",124,4,"Cesarean"
"10249.C004.08SS",214,4,"Cesarean"
"10249.C004.10SS",257,4,"Cesarean"
"10249.C004.12SS",278,4,"Cesarean"
"10249.C004.13SS",308,4,"Cesarean"
"10249.C001.04SS",49,1,"Vaginal"
"10249.C001.17SS",337,1,"Vaginal"
"10249.C001.20SS",378,1,"Vaginal"
"10249.C001.25SS",411,1,"Vaginal"
"10249.C001.26SS",427,1,"Vaginal"
"10249.C001.27SS",435,1,"Vaginal"
"10249.C001.34SS",733,1,"Vaginal"
"10249.C034.02SS",34,34,"Cesarean"
"10249.C034.06SS",119,34,"Cesarean"
"10249.C034.07SS",166,34,"Cesarean"
"10249.C034.08SS",183,34,"Cesarean"
"10249.C034.09SS",214,34,"Cesarean"
"10249.C034.12SS",308,34,"Cesarean"
"10249.C034.16SS",483,34,"Cesarean"
"10249.C057.02SS",31,57,"Cesarean"
"10249.C057.03SS",62,57,"Cesarean"
"10249.C057.04SS",91,57,"Cesarean"
"10249.C057.05SS",125,57,"Cesarean"
"10249.C057.08SS",215,57,"Cesarean"
"10249.C057.10SS",244,57,"Cesarean"
"10249.C057.11SS",277,57,"Cesarean"
"10249.C041.03SS",64,41,"Vaginal"
"10249.C041.06SS",157,41,"Vaginal"
"10249.C041.11SS",246,41,"Vaginal"
"10249.C041.14SS",339,41,"Vaginal"
"10249.C041.16SS",424,41,"Vaginal"
"10249.C041.17SS",488,41,"Vaginal"
"10249.C041.18SS",556,41,"Vaginal"
"10249.C011.01SS",1,11,"Cesarean"
"10249.C011.02SS",36,11,"Cesarean"
"10249.C011.04SS",120,11,"Cesarean"
"10249.C011.07SS",210,11,"Cesarean"
"10249.C011.10SS",303,11,"Cesarean"
"10249.C011.16SS",553,11,"Cesarean"
"10249.C011.17SS",610,11,"Cesarean"
"10249.C010.01SS",2,10,"Vaginal"
"10249.C010.05SS",60,10,"Vaginal"
"10249.C010.07SS",123,10,"Vaginal"
"10249.C010.13SS",305,10,"Vaginal"
"10249.C010.16SS",431,10,"Vaginal"
"10249.C010.18SS",613,10,"Vaginal"
"10249.C010.20SS",737,10,"Vaginal"
"10249.C056.01SS",0,56,"Cesarean"
"10249.C056.02SS",1,56,"Cesarean"
"10249.C056.04SS",31,56,"Cesarean"
"10249.C056.05SS",65,56,"Cesarean"
"10249.C056.06SS",93,56,"Cesarean"
"10249.C056.08SS",153,56,"Cesarean"
"10249.C056.10SS",215,56,"Cesarean"
"10249.C014.01SS",1,14,"Vaginal"
"10249.C014.07SS",184,14,"Vaginal"
"10249.C014.10SS",276,14,"Vaginal"
"10249.C014.15SS",426,14,"Vaginal"
"10249.C014.17SS",549,14,"Vaginal"
"10249.C014.19SS",675,14,"Vaginal"
"10249.C014.20SS",737,14,"Vaginal"
"10249.C007.06SS",127,7,"Cesarean"
"10249.C007.15SS",303,7,"Cesarean"
"10249.C007.17SS",364,7,"Cesarean"
"10249.C007.18SS",427,7,"Cesarean"
"10249.C007.19SS",490,7,"Cesarean"
"10249.C007.20SS",551,7,"Cesarean"
"10249.C007.21SS",608,7,"Cesarean"
"10249.C021.01SS",1,21,"Cesarean"
"10249.C021.03SS",37,21,"Cesarean"
"10249.C021.07SS",245,21,"Cesarean"
"10249.C021.08SS",306,21,"Cesarean"
"10249.C021.10SS",351,21,"Cesarean"
"10249.C021.12SS",499,21,"Cesarean"
"10249.C021.13SS",559,21,"Cesarean"
"10249.C012.01SS",2,12,"Cesarean"
"10249.C012.02SS",29,12,"Cesarean"
"10249.C012.03SS",40,12,"Cesarean"
"10249.C012.09SS",188,12,"Cesarean"
"10249.C012.13SS",305,12,"Cesarean"
"10249.C012.16SS",426,12,"Cesarean"
"10249.C012.22SS",739,12,"Cesarean"
"10249.C022.04SS",96,22,"Vaginal"
"10249.C022.08SS",217,22,"Vaginal"
"10249.C022.13SS",370,22,"Vaginal"
"10249.C022.15SS",489,22,"Vaginal"
"10249.C022.16SS",551,22,"Vaginal"
"10249.C022.18SS",671,22,"Vaginal"
"10249.C022.19SS",737,22,"Vaginal"
"10249.C044.03SS",41,44,"Vaginal"
"10249.C044.04SS",62,44,"Vaginal"
"10249.C044.08SS",186,44,"Vaginal"
"10249.C044.09SS",222,44,"Vaginal"
"10249.C044.12SS",307,44,"Vaginal"
"10249.C044.15SS",424,44,"Vaginal"
"10249.C044.16SS",497,44,"Vaginal"
"10249.C035.01SS",0,35,"Vaginal"
"10249.C035.05SS",122,35,"Vaginal"
"10249.C035.07SS",182,35,"Vaginal"
"10249.C035.11SS",307,35,"Vaginal"
"10249.C035.12SS",334,35,"Vaginal"
"10249.C035.13SS",367,35,"Vaginal"
"10249.C035.15SS",488,35,"Vaginal"
"10249.C037.05SS",123,37,"Cesarean"
"10249.C037.07SS",199,37,"Cesarean"
"10249.C037.13SS",375,37,"Cesarean"
"10249.C037.15SS",497,37,"Cesarean"
"10249.C037.16SS",554,37,"Cesarean"
"10249.C037.17SS",612,37,"Cesarean"
"10249.C037.18SS",674,37,"Cesarean"
"10249.C005.03SS",43,5,"Cesarean"
"10249.C005.07SS",155,5,"Cesarean"
"10249.C005.12SS",304,5,"Cesarean"
"10249.C005.15SS",428,5,"Cesarean"
"10249.C005.17SS",549,5,"Cesarean"
"10249.C005.18SS",612,5,"Cesarean"
"10249.C005.20SS",735,5,"Cesarean"
"10249.C038.02SS",33,38,"Vaginal"
"10249.C038.05SS",98,38,"Vaginal"
"10249.C038.08SS",187,38,"Vaginal"
"10249.C038.09SS",215,38,"Vaginal"
"10249.C038.10SS",250,38,"Vaginal"
"10249.C038.16SS",487,38,"Vaginal"
"10249.C038.18SS",610,38,"Vaginal"
"10249.C053.02SS",30,53,"Cesarean"
"10249.C053.03SS",45,53,"Cesarean"
"10249.C053.04SS",62,53,"Cesarean"
"10249.C053.05SS",95,53,"Cesarean"
"10249.C053.07SS",153,53,"Cesarean"
"10249.C053.08SS",183,53,"Cesarean"
"10249.C053.09SS",214,53,"Cesarean"
"10249.C025.01SS",1,25,"Cesarean"
"10249.C025.02SS",30,25,"Cesarean"
"10249.C025.03SS",42,25,"Cesarean"
"10249.C025.06SS",124,25,"Cesarean"
"10249.C025.17SS",548,25,"Cesarean"
"10249.C025.18SS",615,25,"Cesarean"
"10249.C025.20SS",734,25,"Cesarean"
"10249.C002.01SS",0,2,"Cesarean"
"10249.C002.02SS",32,2,"Cesarean"
"10249.C002.03SS",53,2,"Cesarean"
"10249.C002.07SS",158,2,"Cesarean"
"10249.C002.12SS",338,2,"Cesarean"
"10249.C002.15SS",488,2,"Cesarean"
"10249.C002.16SS",555,2,"Cesarean"
"10249.C055.02SS",30,55,"Cesarean"
"10249.C055.03SS",41,55,"Cesarean"
"10249.C055.04SS",64,55,"Cesarean"
"10249.C055.05SS",91,55,"Cesarean"
"10249.C055.06SS",120,55,"Cesarean"
"10249.C055.07SS",155,55,"Cesarean"
"10249.C055.09SS",211,55,"Cesarean"
"10249.C031.02SS",32,31,"Vaginal"
"10249.C031.06SS",119,31,"Vaginal"
"10249.C031.07SS",152,31,"Vaginal"
"10249.C031.09SS",210,31,"Vaginal"
"10249.C031.14SS",365,31,"Vaginal"
"10249.C031.20SS",666,31,"Vaginal"
"10249.C031.21SS",729,31,"Vaginal"
"10249.C052.02SS",1,52,"Vaginal"
"10249.C052.03SS",32,52,"Vaginal"
"10249.C052.04SS",62,52,"Vaginal"
"10249.C052.06SS",127,52,"Vaginal"
"10249.C052.07SS",154,52,"Vaginal"
"10249.C052.08SS",188,52,"Vaginal"
"10249.C052.09SS",245,52,"Vaginal"
"10249.C049.01SS",4,49,"Vaginal"
"10249.C049.02SS",5,49,"Vaginal"
"10249.C049.03SS",32,49,"Vaginal"
"10249.C049.04SS",60,49,"Vaginal"
"10249.C049.08SS",154,49,"Vaginal"
"10249.C049.10SS",213,49,"Vaginal"
"10249.C049.11SS",243,49,"Vaginal"
"10249.C008.01SS",1,8,"Vaginal"
"10249.C008.05SS",159,8,"Vaginal"
"10249.C008.07SS",194,8,"Vaginal"
"10249.C008.09SS",250,8,"Vaginal"
"10249.C008.13SS",437,8,"Vaginal"
"10249.C008.14SS",490,8,"Vaginal"
"10249.C008.16SS",615,8,"Vaginal"
"10249.C016.05SS",64,16,"Vaginal"
"10249.C016.07SS",124,16,"Vaginal"
"10249.C016.10SS",213,16,"Vaginal"
"10249.C016.14SS",333,16,"Vaginal"
"10249.C016.15SS",366,16,"Vaginal"
"10249.C016.18SS",489,16,"Vaginal"
"10249.C016.19SS",549,16,"Vaginal"
"10249.C045.01SS",0,45,"Vaginal"
"10249.C045.03SS",61,45,"Vaginal"
"10249.C045.08SS",213,45,"Vaginal"
"10249.C045.10SS",276,45,"Vaginal"
"10249.C045.11SS",304,45,"Vaginal"
"10249.C045.12SS",344,45,"Vaginal"
"10249.C045.13SS",365,45,"Vaginal"
"10249.C047.02SS",32,47,"Cesarean"
"10249.C047.05SS",94,47,"Cesarean"
"10249.C047.06SS",126,47,"Cesarean"
"10249.C047.07SS",156,47,"Cesarean"
"10249.C047.08SS",185,47,"Cesarean"
"10249.C047.09SS",221,47,"Cesarean"
"10249.C047.11SS",277,47,"Cesarean"
