"","day_of_life","studyid","delivery"
"10249.C018.07SS",214,18,"Vaginal"
"10249.C018.15SS",548,18,"Vaginal"
"10249.C036.02SS",42,36,"Cesarean"
"10249.C036.11SS",334,36,"Cesarean"
"10249.C020.10SS",123,20,"Cesarean"
"10249.C020.22SS",593,20,"Cesarean"
"10249.C024.03SS",43,24,"Vaginal"
"10249.C024.18SS",551,24,"Vaginal"
"10249.C043.02SS",35,43,"Vaginal"
"10249.C043.17SS",550,43,"Vaginal"
"10249.C017.08SS",123,17,"Vaginal"
"10249.C017.10SS",179,17,"Vaginal"
"10249.C009.17SS",613,9,"Vaginal"
"10249.C009.18SS",681,9,"Vaginal"
"10249.C027.12SS",289,27,"Vaginal"
"10249.C027.17SS",489,27,"Vaginal"
"10249.C046.10SS",274,46,"Cesarean"
"10249.C046.14SS",433,46,"Cesarean"
"10249.C030.16SS",429,30,"Vaginal"
"10249.C030.18SS",554,30,"Vaginal"
"10249.C033.10SS",240,33,"Vaginal"
"10249.C033.18SS",608,33,"Vaginal"
"10249.C042.04SS",91,42,"Vaginal"
"10249.C042.08SS",216,42,"Vaginal"
"10249.C032.15SS",370,32,"Vaginal"
"10249.C032.19SS",555,32,"Vaginal"
"10249.C004.02SS",31,4,"Cesarean"
"10249.C004.04SS",91,4,"Cesarean"
"10249.C001.16SS",307,1,"Vaginal"
"10249.C001.30SS",551,1,"Vaginal"
"10249.C034.02SS",34,34,"Cesarean"
"10249.C034.05SS",90,34,"Cesarean"
"10249.C057.05SS",125,57,"Cesarean"
"10249.C057.09SS",238,57,"Cesarean"
"10249.C041.09SS",214,41,"Vaginal"
"10249.C041.16SS",424,41,"Vaginal"
"10249.C011.08SS",247,11,"Cesarean"
"10249.C011.12SS",373,11,"Cesarean"
"10249.C010.16SS",431,10,"Vaginal"
"10249.C010.19SS",677,10,"Vaginal"
"10249.C056.08SS",153,56,"Cesarean"
"10249.C056.09SS",184,56,"Cesarean"
"10249.C014.05SS",121,14,"Vaginal"
"10249.C014.06SS",154,14,"Vaginal"
"10249.C007.19SS",490,7,"Cesarean"
"10249.C007.23SS",729,7,"Cesarean"
"10249.C021.01SS",1,21,"Cesarean"
"10249.C021.03SS",37,21,"Cesarean"
"10249.C012.09SS",188,12,"Cesarean"
"10249.C012.19SS",609,12,"Cesarean"
"10249.C022.04SS",96,22,"Vaginal"
"10249.C022.07SS",182,22,"Vaginal"
"10249.C044.04SS",62,44,"Vaginal"
"10249.C044.11SS",276,44,"Vaginal"
"10249.C035.05SS",122,35,"Vaginal"
"10249.C035.15SS",488,35,"Vaginal"
"10249.C037.08SS",215,37,"Cesarean"
"10249.C037.14SS",426,37,"Cesarean"
"10249.C005.12SS",304,5,"Cesarean"
"10249.C005.18SS",612,5,"Cesarean"
"10249.C038.04SS",61,38,"Vaginal"
"10249.C038.11SS",278,38,"Vaginal"
"10249.C053.02SS",30,53,"Cesarean"
"10249.C053.05SS",95,53,"Cesarean"
"10249.C025.12SS",303,25,"Cesarean"
"10249.C025.17SS",548,25,"Cesarean"
"10249.C002.10SS",284,2,"Cesarean"
"10249.C002.16SS",555,2,"Cesarean"
"10249.C055.02SS",30,55,"Cesarean"
"10249.C055.06SS",120,55,"Cesarean"
"10249.C031.17SS",491,31,"Vaginal"
"10249.C031.19SS",618,31,"Vaginal"
"10249.C052.04SS",62,52,"Vaginal"
"10249.C052.08SS",188,52,"Vaginal"
"10249.C049.07SS",124,49,"Vaginal"
"10249.C049.14SS",337,49,"Vaginal"
"10249.C008.13SS",437,8,"Vaginal"
"10249.C008.14SS",490,8,"Vaginal"
"10249.C016.15SS",366,16,"Vaginal"
"10249.C016.21SS",672,16,"Vaginal"
"10249.C045.03SS",61,45,"Vaginal"
"10249.C045.12SS",344,45,"Vaginal"
"10249.C047.05SS",94,47,"Cesarean"
"10249.C047.08SS",185,47,"Cesarean"
