"","day_of_life","studyid","delivery"
"10249.C018.01SS",2,18,"Vaginal"
"10249.C018.06SS",189,18,"Vaginal"
"10249.C018.08SS",244,18,"Vaginal"
"10249.C018.13SS",425,18,"Vaginal"
"10249.C018.17SS",732,18,"Vaginal"
"10249.C036.02SS",42,36,"Cesarean"
"10249.C036.03SS",65,36,"Cesarean"
"10249.C036.04SS",126,36,"Cesarean"
"10249.C036.12SS",364,36,"Cesarean"
"10249.C036.15SS",559,36,"Cesarean"
"10249.C020.15SS",273,20,"Cesarean"
"10249.C020.19SS",426,20,"Cesarean"
"10249.C020.20SS",487,20,"Cesarean"
"10249.C020.21SS",551,20,"Cesarean"
"10249.C020.26SS",670,20,"Cesarean"
"10249.C024.12SS",272,24,"Vaginal"
"10249.C024.17SS",490,24,"Vaginal"
"10249.C024.18SS",551,24,"Vaginal"
"10249.C024.20SS",673,24,"Vaginal"
"10249.C024.21SS",734,24,"Vaginal"
"10249.C043.03SS",61,43,"Vaginal"
"10249.C043.08SS",217,43,"Vaginal"
"10249.C043.14SS",364,43,"Vaginal"
"10249.C043.15SS",428,43,"Vaginal"
"10249.C043.17SS",550,43,"Vaginal"
"10249.C017.01SS",0,17,"Vaginal"
"10249.C017.06SS",63,17,"Vaginal"
"10249.C017.07SS",91,17,"Vaginal"
"10249.C017.08SS",123,17,"Vaginal"
"10249.C017.09SS",152,17,"Vaginal"
"10249.C009.02SS",31,9,"Vaginal"
"10249.C009.04SS",94,9,"Vaginal"
"10249.C009.14SS",429,9,"Vaginal"
"10249.C009.18SS",681,9,"Vaginal"
"10249.C009.19SS",739,9,"Vaginal"
"10249.C027.05SS",119,27,"Vaginal"
"10249.C027.09SS",243,27,"Vaginal"
"10249.C027.12SS",289,27,"Vaginal"
"10249.C027.16SS",429,27,"Vaginal"
"10249.C027.19SS",607,27,"Vaginal"
"10249.C046.01SS",1,46,"Cesarean"
"10249.C046.03SS",54,46,"Cesarean"
"10249.C046.05SS",124,46,"Cesarean"
"10249.C046.06SS",151,46,"Cesarean"
"10249.C046.10SS",274,46,"Cesarean"
"10249.C030.02SS",34,30,"Vaginal"
"10249.C030.04SS",61,30,"Vaginal"
"10249.C030.07SS",150,30,"Vaginal"
"10249.C030.09SS",214,30,"Vaginal"
"10249.C030.19SS",606,30,"Vaginal"
"10249.C033.02SS",32,33,"Vaginal"
"10249.C033.05SS",147,33,"Vaginal"
"10249.C033.10SS",240,33,"Vaginal"
"10249.C033.15SS",427,33,"Vaginal"
"10249.C033.17SS",547,33,"Vaginal"
"10249.C042.02SS",31,42,"Vaginal"
"10249.C042.03SS",61,42,"Vaginal"
"10249.C042.06SS",154,42,"Vaginal"
"10249.C042.12SS",337,42,"Vaginal"
"10249.C042.13SS",374,42,"Vaginal"
"10249.C032.02SS",31,32,"Vaginal"
"10249.C032.05SS",91,32,"Vaginal"
"10249.C032.07SS",153,32,"Vaginal"
"10249.C032.19SS",555,32,"Vaginal"
"10249.C032.21SS",674,32,"Vaginal"
"10249.C004.01SS",0,4,"Cesarean"
"10249.C004.06SS",154,4,"Cesarean"
"10249.C004.12SS",278,4,"Cesarean"
"10249.C004.13SS",308,4,"Cesarean"
"10249.C004.15SS",366,4,"Cesarean"
"10249.C001.04SS",49,1,"Vaginal"
"10249.C001.19SS",375,1,"Vaginal"
"10249.C001.27SS",435,1,"Vaginal"
"10249.C001.30SS",551,1,"Vaginal"
"10249.C001.34SS",733,1,"Vaginal"
"10249.C034.04SS",63,34,"Cesarean"
"10249.C034.05SS",90,34,"Cesarean"
"10249.C034.08SS",183,34,"Cesarean"
"10249.C034.13SS",335,34,"Cesarean"
"10249.C034.15SS",424,34,"Cesarean"
"10249.C057.03SS",62,57,"Cesarean"
"10249.C057.05SS",125,57,"Cesarean"
"10249.C057.06SS",157,57,"Cesarean"
"10249.C057.08SS",215,57,"Cesarean"
"10249.C057.11SS",277,57,"Cesarean"
"10249.C041.01SS",0,41,"Vaginal"
"10249.C041.02SS",32,41,"Vaginal"
"10249.C041.16SS",424,41,"Vaginal"
"10249.C041.17SS",488,41,"Vaginal"
"10249.C041.19SS",618,41,"Vaginal"
"10249.C011.07SS",210,11,"Cesarean"
"10249.C011.10SS",303,11,"Cesarean"
"10249.C011.16SS",553,11,"Cesarean"
"10249.C011.17SS",610,11,"Cesarean"
"10249.C011.18SS",676,11,"Cesarean"
"10249.C010.02SS",30,10,"Vaginal"
"10249.C010.10SS",219,10,"Vaginal"
"10249.C010.15SS",368,10,"Vaginal"
"10249.C010.16SS",431,10,"Vaginal"
"10249.C010.20SS",737,10,"Vaginal"
"10249.C056.01SS",0,56,"Cesarean"
"10249.C056.04SS",31,56,"Cesarean"
"10249.C056.07SS",122,56,"Cesarean"
"10249.C056.09SS",184,56,"Cesarean"
"10249.C056.10SS",215,56,"Cesarean"
"10249.C014.02SS",31,14,"Vaginal"
"10249.C014.06SS",154,14,"Vaginal"
"10249.C014.13SS",368,14,"Vaginal"
"10249.C014.19SS",675,14,"Vaginal"
"10249.C014.20SS",737,14,"Vaginal"
"10249.C007.03SS",49,7,"Cesarean"
"10249.C007.09SS",214,7,"Cesarean"
"10249.C007.11SS",243,7,"Cesarean"
"10249.C007.12SS",258,7,"Cesarean"
"10249.C007.20SS",551,7,"Cesarean"
"10249.C021.03SS",37,21,"Cesarean"
"10249.C021.07SS",245,21,"Cesarean"
"10249.C021.08SS",306,21,"Cesarean"
"10249.C021.10SS",351,21,"Cesarean"
"10249.C021.12SS",499,21,"Cesarean"
"10249.C012.02SS",29,12,"Cesarean"
"10249.C012.04SS",62,12,"Cesarean"
"10249.C012.12SS",272,12,"Cesarean"
"10249.C012.15SS",365,12,"Cesarean"
"10249.C012.17SS",490,12,"Cesarean"
"10249.C022.03SS",63,22,"Vaginal"
"10249.C022.11SS",304,22,"Vaginal"
"10249.C022.13SS",370,22,"Vaginal"
"10249.C022.16SS",551,22,"Vaginal"
"10249.C022.18SS",671,22,"Vaginal"
"10249.C044.01SS",1,44,"Vaginal"
"10249.C044.08SS",186,44,"Vaginal"
"10249.C044.09SS",222,44,"Vaginal"
"10249.C044.15SS",424,44,"Vaginal"
"10249.C044.16SS",497,44,"Vaginal"
"10249.C035.06SS",153,35,"Vaginal"
"10249.C035.08SS",214,35,"Vaginal"
"10249.C035.13SS",367,35,"Vaginal"
"10249.C035.15SS",488,35,"Vaginal"
"10249.C035.17SS",608,35,"Vaginal"
"10249.C037.01SS",1,37,"Cesarean"
"10249.C037.07SS",199,37,"Cesarean"
"10249.C037.11SS",307,37,"Cesarean"
"10249.C037.14SS",426,37,"Cesarean"
"10249.C037.16SS",554,37,"Cesarean"
"10249.C005.03SS",43,5,"Cesarean"
"10249.C005.08SS",183,5,"Cesarean"
"10249.C005.14SS",367,5,"Cesarean"
"10249.C005.17SS",549,5,"Cesarean"
"10249.C005.19SS",667,5,"Cesarean"
"10249.C038.09SS",215,38,"Vaginal"
"10249.C038.12SS",305,38,"Vaginal"
"10249.C038.14SS",365,38,"Vaginal"
"10249.C038.16SS",487,38,"Vaginal"
"10249.C038.18SS",610,38,"Vaginal"
"10249.C053.02SS",30,53,"Cesarean"
"10249.C053.03SS",45,53,"Cesarean"
"10249.C053.06SS",123,53,"Cesarean"
"10249.C053.07SS",153,53,"Cesarean"
"10249.C053.08SS",183,53,"Cesarean"
"10249.C025.05SS",94,25,"Cesarean"
"10249.C025.08SS",183,25,"Cesarean"
"10249.C025.10SS",240,25,"Cesarean"
"10249.C025.16SS",489,25,"Cesarean"
"10249.C025.19SS",666,25,"Cesarean"
"10249.C002.02SS",32,2,"Cesarean"
"10249.C002.08SS",190,2,"Cesarean"
"10249.C002.15SS",488,2,"Cesarean"
"10249.C002.16SS",555,2,"Cesarean"
"10249.C002.18SS",678,2,"Cesarean"
"10249.C055.01SS",0,55,"Cesarean"
"10249.C055.02SS",30,55,"Cesarean"
"10249.C055.03SS",41,55,"Cesarean"
"10249.C055.05SS",91,55,"Cesarean"
"10249.C055.09SS",211,55,"Cesarean"
"10249.C031.09SS",210,31,"Vaginal"
"10249.C031.11SS",275,31,"Vaginal"
"10249.C031.13SS",341,31,"Vaginal"
"10249.C031.16SS",428,31,"Vaginal"
"10249.C031.18SS",547,31,"Vaginal"
"10249.C052.02SS",1,52,"Vaginal"
"10249.C052.03SS",32,52,"Vaginal"
"10249.C052.07SS",154,52,"Vaginal"
"10249.C052.08SS",188,52,"Vaginal"
"10249.C052.09SS",245,52,"Vaginal"
"10249.C049.03SS",32,49,"Vaginal"
"10249.C049.07SS",124,49,"Vaginal"
"10249.C049.08SS",154,49,"Vaginal"
"10249.C049.09SS",181,49,"Vaginal"
"10249.C049.13SS",305,49,"Vaginal"
"10249.C008.07SS",194,8,"Vaginal"
"10249.C008.10SS",273,8,"Vaginal"
"10249.C008.12SS",364,8,"Vaginal"
"10249.C008.14SS",490,8,"Vaginal"
"10249.C008.15SS",552,8,"Vaginal"
"10249.C016.05SS",64,16,"Vaginal"
"10249.C016.08SS",152,16,"Vaginal"
"10249.C016.17SS",428,16,"Vaginal"
"10249.C016.19SS",549,16,"Vaginal"
"10249.C016.22SS",733,16,"Vaginal"
"10249.C045.01SS",0,45,"Vaginal"
"10249.C045.03SS",61,45,"Vaginal"
"10249.C045.06SS",154,45,"Vaginal"
"10249.C045.09SS",245,45,"Vaginal"
"10249.C045.11SS",304,45,"Vaginal"
"10249.C047.05SS",94,47,"Cesarean"
"10249.C047.06SS",126,47,"Cesarean"
"10249.C047.08SS",185,47,"Cesarean"
"10249.C047.10SS",249,47,"Cesarean"
"10249.C047.11SS",277,47,"Cesarean"
