"","day_of_life","studyid","delivery"
"10249.C018.14SS",489,18,"Vaginal"
"10249.C018.17SS",732,18,"Vaginal"
"10249.C036.13SS",425,36,"Cesarean"
"10249.C036.14SS",490,36,"Cesarean"
"10249.C020.04SS",11,20,"Cesarean"
"10249.C020.22SS",593,20,"Cesarean"
"10249.C024.14SS",337,24,"Vaginal"
"10249.C024.21SS",734,24,"Vaginal"
"10249.C043.01SS",0,43,"Vaginal"
"10249.C043.17SS",550,43,"Vaginal"
"10249.C017.08SS",123,17,"Vaginal"
"10249.C017.12SS",247,17,"Vaginal"
"10249.C009.02SS",31,9,"Vaginal"
"10249.C009.19SS",739,9,"Vaginal"
"10249.C027.06SS",155,27,"Vaginal"
"10249.C027.16SS",429,27,"Vaginal"
"10249.C046.04SS",93,46,"Cesarean"
"10249.C046.08SS",211,46,"Cesarean"
"10249.C030.01SS",0,30,"Vaginal"
"10249.C030.04SS",61,30,"Vaginal"
"10249.C033.02SS",32,33,"Vaginal"
"10249.C033.16SS",485,33,"Vaginal"
"10249.C042.13SS",374,42,"Vaginal"
"10249.C042.16SS",557,42,"Vaginal"
"10249.C032.04SS",59,32,"Vaginal"
"10249.C032.10SS",246,32,"Vaginal"
"10249.C004.03SS",55,4,"Cesarean"
"10249.C004.11SS",266,4,"Cesarean"
"10249.C001.18SS",367,1,"Vaginal"
"10249.C001.29SS",488,1,"Vaginal"
"10249.C034.02SS",34,34,"Cesarean"
"10249.C034.12SS",308,34,"Cesarean"
"10249.C057.08SS",215,57,"Cesarean"
"10249.C057.11SS",277,57,"Cesarean"
"10249.C041.04SS",96,41,"Vaginal"
"10249.C041.12SS",278,41,"Vaginal"
"10249.C011.01SS",1,11,"Cesarean"
"10249.C011.12SS",373,11,"Cesarean"
"10249.C010.19SS",677,10,"Vaginal"
"10249.C010.20SS",737,10,"Vaginal"
"10249.C056.02SS",1,56,"Cesarean"
"10249.C056.10SS",215,56,"Cesarean"
"10249.C014.04SS",92,14,"Vaginal"
"10249.C014.15SS",426,14,"Vaginal"
"10249.C007.21SS",608,7,"Cesarean"
"10249.C007.23SS",729,7,"Cesarean"
"10249.C021.03SS",37,21,"Cesarean"
"10249.C021.07SS",245,21,"Cesarean"
"10249.C012.09SS",188,12,"Cesarean"
"10249.C012.12SS",272,12,"Cesarean"
"10249.C022.15SS",489,22,"Vaginal"
"10249.C022.19SS",737,22,"Vaginal"
"10249.C044.05SS",92,44,"Vaginal"
"10249.C044.08SS",186,44,"Vaginal"
"10249.C035.08SS",214,35,"Vaginal"
"10249.C035.17SS",608,35,"Vaginal"
"10249.C037.01SS",1,37,"Cesarean"
"10249.C037.15SS",497,37,"Cesarean"
"10249.C005.04SS",63,5,"Cesarean"
"10249.C005.19SS",667,5,"Cesarean"
"10249.C038.16SS",487,38,"Vaginal"
"10249.C038.18SS",610,38,"Vaginal"
"10249.C053.02SS",30,53,"Cesarean"
"10249.C053.07SS",153,53,"Cesarean"
"10249.C025.04SS",60,25,"Cesarean"
"10249.C025.13SS",337,25,"Cesarean"
"10249.C002.02SS",32,2,"Cesarean"
"10249.C002.11SS",315,2,"Cesarean"
"10249.C055.03SS",41,55,"Cesarean"
"10249.C055.09SS",211,55,"Cesarean"
"10249.C031.07SS",152,31,"Vaginal"
"10249.C031.14SS",365,31,"Vaginal"
"10249.C052.03SS",32,52,"Vaginal"
"10249.C052.06SS",127,52,"Vaginal"
"10249.C049.08SS",154,49,"Vaginal"
"10249.C049.10SS",213,49,"Vaginal"
"10249.C008.05SS",159,8,"Vaginal"
"10249.C008.14SS",490,8,"Vaginal"
"10249.C016.19SS",549,16,"Vaginal"
"10249.C016.20SS",608,16,"Vaginal"
"10249.C045.06SS",154,45,"Vaginal"
"10249.C045.08SS",213,45,"Vaginal"
"10249.C047.02SS",32,47,"Cesarean"
"10249.C047.08SS",185,47,"Cesarean"
