"","day_of_life","studyid","delivery"
"10249.C018.03SS",90,18,"Vaginal"
"10249.C018.07SS",214,18,"Vaginal"
"10249.C018.10SS",312,18,"Vaginal"
"10249.C018.12SS",373,18,"Vaginal"
"10249.C018.16SS",606,18,"Vaginal"
"10249.C036.01SS",0,36,"Cesarean"
"10249.C036.04SS",126,36,"Cesarean"
"10249.C036.05SS",162,36,"Cesarean"
"10249.C036.09SS",276,36,"Cesarean"
"10249.C036.14SS",490,36,"Cesarean"
"10249.C020.10SS",123,20,"Cesarean"
"10249.C020.17SS",334,20,"Cesarean"
"10249.C020.18SS",365,20,"Cesarean"
"10249.C020.21SS",551,20,"Cesarean"
"10249.C020.22SS",593,20,"Cesarean"
"10249.C024.01SS",0,24,"Vaginal"
"10249.C024.04SS",61,24,"Vaginal"
"10249.C024.06SS",86,24,"Vaginal"
"10249.C024.13SS",310,24,"Vaginal"
"10249.C024.15SS",373,24,"Vaginal"
"10249.C043.02SS",35,43,"Vaginal"
"10249.C043.05SS",126,43,"Vaginal"
"10249.C043.06SS",154,43,"Vaginal"
"10249.C043.15SS",428,43,"Vaginal"
"10249.C043.20SS",616,43,"Vaginal"
"10249.C017.01SS",0,17,"Vaginal"
"10249.C017.04SS",32,17,"Vaginal"
"10249.C017.05SS",45,17,"Vaginal"
"10249.C017.10SS",179,17,"Vaginal"
"10249.C017.11SS",216,17,"Vaginal"
"10249.C009.02SS",31,9,"Vaginal"
"10249.C009.04SS",94,9,"Vaginal"
"10249.C009.12SS",339,9,"Vaginal"
"10249.C009.14SS",429,9,"Vaginal"
"10249.C009.17SS",613,9,"Vaginal"
"10249.C027.04SS",91,27,"Vaginal"
"10249.C027.08SS",211,27,"Vaginal"
"10249.C027.10SS",275,27,"Vaginal"
"10249.C027.15SS",370,27,"Vaginal"
"10249.C027.19SS",607,27,"Vaginal"
"10249.C046.01SS",1,46,"Cesarean"
"10249.C046.02SS",31,46,"Cesarean"
"10249.C046.06SS",151,46,"Cesarean"
"10249.C046.11SS",306,46,"Cesarean"
"10249.C046.14SS",433,46,"Cesarean"
"10249.C030.01SS",0,30,"Vaginal"
"10249.C030.03SS",44,30,"Vaginal"
"10249.C030.12SS",303,30,"Vaginal"
"10249.C030.14SS",365,30,"Vaginal"
"10249.C030.18SS",554,30,"Vaginal"
"10249.C033.04SS",119,33,"Vaginal"
"10249.C033.12SS",305,33,"Vaginal"
"10249.C033.15SS",427,33,"Vaginal"
"10249.C033.16SS",485,33,"Vaginal"
"10249.C033.17SS",547,33,"Vaginal"
"10249.C042.01SS",0,42,"Vaginal"
"10249.C042.03SS",61,42,"Vaginal"
"10249.C042.13SS",374,42,"Vaginal"
"10249.C042.15SS",493,42,"Vaginal"
"10249.C042.16SS",557,42,"Vaginal"
"10249.C032.01SS",1,32,"Vaginal"
"10249.C032.07SS",153,32,"Vaginal"
"10249.C032.11SS",272,32,"Vaginal"
"10249.C032.14SS",342,32,"Vaginal"
"10249.C032.16SS",422,32,"Vaginal"
"10249.C004.02SS",31,4,"Cesarean"
"10249.C004.06SS",154,4,"Cesarean"
"10249.C004.08SS",214,4,"Cesarean"
"10249.C004.09SS",245,4,"Cesarean"
"10249.C004.15SS",366,4,"Cesarean"
"10249.C001.05SS",57,1,"Vaginal"
"10249.C001.09SS",153,1,"Vaginal"
"10249.C001.30SS",551,1,"Vaginal"
"10249.C001.31SS",613,1,"Vaginal"
"10249.C001.32SS",677,1,"Vaginal"
"10249.C034.02SS",34,34,"Cesarean"
"10249.C034.03SS",45,34,"Cesarean"
"10249.C034.05SS",90,34,"Cesarean"
"10249.C034.12SS",308,34,"Cesarean"
"10249.C034.16SS",483,34,"Cesarean"
"10249.C057.05SS",125,57,"Cesarean"
"10249.C057.06SS",157,57,"Cesarean"
"10249.C057.08SS",215,57,"Cesarean"
"10249.C057.09SS",238,57,"Cesarean"
"10249.C057.10SS",244,57,"Cesarean"
"10249.C041.02SS",32,41,"Vaginal"
"10249.C041.12SS",278,41,"Vaginal"
"10249.C041.17SS",488,41,"Vaginal"
"10249.C041.18SS",556,41,"Vaginal"
"10249.C041.19SS",618,41,"Vaginal"
"10249.C011.01SS",1,11,"Cesarean"
"10249.C011.03SS",65,11,"Cesarean"
"10249.C011.09SS",273,11,"Cesarean"
"10249.C011.12SS",373,11,"Cesarean"
"10249.C011.18SS",676,11,"Cesarean"
"10249.C010.05SS",60,10,"Vaginal"
"10249.C010.11SS",246,10,"Vaginal"
"10249.C010.15SS",368,10,"Vaginal"
"10249.C010.19SS",677,10,"Vaginal"
"10249.C010.20SS",737,10,"Vaginal"
"10249.C056.01SS",0,56,"Cesarean"
"10249.C056.02SS",1,56,"Cesarean"
"10249.C056.04SS",31,56,"Cesarean"
"10249.C056.07SS",122,56,"Cesarean"
"10249.C056.10SS",215,56,"Cesarean"
"10249.C014.04SS",92,14,"Vaginal"
"10249.C014.06SS",154,14,"Vaginal"
"10249.C014.09SS",239,14,"Vaginal"
"10249.C014.15SS",426,14,"Vaginal"
"10249.C014.20SS",737,14,"Vaginal"
"10249.C007.04SS",66,7,"Cesarean"
"10249.C007.09SS",214,7,"Cesarean"
"10249.C007.13SS",266,7,"Cesarean"
"10249.C007.19SS",490,7,"Cesarean"
"10249.C007.21SS",608,7,"Cesarean"
"10249.C021.03SS",37,21,"Cesarean"
"10249.C021.05SS",161,21,"Cesarean"
"10249.C021.06SS",188,21,"Cesarean"
"10249.C021.08SS",306,21,"Cesarean"
"10249.C021.12SS",499,21,"Cesarean"
"10249.C012.05SS",99,12,"Cesarean"
"10249.C012.10SS",215,12,"Cesarean"
"10249.C012.19SS",609,12,"Cesarean"
"10249.C012.21SS",732,12,"Cesarean"
"10249.C012.22SS",739,12,"Cesarean"
"10249.C022.02SS",32,22,"Vaginal"
"10249.C022.06SS",153,22,"Vaginal"
"10249.C022.09SS",243,22,"Vaginal"
"10249.C022.12SS",342,22,"Vaginal"
"10249.C022.13SS",370,22,"Vaginal"
"10249.C044.03SS",41,44,"Vaginal"
"10249.C044.05SS",92,44,"Vaginal"
"10249.C044.07SS",155,44,"Vaginal"
"10249.C044.16SS",497,44,"Vaginal"
"10249.C044.17SS",553,44,"Vaginal"
"10249.C035.04SS",91,35,"Vaginal"
"10249.C035.05SS",122,35,"Vaginal"
"10249.C035.11SS",307,35,"Vaginal"
"10249.C035.15SS",488,35,"Vaginal"
"10249.C035.17SS",608,35,"Vaginal"
"10249.C037.01SS",1,37,"Cesarean"
"10249.C037.04SS",92,37,"Cesarean"
"10249.C037.05SS",123,37,"Cesarean"
"10249.C037.17SS",612,37,"Cesarean"
"10249.C037.18SS",674,37,"Cesarean"
"10249.C005.10SS",245,5,"Cesarean"
"10249.C005.13SS",332,5,"Cesarean"
"10249.C005.17SS",549,5,"Cesarean"
"10249.C005.18SS",612,5,"Cesarean"
"10249.C005.20SS",735,5,"Cesarean"
"10249.C038.02SS",33,38,"Vaginal"
"10249.C038.04SS",61,38,"Vaginal"
"10249.C038.08SS",187,38,"Vaginal"
"10249.C038.12SS",305,38,"Vaginal"
"10249.C038.18SS",610,38,"Vaginal"
"10249.C053.03SS",45,53,"Cesarean"
"10249.C053.04SS",62,53,"Cesarean"
"10249.C053.05SS",95,53,"Cesarean"
"10249.C053.06SS",123,53,"Cesarean"
"10249.C053.07SS",153,53,"Cesarean"
"10249.C025.01SS",1,25,"Cesarean"
"10249.C025.08SS",183,25,"Cesarean"
"10249.C025.12SS",303,25,"Cesarean"
"10249.C025.16SS",489,25,"Cesarean"
"10249.C025.17SS",548,25,"Cesarean"
"10249.C002.01SS",0,2,"Cesarean"
"10249.C002.03SS",53,2,"Cesarean"
"10249.C002.05SS",89,2,"Cesarean"
"10249.C002.18SS",678,2,"Cesarean"
"10249.C002.19SS",731,2,"Cesarean"
"10249.C055.03SS",41,55,"Cesarean"
"10249.C055.06SS",120,55,"Cesarean"
"10249.C055.07SS",155,55,"Cesarean"
"10249.C055.08SS",183,55,"Cesarean"
"10249.C055.09SS",211,55,"Cesarean"
"10249.C031.01SS",0,31,"Vaginal"
"10249.C031.08SS",184,31,"Vaginal"
"10249.C031.09SS",210,31,"Vaginal"
"10249.C031.12SS",307,31,"Vaginal"
"10249.C031.19SS",618,31,"Vaginal"
"10249.C052.02SS",1,52,"Vaginal"
"10249.C052.03SS",32,52,"Vaginal"
"10249.C052.04SS",62,52,"Vaginal"
"10249.C052.07SS",154,52,"Vaginal"
"10249.C052.09SS",245,52,"Vaginal"
"10249.C049.02SS",5,49,"Vaginal"
"10249.C049.03SS",32,49,"Vaginal"
"10249.C049.07SS",124,49,"Vaginal"
"10249.C049.10SS",213,49,"Vaginal"
"10249.C049.12SS",274,49,"Vaginal"
"10249.C008.03SS",72,8,"Vaginal"
"10249.C008.04SS",126,8,"Vaginal"
"10249.C008.06SS",189,8,"Vaginal"
"10249.C008.09SS",250,8,"Vaginal"
"10249.C008.13SS",437,8,"Vaginal"
"10249.C016.01SS",1,16,"Vaginal"
"10249.C016.02SS",8,16,"Vaginal"
"10249.C016.15SS",366,16,"Vaginal"
"10249.C016.20SS",608,16,"Vaginal"
"10249.C016.22SS",733,16,"Vaginal"
"10249.C045.02SS",31,45,"Vaginal"
"10249.C045.04SS",91,45,"Vaginal"
"10249.C045.05SS",120,45,"Vaginal"
"10249.C045.06SS",154,45,"Vaginal"
"10249.C045.08SS",213,45,"Vaginal"
"10249.C047.05SS",94,47,"Cesarean"
"10249.C047.06SS",126,47,"Cesarean"
"10249.C047.10SS",249,47,"Cesarean"
"10249.C047.11SS",277,47,"Cesarean"
"10249.C047.13SS",347,47,"Cesarean"
