"","day_of_life","studyid","delivery"
"10249.C018.02SS",33,18,"Vaginal"
"10249.C018.06SS",189,18,"Vaginal"
"10249.C036.11SS",334,36,"Cesarean"
"10249.C036.14SS",490,36,"Cesarean"
"10249.C020.20SS",487,20,"Cesarean"
"10249.C020.22SS",593,20,"Cesarean"
"10249.C024.16SS",416,24,"Vaginal"
"10249.C024.18SS",551,24,"Vaginal"
"10249.C043.17SS",550,43,"Vaginal"
"10249.C043.20SS",616,43,"Vaginal"
"10249.C017.11SS",216,17,"Vaginal"
"10249.C017.12SS",247,17,"Vaginal"
"10249.C009.11SS",305,9,"Vaginal"
"10249.C009.16SS",555,9,"Vaginal"
"10249.C027.05SS",119,27,"Vaginal"
"10249.C027.19SS",607,27,"Vaginal"
"10249.C046.05SS",124,46,"Cesarean"
"10249.C046.09SS",244,46,"Cesarean"
"10249.C030.07SS",150,30,"Vaginal"
"10249.C030.16SS",429,30,"Vaginal"
"10249.C033.09SS",236,33,"Vaginal"
"10249.C033.18SS",608,33,"Vaginal"
"10249.C042.03SS",61,42,"Vaginal"
"10249.C042.10SS",277,42,"Vaginal"
"10249.C032.03SS",52,32,"Vaginal"
"10249.C032.14SS",342,32,"Vaginal"
"10249.C004.04SS",91,4,"Cesarean"
"10249.C004.07SS",186,4,"Cesarean"
"10249.C001.10SS",183,1,"Vaginal"
"10249.C001.25SS",411,1,"Vaginal"
"10249.C034.15SS",424,34,"Cesarean"
"10249.C034.17SS",539,34,"Cesarean"
"10249.C057.03SS",62,57,"Cesarean"
"10249.C057.09SS",238,57,"Cesarean"
"10249.C041.13SS",310,41,"Vaginal"
"10249.C041.18SS",556,41,"Vaginal"
"10249.C011.17SS",610,11,"Cesarean"
"10249.C011.18SS",676,11,"Cesarean"
"10249.C010.02SS",30,10,"Vaginal"
"10249.C010.10SS",219,10,"Vaginal"
"10249.C056.01SS",0,56,"Cesarean"
"10249.C056.05SS",65,56,"Cesarean"
"10249.C014.12SS",333,14,"Vaginal"
"10249.C014.16SS",486,14,"Vaginal"
"10249.C007.16SS",334,7,"Cesarean"
"10249.C007.21SS",608,7,"Cesarean"
"10249.C021.06SS",188,21,"Cesarean"
"10249.C021.08SS",306,21,"Cesarean"
"10249.C012.20SS",675,12,"Cesarean"
"10249.C012.21SS",732,12,"Cesarean"
"10249.C022.07SS",182,22,"Vaginal"
"10249.C022.12SS",342,22,"Vaginal"
"10249.C044.13SS",334,44,"Vaginal"
"10249.C044.16SS",497,44,"Vaginal"
"10249.C035.14SS",427,35,"Vaginal"
"10249.C035.16SS",551,35,"Vaginal"
"10249.C037.02SS",33,37,"Cesarean"
"10249.C037.12SS",335,37,"Cesarean"
"10249.C005.02SS",29,5,"Cesarean"
"10249.C005.16SS",485,5,"Cesarean"
"10249.C038.06SS",123,38,"Vaginal"
"10249.C038.14SS",365,38,"Vaginal"
"10249.C053.03SS",45,53,"Cesarean"
"10249.C053.04SS",62,53,"Cesarean"
"10249.C025.13SS",337,25,"Cesarean"
"10249.C025.15SS",428,25,"Cesarean"
"10249.C002.01SS",0,2,"Cesarean"
"10249.C002.09SS",249,2,"Cesarean"
"10249.C055.05SS",91,55,"Cesarean"
"10249.C055.08SS",183,55,"Cesarean"
"10249.C031.16SS",428,31,"Vaginal"
"10249.C031.20SS",666,31,"Vaginal"
"10249.C052.06SS",127,52,"Vaginal"
"10249.C052.09SS",245,52,"Vaginal"
"10249.C049.07SS",124,49,"Vaginal"
"10249.C049.10SS",213,49,"Vaginal"
"10249.C008.06SS",189,8,"Vaginal"
"10249.C008.13SS",437,8,"Vaginal"
"10249.C016.06SS",92,16,"Vaginal"
"10249.C016.07SS",124,16,"Vaginal"
"10249.C045.02SS",31,45,"Vaginal"
"10249.C045.09SS",245,45,"Vaginal"
"10249.C047.08SS",185,47,"Cesarean"
"10249.C047.11SS",277,47,"Cesarean"
