"","day_of_life","studyid","delivery"
"10249.C018.07SS",214,18,"Vaginal"
"10249.C018.08SS",244,18,"Vaginal"
"10249.C018.16SS",606,18,"Vaginal"
"10249.C018.17SS",732,18,"Vaginal"
"10249.C036.01SS",0,36,"Cesarean"
"10249.C036.07SS",216,36,"Cesarean"
"10249.C036.14SS",490,36,"Cesarean"
"10249.C036.16SS",610,36,"Cesarean"
"10249.C020.06SS",15,20,"Cesarean"
"10249.C020.18SS",365,20,"Cesarean"
"10249.C020.21SS",551,20,"Cesarean"
"10249.C020.23SS",594,20,"Cesarean"
"10249.C024.01SS",0,24,"Vaginal"
"10249.C024.02SS",33,24,"Vaginal"
"10249.C024.05SS",75,24,"Vaginal"
"10249.C024.18SS",551,24,"Vaginal"
"10249.C043.01SS",0,43,"Vaginal"
"10249.C043.02SS",35,43,"Vaginal"
"10249.C043.15SS",428,43,"Vaginal"
"10249.C043.17SS",550,43,"Vaginal"
"10249.C017.05SS",45,17,"Vaginal"
"10249.C017.06SS",63,17,"Vaginal"
"10249.C017.08SS",123,17,"Vaginal"
"10249.C017.11SS",216,17,"Vaginal"
"10249.C009.04SS",94,9,"Vaginal"
"10249.C009.11SS",305,9,"Vaginal"
"10249.C009.16SS",555,9,"Vaginal"
"10249.C009.18SS",681,9,"Vaginal"
"10249.C027.01SS",1,27,"Vaginal"
"10249.C027.04SS",91,27,"Vaginal"
"10249.C027.17SS",489,27,"Vaginal"
"10249.C027.19SS",607,27,"Vaginal"
"10249.C046.09SS",244,46,"Cesarean"
"10249.C046.11SS",306,46,"Cesarean"
"10249.C046.13SS",366,46,"Cesarean"
"10249.C046.14SS",433,46,"Cesarean"
"10249.C030.06SS",122,30,"Vaginal"
"10249.C030.09SS",214,30,"Vaginal"
"10249.C030.14SS",365,30,"Vaginal"
"10249.C030.20SS",674,30,"Vaginal"
"10249.C033.03SS",61,33,"Vaginal"
"10249.C033.08SS",230,33,"Vaginal"
"10249.C033.17SS",547,33,"Vaginal"
"10249.C033.18SS",608,33,"Vaginal"
"10249.C042.01SS",0,42,"Vaginal"
"10249.C042.03SS",61,42,"Vaginal"
"10249.C042.09SS",247,42,"Vaginal"
"10249.C042.14SS",438,42,"Vaginal"
"10249.C032.04SS",59,32,"Vaginal"
"10249.C032.09SS",209,32,"Vaginal"
"10249.C032.10SS",246,32,"Vaginal"
"10249.C032.17SS",485,32,"Vaginal"
"10249.C004.03SS",55,4,"Cesarean"
"10249.C004.04SS",91,4,"Cesarean"
"10249.C004.07SS",186,4,"Cesarean"
"10249.C004.10SS",257,4,"Cesarean"
"10249.C001.02SS",36,1,"Vaginal"
"10249.C001.16SS",307,1,"Vaginal"
"10249.C001.20SS",378,1,"Vaginal"
"10249.C001.32SS",677,1,"Vaginal"
"10249.C034.03SS",45,34,"Cesarean"
"10249.C034.12SS",308,34,"Cesarean"
"10249.C034.14SS",369,34,"Cesarean"
"10249.C034.16SS",483,34,"Cesarean"
"10249.C057.02SS",31,57,"Cesarean"
"10249.C057.04SS",91,57,"Cesarean"
"10249.C057.06SS",157,57,"Cesarean"
"10249.C057.08SS",215,57,"Cesarean"
"10249.C041.02SS",32,41,"Vaginal"
"10249.C041.05SS",126,41,"Vaginal"
"10249.C041.14SS",339,41,"Vaginal"
"10249.C041.16SS",424,41,"Vaginal"
"10249.C011.09SS",273,11,"Cesarean"
"10249.C011.14SS",486,11,"Cesarean"
"10249.C011.17SS",610,11,"Cesarean"
"10249.C011.19SS",737,11,"Cesarean"
"10249.C010.04SS",43,10,"Vaginal"
"10249.C010.07SS",123,10,"Vaginal"
"10249.C010.16SS",431,10,"Vaginal"
"10249.C010.18SS",613,10,"Vaginal"
"10249.C056.05SS",65,56,"Cesarean"
"10249.C056.06SS",93,56,"Cesarean"
"10249.C056.07SS",122,56,"Cesarean"
"10249.C056.08SS",153,56,"Cesarean"
"10249.C014.09SS",239,14,"Vaginal"
"10249.C014.15SS",426,14,"Vaginal"
"10249.C014.18SS",614,14,"Vaginal"
"10249.C014.20SS",737,14,"Vaginal"
"10249.C007.02SS",30,7,"Cesarean"
"10249.C007.11SS",243,7,"Cesarean"
"10249.C007.19SS",490,7,"Cesarean"
"10249.C007.21SS",608,7,"Cesarean"
"10249.C021.01SS",1,21,"Cesarean"
"10249.C021.02SS",2,21,"Cesarean"
"10249.C021.09SS",347,21,"Cesarean"
"10249.C021.13SS",559,21,"Cesarean"
"10249.C012.04SS",62,12,"Cesarean"
"10249.C012.15SS",365,12,"Cesarean"
"10249.C012.16SS",426,12,"Cesarean"
"10249.C012.20SS",675,12,"Cesarean"
"10249.C022.01SS",0,22,"Vaginal"
"10249.C022.07SS",182,22,"Vaginal"
"10249.C022.10SS",273,22,"Vaginal"
"10249.C022.13SS",370,22,"Vaginal"
"10249.C044.01SS",1,44,"Vaginal"
"10249.C044.06SS",127,44,"Vaginal"
"10249.C044.09SS",222,44,"Vaginal"
"10249.C044.10SS",244,44,"Vaginal"
"10249.C035.01SS",0,35,"Vaginal"
"10249.C035.04SS",91,35,"Vaginal"
"10249.C035.10SS",277,35,"Vaginal"
"10249.C035.12SS",334,35,"Vaginal"
"10249.C037.07SS",199,37,"Cesarean"
"10249.C037.09SS",253,37,"Cesarean"
"10249.C037.15SS",497,37,"Cesarean"
"10249.C037.16SS",554,37,"Cesarean"
"10249.C005.04SS",63,5,"Cesarean"
"10249.C005.08SS",183,5,"Cesarean"
"10249.C005.10SS",245,5,"Cesarean"
"10249.C005.11SS",276,5,"Cesarean"
"10249.C038.07SS",153,38,"Vaginal"
"10249.C038.09SS",215,38,"Vaginal"
"10249.C038.15SS",428,38,"Vaginal"
"10249.C038.16SS",487,38,"Vaginal"
"10249.C053.03SS",45,53,"Cesarean"
"10249.C053.06SS",123,53,"Cesarean"
"10249.C053.07SS",153,53,"Cesarean"
"10249.C053.08SS",183,53,"Cesarean"
"10249.C025.06SS",124,25,"Cesarean"
"10249.C025.15SS",428,25,"Cesarean"
"10249.C025.17SS",548,25,"Cesarean"
"10249.C025.18SS",615,25,"Cesarean"
"10249.C002.01SS",0,2,"Cesarean"
"10249.C002.09SS",249,2,"Cesarean"
"10249.C002.11SS",315,2,"Cesarean"
"10249.C002.15SS",488,2,"Cesarean"
"10249.C055.02SS",30,55,"Cesarean"
"10249.C055.05SS",91,55,"Cesarean"
"10249.C055.07SS",155,55,"Cesarean"
"10249.C055.08SS",183,55,"Cesarean"
"10249.C031.01SS",0,31,"Vaginal"
"10249.C031.05SS",89,31,"Vaginal"
"10249.C031.16SS",428,31,"Vaginal"
"10249.C031.18SS",547,31,"Vaginal"
"10249.C052.03SS",32,52,"Vaginal"
"10249.C052.04SS",62,52,"Vaginal"
"10249.C052.07SS",154,52,"Vaginal"
"10249.C052.08SS",188,52,"Vaginal"
"10249.C049.03SS",32,49,"Vaginal"
"10249.C049.07SS",124,49,"Vaginal"
"10249.C049.08SS",154,49,"Vaginal"
"10249.C049.14SS",337,49,"Vaginal"
"10249.C008.08SS",212,8,"Vaginal"
"10249.C008.10SS",273,8,"Vaginal"
"10249.C008.11SS",308,8,"Vaginal"
"10249.C008.16SS",615,8,"Vaginal"
"10249.C016.08SS",152,16,"Vaginal"
"10249.C016.15SS",366,16,"Vaginal"
"10249.C016.19SS",549,16,"Vaginal"
"10249.C016.22SS",733,16,"Vaginal"
"10249.C045.02SS",31,45,"Vaginal"
"10249.C045.05SS",120,45,"Vaginal"
"10249.C045.08SS",213,45,"Vaginal"
"10249.C045.11SS",304,45,"Vaginal"
"10249.C047.05SS",94,47,"Cesarean"
"10249.C047.08SS",185,47,"Cesarean"
"10249.C047.10SS",249,47,"Cesarean"
"10249.C047.13SS",347,47,"Cesarean"
