"","day_of_life","studyid","delivery"
"10249.C018.14SS",489,18,"Vaginal"
"10249.C018.15SS",548,18,"Vaginal"
"10249.C018.16SS",606,18,"Vaginal"
"10249.C036.11SS",334,36,"Cesarean"
"10249.C036.12SS",364,36,"Cesarean"
"10249.C036.15SS",559,36,"Cesarean"
"10249.C020.16SS",305,20,"Cesarean"
"10249.C020.24SS",599,20,"Cesarean"
"10249.C020.26SS",670,20,"Cesarean"
"10249.C024.14SS",337,24,"Vaginal"
"10249.C024.15SS",373,24,"Vaginal"
"10249.C024.21SS",734,24,"Vaginal"
"10249.C043.11SS",306,43,"Vaginal"
"10249.C043.16SS",490,43,"Vaginal"
"10249.C043.18SS",555,43,"Vaginal"
"10249.C017.02SS",2,17,"Vaginal"
"10249.C017.09SS",152,17,"Vaginal"
"10249.C017.11SS",216,17,"Vaginal"
"10249.C009.10SS",273,9,"Vaginal"
"10249.C009.17SS",613,9,"Vaginal"
"10249.C009.19SS",739,9,"Vaginal"
"10249.C027.03SS",69,27,"Vaginal"
"10249.C027.16SS",429,27,"Vaginal"
"10249.C027.18SS",551,27,"Vaginal"
"10249.C046.03SS",54,46,"Cesarean"
"10249.C046.06SS",151,46,"Cesarean"
"10249.C046.13SS",366,46,"Cesarean"
"10249.C030.06SS",122,30,"Vaginal"
"10249.C030.12SS",303,30,"Vaginal"
"10249.C030.18SS",554,30,"Vaginal"
"10249.C033.10SS",240,33,"Vaginal"
"10249.C033.16SS",485,33,"Vaginal"
"10249.C033.18SS",608,33,"Vaginal"
"10249.C042.03SS",61,42,"Vaginal"
"10249.C042.14SS",438,42,"Vaginal"
"10249.C042.15SS",493,42,"Vaginal"
"10249.C032.05SS",91,32,"Vaginal"
"10249.C032.16SS",422,32,"Vaginal"
"10249.C032.21SS",674,32,"Vaginal"
"10249.C004.03SS",55,4,"Cesarean"
"10249.C004.08SS",214,4,"Cesarean"
"10249.C004.12SS",278,4,"Cesarean"
"10249.C001.20SS",378,1,"Vaginal"
"10249.C001.29SS",488,1,"Vaginal"
"10249.C001.32SS",677,1,"Vaginal"
"10249.C034.11SS",273,34,"Cesarean"
"10249.C034.12SS",308,34,"Cesarean"
"10249.C034.16SS",483,34,"Cesarean"
"10249.C057.05SS",125,57,"Cesarean"
"10249.C057.06SS",157,57,"Cesarean"
"10249.C057.11SS",277,57,"Cesarean"
"10249.C041.04SS",96,41,"Vaginal"
"10249.C041.11SS",246,41,"Vaginal"
"10249.C041.12SS",278,41,"Vaginal"
"10249.C011.09SS",273,11,"Cesarean"
"10249.C011.12SS",373,11,"Cesarean"
"10249.C011.14SS",486,11,"Cesarean"
"10249.C010.03SS",39,10,"Vaginal"
"10249.C010.18SS",613,10,"Vaginal"
"10249.C010.19SS",677,10,"Vaginal"
"10249.C056.02SS",1,56,"Cesarean"
"10249.C056.06SS",93,56,"Cesarean"
"10249.C056.07SS",122,56,"Cesarean"
"10249.C014.01SS",1,14,"Vaginal"
"10249.C014.18SS",614,14,"Vaginal"
"10249.C014.19SS",675,14,"Vaginal"
"10249.C007.01SS",1,7,"Cesarean"
"10249.C007.12SS",258,7,"Cesarean"
"10249.C007.15SS",303,7,"Cesarean"
"10249.C021.06SS",188,21,"Cesarean"
"10249.C021.07SS",245,21,"Cesarean"
"10249.C021.13SS",559,21,"Cesarean"
"10249.C012.01SS",2,12,"Cesarean"
"10249.C012.21SS",732,12,"Cesarean"
"10249.C012.22SS",739,12,"Cesarean"
"10249.C022.13SS",370,22,"Vaginal"
"10249.C022.15SS",489,22,"Vaginal"
"10249.C022.16SS",551,22,"Vaginal"
"10249.C044.03SS",41,44,"Vaginal"
"10249.C044.05SS",92,44,"Vaginal"
"10249.C044.15SS",424,44,"Vaginal"
"10249.C035.06SS",153,35,"Vaginal"
"10249.C035.07SS",182,35,"Vaginal"
"10249.C035.16SS",551,35,"Vaginal"
"10249.C037.05SS",123,37,"Cesarean"
"10249.C037.08SS",215,37,"Cesarean"
"10249.C037.17SS",612,37,"Cesarean"
"10249.C005.02SS",29,5,"Cesarean"
"10249.C005.04SS",63,5,"Cesarean"
"10249.C005.15SS",428,5,"Cesarean"
"10249.C038.09SS",215,38,"Vaginal"
"10249.C038.10SS",250,38,"Vaginal"
"10249.C038.16SS",487,38,"Vaginal"
"10249.C053.02SS",30,53,"Cesarean"
"10249.C053.03SS",45,53,"Cesarean"
"10249.C053.08SS",183,53,"Cesarean"
"10249.C025.05SS",94,25,"Cesarean"
"10249.C025.15SS",428,25,"Cesarean"
"10249.C025.18SS",615,25,"Cesarean"
"10249.C002.03SS",53,2,"Cesarean"
"10249.C002.06SS",123,2,"Cesarean"
"10249.C002.18SS",678,2,"Cesarean"
"10249.C055.01SS",0,55,"Cesarean"
"10249.C055.02SS",30,55,"Cesarean"
"10249.C055.06SS",120,55,"Cesarean"
"10249.C031.02SS",32,31,"Vaginal"
"10249.C031.16SS",428,31,"Vaginal"
"10249.C031.18SS",547,31,"Vaginal"
"10249.C052.03SS",32,52,"Vaginal"
"10249.C052.04SS",62,52,"Vaginal"
"10249.C052.09SS",245,52,"Vaginal"
"10249.C049.01SS",4,49,"Vaginal"
"10249.C049.08SS",154,49,"Vaginal"
"10249.C049.14SS",337,49,"Vaginal"
"10249.C008.06SS",189,8,"Vaginal"
"10249.C008.13SS",437,8,"Vaginal"
"10249.C008.16SS",615,8,"Vaginal"
"10249.C016.11SS",242,16,"Vaginal"
"10249.C016.18SS",489,16,"Vaginal"
"10249.C016.19SS",549,16,"Vaginal"
"10249.C045.01SS",0,45,"Vaginal"
"10249.C045.03SS",61,45,"Vaginal"
"10249.C045.05SS",120,45,"Vaginal"
"10249.C047.02SS",32,47,"Cesarean"
"10249.C047.05SS",94,47,"Cesarean"
"10249.C047.09SS",221,47,"Cesarean"
