"","day_of_life","studyid","delivery"
"10249.C018.03SS",90,18,"Vaginal"
"10249.C018.13SS",425,18,"Vaginal"
"10249.C018.14SS",489,18,"Vaginal"
"10249.C018.15SS",548,18,"Vaginal"
"10249.C036.01SS",0,36,"Cesarean"
"10249.C036.12SS",364,36,"Cesarean"
"10249.C036.15SS",559,36,"Cesarean"
"10249.C036.16SS",610,36,"Cesarean"
"10249.C020.04SS",11,20,"Cesarean"
"10249.C020.07SS",33,20,"Cesarean"
"10249.C020.25SS",604,20,"Cesarean"
"10249.C020.26SS",670,20,"Cesarean"
"10249.C024.06SS",86,24,"Vaginal"
"10249.C024.08SS",150,24,"Vaginal"
"10249.C024.09SS",182,24,"Vaginal"
"10249.C024.16SS",416,24,"Vaginal"
"10249.C043.03SS",61,43,"Vaginal"
"10249.C043.16SS",490,43,"Vaginal"
"10249.C043.17SS",550,43,"Vaginal"
"10249.C043.18SS",555,43,"Vaginal"
"10249.C017.02SS",2,17,"Vaginal"
"10249.C017.04SS",32,17,"Vaginal"
"10249.C017.05SS",45,17,"Vaginal"
"10249.C017.09SS",152,17,"Vaginal"
"10249.C009.10SS",273,9,"Vaginal"
"10249.C009.16SS",555,9,"Vaginal"
"10249.C009.17SS",613,9,"Vaginal"
"10249.C009.19SS",739,9,"Vaginal"
"10249.C027.02SS",35,27,"Vaginal"
"10249.C027.05SS",119,27,"Vaginal"
"10249.C027.15SS",370,27,"Vaginal"
"10249.C027.21SS",736,27,"Vaginal"
"10249.C046.01SS",1,46,"Cesarean"
"10249.C046.06SS",151,46,"Cesarean"
"10249.C046.12SS",336,46,"Cesarean"
"10249.C046.14SS",433,46,"Cesarean"
"10249.C030.04SS",61,30,"Vaginal"
"10249.C030.10SS",243,30,"Vaginal"
"10249.C030.18SS",554,30,"Vaginal"
"10249.C030.20SS",674,30,"Vaginal"
"10249.C033.08SS",230,33,"Vaginal"
"10249.C033.12SS",305,33,"Vaginal"
"10249.C033.15SS",427,33,"Vaginal"
"10249.C033.19SS",670,33,"Vaginal"
"10249.C042.06SS",154,42,"Vaginal"
"10249.C042.08SS",216,42,"Vaginal"
"10249.C042.14SS",438,42,"Vaginal"
"10249.C042.16SS",557,42,"Vaginal"
"10249.C032.03SS",52,32,"Vaginal"
"10249.C032.04SS",59,32,"Vaginal"
"10249.C032.09SS",209,32,"Vaginal"
"10249.C032.17SS",485,32,"Vaginal"
"10249.C004.01SS",0,4,"Cesarean"
"10249.C004.04SS",91,4,"Cesarean"
"10249.C004.09SS",245,4,"Cesarean"
"10249.C004.11SS",266,4,"Cesarean"
"10249.C001.05SS",57,1,"Vaginal"
"10249.C001.25SS",411,1,"Vaginal"
"10249.C001.29SS",488,1,"Vaginal"
"10249.C001.34SS",733,1,"Vaginal"
"10249.C034.02SS",34,34,"Cesarean"
"10249.C034.10SS",243,34,"Cesarean"
"10249.C034.14SS",369,34,"Cesarean"
"10249.C034.16SS",483,34,"Cesarean"
"10249.C057.02SS",31,57,"Cesarean"
"10249.C057.03SS",62,57,"Cesarean"
"10249.C057.06SS",157,57,"Cesarean"
"10249.C057.09SS",238,57,"Cesarean"
"10249.C041.01SS",0,41,"Vaginal"
"10249.C041.04SS",96,41,"Vaginal"
"10249.C041.16SS",424,41,"Vaginal"
"10249.C041.19SS",618,41,"Vaginal"
"10249.C011.01SS",1,11,"Cesarean"
"10249.C011.08SS",247,11,"Cesarean"
"10249.C011.12SS",373,11,"Cesarean"
"10249.C011.18SS",676,11,"Cesarean"
"10249.C010.01SS",2,10,"Vaginal"
"10249.C010.03SS",39,10,"Vaginal"
"10249.C010.05SS",60,10,"Vaginal"
"10249.C010.14SS",337,10,"Vaginal"
"10249.C056.01SS",0,56,"Cesarean"
"10249.C056.08SS",153,56,"Cesarean"
"10249.C056.09SS",184,56,"Cesarean"
"10249.C056.10SS",215,56,"Cesarean"
"10249.C014.04SS",92,14,"Vaginal"
"10249.C014.06SS",154,14,"Vaginal"
"10249.C014.16SS",486,14,"Vaginal"
"10249.C014.19SS",675,14,"Vaginal"
"10249.C007.01SS",1,7,"Cesarean"
"10249.C007.03SS",49,7,"Cesarean"
"10249.C007.19SS",490,7,"Cesarean"
"10249.C007.22SS",669,7,"Cesarean"
"10249.C021.01SS",1,21,"Cesarean"
"10249.C021.09SS",347,21,"Cesarean"
"10249.C021.12SS",499,21,"Cesarean"
"10249.C021.13SS",559,21,"Cesarean"
"10249.C012.07SS",146,12,"Cesarean"
"10249.C012.11SS",244,12,"Cesarean"
"10249.C012.14SS",335,12,"Cesarean"
"10249.C012.18SS",560,12,"Cesarean"
"10249.C022.01SS",0,22,"Vaginal"
"10249.C022.12SS",342,22,"Vaginal"
"10249.C022.13SS",370,22,"Vaginal"
"10249.C022.19SS",737,22,"Vaginal"
"10249.C044.01SS",1,44,"Vaginal"
"10249.C044.06SS",127,44,"Vaginal"
"10249.C044.10SS",244,44,"Vaginal"
"10249.C044.15SS",424,44,"Vaginal"
"10249.C035.05SS",122,35,"Vaginal"
"10249.C035.12SS",334,35,"Vaginal"
"10249.C035.14SS",427,35,"Vaginal"
"10249.C035.15SS",488,35,"Vaginal"
"10249.C037.07SS",199,37,"Cesarean"
"10249.C037.12SS",335,37,"Cesarean"
"10249.C037.14SS",426,37,"Cesarean"
"10249.C037.17SS",612,37,"Cesarean"
"10249.C005.08SS",183,5,"Cesarean"
"10249.C005.17SS",549,5,"Cesarean"
"10249.C005.18SS",612,5,"Cesarean"
"10249.C005.19SS",667,5,"Cesarean"
"10249.C038.01SS",2,38,"Vaginal"
"10249.C038.08SS",187,38,"Vaginal"
"10249.C038.15SS",428,38,"Vaginal"
"10249.C038.18SS",610,38,"Vaginal"
"10249.C053.02SS",30,53,"Cesarean"
"10249.C053.03SS",45,53,"Cesarean"
"10249.C053.05SS",95,53,"Cesarean"
"10249.C053.07SS",153,53,"Cesarean"
"10249.C025.05SS",94,25,"Cesarean"
"10249.C025.08SS",183,25,"Cesarean"
"10249.C025.14SS",365,25,"Cesarean"
"10249.C025.17SS",548,25,"Cesarean"
"10249.C002.07SS",158,2,"Cesarean"
"10249.C002.11SS",315,2,"Cesarean"
"10249.C002.12SS",338,2,"Cesarean"
"10249.C002.13SS",369,2,"Cesarean"
"10249.C055.01SS",0,55,"Cesarean"
"10249.C055.03SS",41,55,"Cesarean"
"10249.C055.05SS",91,55,"Cesarean"
"10249.C055.07SS",155,55,"Cesarean"
"10249.C031.06SS",119,31,"Vaginal"
"10249.C031.16SS",428,31,"Vaginal"
"10249.C031.17SS",491,31,"Vaginal"
"10249.C031.21SS",729,31,"Vaginal"
"10249.C052.03SS",32,52,"Vaginal"
"10249.C052.04SS",62,52,"Vaginal"
"10249.C052.06SS",127,52,"Vaginal"
"10249.C052.08SS",188,52,"Vaginal"
"10249.C049.01SS",4,49,"Vaginal"
"10249.C049.03SS",32,49,"Vaginal"
"10249.C049.08SS",154,49,"Vaginal"
"10249.C049.11SS",243,49,"Vaginal"
"10249.C008.02SS",31,8,"Vaginal"
"10249.C008.05SS",159,8,"Vaginal"
"10249.C008.10SS",273,8,"Vaginal"
"10249.C008.11SS",308,8,"Vaginal"
"10249.C016.06SS",92,16,"Vaginal"
"10249.C016.08SS",152,16,"Vaginal"
"10249.C016.18SS",489,16,"Vaginal"
"10249.C016.19SS",549,16,"Vaginal"
"10249.C045.01SS",0,45,"Vaginal"
"10249.C045.04SS",91,45,"Vaginal"
"10249.C045.09SS",245,45,"Vaginal"
"10249.C045.12SS",344,45,"Vaginal"
"10249.C047.06SS",126,47,"Cesarean"
"10249.C047.07SS",156,47,"Cesarean"
"10249.C047.10SS",249,47,"Cesarean"
"10249.C047.11SS",277,47,"Cesarean"
