"","day_of_life","studyid","delivery"
"10249.C018.07SS",214,18,"Vaginal"
"10249.C018.12SS",373,18,"Vaginal"
"10249.C018.16SS",606,18,"Vaginal"
"10249.C036.01SS",0,36,"Cesarean"
"10249.C036.10SS",308,36,"Cesarean"
"10249.C036.15SS",559,36,"Cesarean"
"10249.C020.11SS",153,20,"Cesarean"
"10249.C020.15SS",273,20,"Cesarean"
"10249.C020.22SS",593,20,"Cesarean"
"10249.C024.04SS",61,24,"Vaginal"
"10249.C024.06SS",86,24,"Vaginal"
"10249.C024.19SS",611,24,"Vaginal"
"10249.C043.06SS",154,43,"Vaginal"
"10249.C043.08SS",217,43,"Vaginal"
"10249.C043.14SS",364,43,"Vaginal"
"10249.C017.01SS",0,17,"Vaginal"
"10249.C017.09SS",152,17,"Vaginal"
"10249.C017.12SS",247,17,"Vaginal"
"10249.C009.02SS",31,9,"Vaginal"
"10249.C009.06SS",155,9,"Vaginal"
"10249.C009.16SS",555,9,"Vaginal"
"10249.C027.15SS",370,27,"Vaginal"
"10249.C027.16SS",429,27,"Vaginal"
"10249.C027.19SS",607,27,"Vaginal"
"10249.C046.06SS",151,46,"Cesarean"
"10249.C046.10SS",274,46,"Cesarean"
"10249.C046.12SS",336,46,"Cesarean"
"10249.C030.02SS",34,30,"Vaginal"
"10249.C030.04SS",61,30,"Vaginal"
"10249.C030.09SS",214,30,"Vaginal"
"10249.C033.03SS",61,33,"Vaginal"
"10249.C033.09SS",236,33,"Vaginal"
"10249.C033.16SS",485,33,"Vaginal"
"10249.C042.07SS",182,42,"Vaginal"
"10249.C042.14SS",438,42,"Vaginal"
"10249.C042.15SS",493,42,"Vaginal"
"10249.C032.04SS",59,32,"Vaginal"
"10249.C032.09SS",209,32,"Vaginal"
"10249.C032.21SS",674,32,"Vaginal"
"10249.C004.04SS",91,4,"Cesarean"
"10249.C004.05SS",124,4,"Cesarean"
"10249.C004.15SS",366,4,"Cesarean"
"10249.C001.04SS",49,1,"Vaginal"
"10249.C001.18SS",367,1,"Vaginal"
"10249.C001.29SS",488,1,"Vaginal"
"10249.C034.01SS",1,34,"Cesarean"
"10249.C034.08SS",183,34,"Cesarean"
"10249.C034.15SS",424,34,"Cesarean"
"10249.C057.06SS",157,57,"Cesarean"
"10249.C057.10SS",244,57,"Cesarean"
"10249.C057.11SS",277,57,"Cesarean"
"10249.C041.03SS",64,41,"Vaginal"
"10249.C041.09SS",214,41,"Vaginal"
"10249.C041.14SS",339,41,"Vaginal"
"10249.C011.02SS",36,11,"Cesarean"
"10249.C011.11SS",338,11,"Cesarean"
"10249.C011.14SS",486,11,"Cesarean"
"10249.C010.02SS",30,10,"Vaginal"
"10249.C010.05SS",60,10,"Vaginal"
"10249.C010.07SS",123,10,"Vaginal"
"10249.C056.01SS",0,56,"Cesarean"
"10249.C056.02SS",1,56,"Cesarean"
"10249.C056.06SS",93,56,"Cesarean"
"10249.C014.13SS",368,14,"Vaginal"
"10249.C014.18SS",614,14,"Vaginal"
"10249.C014.20SS",737,14,"Vaginal"
"10249.C007.11SS",243,7,"Cesarean"
"10249.C007.17SS",364,7,"Cesarean"
"10249.C007.22SS",669,7,"Cesarean"
"10249.C021.08SS",306,21,"Cesarean"
"10249.C021.12SS",499,21,"Cesarean"
"10249.C021.13SS",559,21,"Cesarean"
"10249.C012.09SS",188,12,"Cesarean"
"10249.C012.15SS",365,12,"Cesarean"
"10249.C012.20SS",675,12,"Cesarean"
"10249.C022.10SS",273,22,"Vaginal"
"10249.C022.13SS",370,22,"Vaginal"
"10249.C022.18SS",671,22,"Vaginal"
"10249.C044.04SS",62,44,"Vaginal"
"10249.C044.15SS",424,44,"Vaginal"
"10249.C044.16SS",497,44,"Vaginal"
"10249.C035.03SS",61,35,"Vaginal"
"10249.C035.13SS",367,35,"Vaginal"
"10249.C035.17SS",608,35,"Vaginal"
"10249.C037.08SS",215,37,"Cesarean"
"10249.C037.10SS",274,37,"Cesarean"
"10249.C037.14SS",426,37,"Cesarean"
"10249.C005.13SS",332,5,"Cesarean"
"10249.C005.16SS",485,5,"Cesarean"
"10249.C005.17SS",549,5,"Cesarean"
"10249.C038.04SS",61,38,"Vaginal"
"10249.C038.07SS",153,38,"Vaginal"
"10249.C038.15SS",428,38,"Vaginal"
"10249.C053.02SS",30,53,"Cesarean"
"10249.C053.03SS",45,53,"Cesarean"
"10249.C053.08SS",183,53,"Cesarean"
"10249.C025.09SS",211,25,"Cesarean"
"10249.C025.14SS",365,25,"Cesarean"
"10249.C025.18SS",615,25,"Cesarean"
"10249.C002.02SS",32,2,"Cesarean"
"10249.C002.10SS",284,2,"Cesarean"
"10249.C002.19SS",731,2,"Cesarean"
"10249.C055.03SS",41,55,"Cesarean"
"10249.C055.05SS",91,55,"Cesarean"
"10249.C055.09SS",211,55,"Cesarean"
"10249.C031.02SS",32,31,"Vaginal"
"10249.C031.10SS",243,31,"Vaginal"
"10249.C031.17SS",491,31,"Vaginal"
"10249.C052.03SS",32,52,"Vaginal"
"10249.C052.04SS",62,52,"Vaginal"
"10249.C052.09SS",245,52,"Vaginal"
"10249.C049.03SS",32,49,"Vaginal"
"10249.C049.07SS",124,49,"Vaginal"
"10249.C049.12SS",274,49,"Vaginal"
"10249.C008.02SS",31,8,"Vaginal"
"10249.C008.03SS",72,8,"Vaginal"
"10249.C008.16SS",615,8,"Vaginal"
"10249.C016.01SS",1,16,"Vaginal"
"10249.C016.13SS",303,16,"Vaginal"
"10249.C016.19SS",549,16,"Vaginal"
"10249.C045.02SS",31,45,"Vaginal"
"10249.C045.04SS",91,45,"Vaginal"
"10249.C045.13SS",365,45,"Vaginal"
"10249.C047.05SS",94,47,"Cesarean"
"10249.C047.10SS",249,47,"Cesarean"
"10249.C047.13SS",347,47,"Cesarean"
