"","day_of_life","studyid","delivery"
"10249.C018.10SS",312,18,"Vaginal"
"10249.C018.17SS",732,18,"Vaginal"
"10249.C036.01SS",0,36,"Cesarean"
"10249.C036.11SS",334,36,"Cesarean"
"10249.C020.24SS",599,20,"Cesarean"
"10249.C020.26SS",670,20,"Cesarean"
"10249.C024.08SS",150,24,"Vaginal"
"10249.C024.17SS",490,24,"Vaginal"
"10249.C043.02SS",35,43,"Vaginal"
"10249.C043.05SS",126,43,"Vaginal"
"10249.C017.02SS",2,17,"Vaginal"
"10249.C017.10SS",179,17,"Vaginal"
"10249.C009.16SS",555,9,"Vaginal"
"10249.C009.17SS",613,9,"Vaginal"
"10249.C027.09SS",243,27,"Vaginal"
"10249.C027.15SS",370,27,"Vaginal"
"10249.C046.08SS",211,46,"Cesarean"
"10249.C046.12SS",336,46,"Cesarean"
"10249.C030.13SS",334,30,"Vaginal"
"10249.C030.17SS",495,30,"Vaginal"
"10249.C033.16SS",485,33,"Vaginal"
"10249.C033.19SS",670,33,"Vaginal"
"10249.C042.05SS",122,42,"Vaginal"
"10249.C042.14SS",438,42,"Vaginal"
"10249.C032.04SS",59,32,"Vaginal"
"10249.C032.16SS",422,32,"Vaginal"
"10249.C004.08SS",214,4,"Cesarean"
"10249.C004.09SS",245,4,"Cesarean"
"10249.C001.26SS",427,1,"Vaginal"
"10249.C001.29SS",488,1,"Vaginal"
"10249.C034.15SS",424,34,"Cesarean"
"10249.C034.17SS",539,34,"Cesarean"
"10249.C057.02SS",31,57,"Cesarean"
"10249.C057.08SS",215,57,"Cesarean"
"10249.C041.09SS",214,41,"Vaginal"
"10249.C041.17SS",488,41,"Vaginal"
"10249.C011.06SS",187,11,"Cesarean"
"10249.C011.10SS",303,11,"Cesarean"
"10249.C010.02SS",30,10,"Vaginal"
"10249.C010.13SS",305,10,"Vaginal"
"10249.C056.05SS",65,56,"Cesarean"
"10249.C056.06SS",93,56,"Cesarean"
"10249.C014.01SS",1,14,"Vaginal"
"10249.C014.12SS",333,14,"Vaginal"
"10249.C007.08SS",183,7,"Cesarean"
"10249.C007.13SS",266,7,"Cesarean"
"10249.C021.06SS",188,21,"Cesarean"
"10249.C021.10SS",351,21,"Cesarean"
"10249.C012.15SS",365,12,"Cesarean"
"10249.C012.17SS",490,12,"Cesarean"
"10249.C022.11SS",304,22,"Vaginal"
"10249.C022.15SS",489,22,"Vaginal"
"10249.C044.15SS",424,44,"Vaginal"
"10249.C044.17SS",553,44,"Vaginal"
"10249.C035.08SS",214,35,"Vaginal"
"10249.C035.17SS",608,35,"Vaginal"
"10249.C037.12SS",335,37,"Cesarean"
"10249.C037.13SS",375,37,"Cesarean"
"10249.C005.11SS",276,5,"Cesarean"
"10249.C005.18SS",612,5,"Cesarean"
"10249.C038.01SS",2,38,"Vaginal"
"10249.C038.15SS",428,38,"Vaginal"
"10249.C053.03SS",45,53,"Cesarean"
"10249.C053.04SS",62,53,"Cesarean"
"10249.C025.13SS",337,25,"Cesarean"
"10249.C025.20SS",734,25,"Cesarean"
"10249.C002.01SS",0,2,"Cesarean"
"10249.C002.05SS",89,2,"Cesarean"
"10249.C055.01SS",0,55,"Cesarean"
"10249.C055.06SS",120,55,"Cesarean"
"10249.C031.02SS",32,31,"Vaginal"
"10249.C031.19SS",618,31,"Vaginal"
"10249.C052.02SS",1,52,"Vaginal"
"10249.C052.08SS",188,52,"Vaginal"
"10249.C049.10SS",213,49,"Vaginal"
"10249.C049.11SS",243,49,"Vaginal"
"10249.C008.04SS",126,8,"Vaginal"
"10249.C008.13SS",437,8,"Vaginal"
"10249.C016.01SS",1,16,"Vaginal"
"10249.C016.20SS",608,16,"Vaginal"
"10249.C045.05SS",120,45,"Vaginal"
"10249.C045.12SS",344,45,"Vaginal"
"10249.C047.07SS",156,47,"Cesarean"
"10249.C047.08SS",185,47,"Cesarean"
