"","day_of_life","studyid","delivery"
"10249.C018.01SS",2,18,"Vaginal"
"10249.C018.10SS",312,18,"Vaginal"
"10249.C018.11SS",336,18,"Vaginal"
"10249.C018.17SS",732,18,"Vaginal"
"10249.C036.01SS",0,36,"Cesarean"
"10249.C036.02SS",42,36,"Cesarean"
"10249.C036.15SS",559,36,"Cesarean"
"10249.C036.16SS",610,36,"Cesarean"
"10249.C020.09SS",95,20,"Cesarean"
"10249.C020.19SS",426,20,"Cesarean"
"10249.C020.21SS",551,20,"Cesarean"
"10249.C020.24SS",599,20,"Cesarean"
"10249.C024.01SS",0,24,"Vaginal"
"10249.C024.16SS",416,24,"Vaginal"
"10249.C024.19SS",611,24,"Vaginal"
"10249.C024.20SS",673,24,"Vaginal"
"10249.C043.05SS",126,43,"Vaginal"
"10249.C043.14SS",364,43,"Vaginal"
"10249.C043.15SS",428,43,"Vaginal"
"10249.C043.20SS",616,43,"Vaginal"
"10249.C017.01SS",0,17,"Vaginal"
"10249.C017.02SS",2,17,"Vaginal"
"10249.C017.08SS",123,17,"Vaginal"
"10249.C017.11SS",216,17,"Vaginal"
"10249.C009.02SS",31,9,"Vaginal"
"10249.C009.12SS",339,9,"Vaginal"
"10249.C009.16SS",555,9,"Vaginal"
"10249.C009.18SS",681,9,"Vaginal"
"10249.C027.01SS",1,27,"Vaginal"
"10249.C027.03SS",69,27,"Vaginal"
"10249.C027.06SS",155,27,"Vaginal"
"10249.C027.17SS",489,27,"Vaginal"
"10249.C046.01SS",1,46,"Cesarean"
"10249.C046.05SS",124,46,"Cesarean"
"10249.C046.10SS",274,46,"Cesarean"
"10249.C046.12SS",336,46,"Cesarean"
"10249.C030.08SS",183,30,"Vaginal"
"10249.C030.10SS",243,30,"Vaginal"
"10249.C030.11SS",276,30,"Vaginal"
"10249.C030.19SS",606,30,"Vaginal"
"10249.C033.01SS",0,33,"Vaginal"
"10249.C033.08SS",230,33,"Vaginal"
"10249.C033.14SS",365,33,"Vaginal"
"10249.C033.17SS",547,33,"Vaginal"
"10249.C042.03SS",61,42,"Vaginal"
"10249.C042.08SS",216,42,"Vaginal"
"10249.C042.13SS",374,42,"Vaginal"
"10249.C042.16SS",557,42,"Vaginal"
"10249.C032.16SS",422,32,"Vaginal"
"10249.C032.17SS",485,32,"Vaginal"
"10249.C032.20SS",609,32,"Vaginal"
"10249.C032.21SS",674,32,"Vaginal"
"10249.C004.03SS",55,4,"Cesarean"
"10249.C004.06SS",154,4,"Cesarean"
"10249.C004.11SS",266,4,"Cesarean"
"10249.C004.15SS",366,4,"Cesarean"
"10249.C001.14SS",294,1,"Vaginal"
"10249.C001.25SS",411,1,"Vaginal"
"10249.C001.27SS",435,1,"Vaginal"
"10249.C001.32SS",677,1,"Vaginal"
"10249.C034.03SS",45,34,"Cesarean"
"10249.C034.13SS",335,34,"Cesarean"
"10249.C034.14SS",369,34,"Cesarean"
"10249.C034.16SS",483,34,"Cesarean"
"10249.C057.04SS",91,57,"Cesarean"
"10249.C057.05SS",125,57,"Cesarean"
"10249.C057.08SS",215,57,"Cesarean"
"10249.C057.11SS",277,57,"Cesarean"
"10249.C041.01SS",0,41,"Vaginal"
"10249.C041.05SS",126,41,"Vaginal"
"10249.C041.12SS",278,41,"Vaginal"
"10249.C041.19SS",618,41,"Vaginal"
"10249.C011.07SS",210,11,"Cesarean"
"10249.C011.17SS",610,11,"Cesarean"
"10249.C011.18SS",676,11,"Cesarean"
"10249.C011.19SS",737,11,"Cesarean"
"10249.C010.03SS",39,10,"Vaginal"
"10249.C010.09SS",183,10,"Vaginal"
"10249.C010.16SS",431,10,"Vaginal"
"10249.C010.20SS",737,10,"Vaginal"
"10249.C056.01SS",0,56,"Cesarean"
"10249.C056.05SS",65,56,"Cesarean"
"10249.C056.09SS",184,56,"Cesarean"
"10249.C056.10SS",215,56,"Cesarean"
"10249.C014.01SS",1,14,"Vaginal"
"10249.C014.13SS",368,14,"Vaginal"
"10249.C014.15SS",426,14,"Vaginal"
"10249.C014.19SS",675,14,"Vaginal"
"10249.C007.12SS",258,7,"Cesarean"
"10249.C007.18SS",427,7,"Cesarean"
"10249.C007.20SS",551,7,"Cesarean"
"10249.C007.21SS",608,7,"Cesarean"
"10249.C021.02SS",2,21,"Cesarean"
"10249.C021.05SS",161,21,"Cesarean"
"10249.C021.06SS",188,21,"Cesarean"
"10249.C021.07SS",245,21,"Cesarean"
"10249.C012.06SS",123,12,"Cesarean"
"10249.C012.17SS",490,12,"Cesarean"
"10249.C012.21SS",732,12,"Cesarean"
"10249.C012.22SS",739,12,"Cesarean"
"10249.C022.09SS",243,22,"Vaginal"
"10249.C022.11SS",304,22,"Vaginal"
"10249.C022.15SS",489,22,"Vaginal"
"10249.C022.18SS",671,22,"Vaginal"
"10249.C044.05SS",92,44,"Vaginal"
"10249.C044.06SS",127,44,"Vaginal"
"10249.C044.07SS",155,44,"Vaginal"
"10249.C044.17SS",553,44,"Vaginal"
"10249.C035.02SS",31,35,"Vaginal"
"10249.C035.09SS",244,35,"Vaginal"
"10249.C035.12SS",334,35,"Vaginal"
"10249.C035.16SS",551,35,"Vaginal"
"10249.C037.02SS",33,37,"Cesarean"
"10249.C037.05SS",123,37,"Cesarean"
"10249.C037.15SS",497,37,"Cesarean"
"10249.C037.17SS",612,37,"Cesarean"
"10249.C005.03SS",43,5,"Cesarean"
"10249.C005.12SS",304,5,"Cesarean"
"10249.C005.18SS",612,5,"Cesarean"
"10249.C005.19SS",667,5,"Cesarean"
"10249.C038.01SS",2,38,"Vaginal"
"10249.C038.09SS",215,38,"Vaginal"
"10249.C038.12SS",305,38,"Vaginal"
"10249.C038.18SS",610,38,"Vaginal"
"10249.C053.04SS",62,53,"Cesarean"
"10249.C053.07SS",153,53,"Cesarean"
"10249.C053.08SS",183,53,"Cesarean"
"10249.C053.09SS",214,53,"Cesarean"
"10249.C025.02SS",30,25,"Cesarean"
"10249.C025.03SS",42,25,"Cesarean"
"10249.C025.06SS",124,25,"Cesarean"
"10249.C025.17SS",548,25,"Cesarean"
"10249.C002.03SS",53,2,"Cesarean"
"10249.C002.06SS",123,2,"Cesarean"
"10249.C002.08SS",190,2,"Cesarean"
"10249.C002.16SS",555,2,"Cesarean"
"10249.C055.03SS",41,55,"Cesarean"
"10249.C055.04SS",64,55,"Cesarean"
"10249.C055.06SS",120,55,"Cesarean"
"10249.C055.08SS",183,55,"Cesarean"
"10249.C031.04SS",54,31,"Vaginal"
"10249.C031.06SS",119,31,"Vaginal"
"10249.C031.18SS",547,31,"Vaginal"
"10249.C031.21SS",729,31,"Vaginal"
"10249.C052.03SS",32,52,"Vaginal"
"10249.C052.06SS",127,52,"Vaginal"
"10249.C052.08SS",188,52,"Vaginal"
"10249.C052.09SS",245,52,"Vaginal"
"10249.C049.01SS",4,49,"Vaginal"
"10249.C049.03SS",32,49,"Vaginal"
"10249.C049.04SS",60,49,"Vaginal"
"10249.C049.07SS",124,49,"Vaginal"
"10249.C008.06SS",189,8,"Vaginal"
"10249.C008.08SS",212,8,"Vaginal"
"10249.C008.13SS",437,8,"Vaginal"
"10249.C008.14SS",490,8,"Vaginal"
"10249.C016.08SS",152,16,"Vaginal"
"10249.C016.15SS",366,16,"Vaginal"
"10249.C016.17SS",428,16,"Vaginal"
"10249.C016.20SS",608,16,"Vaginal"
"10249.C045.06SS",154,45,"Vaginal"
"10249.C045.09SS",245,45,"Vaginal"
"10249.C045.10SS",276,45,"Vaginal"
"10249.C045.11SS",304,45,"Vaginal"
"10249.C047.02SS",32,47,"Cesarean"
"10249.C047.06SS",126,47,"Cesarean"
"10249.C047.09SS",221,47,"Cesarean"
"10249.C047.10SS",249,47,"Cesarean"
