"","day_of_life","studyid","delivery"
"10249.C018.01SS",2,18,"Vaginal"
"10249.C018.12SS",373,18,"Vaginal"
"10249.C018.13SS",425,18,"Vaginal"
"10249.C018.15SS",548,18,"Vaginal"
"10249.C036.01SS",0,36,"Cesarean"
"10249.C036.05SS",162,36,"Cesarean"
"10249.C036.08SS",243,36,"Cesarean"
"10249.C036.16SS",610,36,"Cesarean"
"10249.C020.12SS",180,20,"Cesarean"
"10249.C020.19SS",426,20,"Cesarean"
"10249.C020.20SS",487,20,"Cesarean"
"10249.C020.25SS",604,20,"Cesarean"
"10249.C024.03SS",43,24,"Vaginal"
"10249.C024.14SS",337,24,"Vaginal"
"10249.C024.18SS",551,24,"Vaginal"
"10249.C024.20SS",673,24,"Vaginal"
"10249.C043.05SS",126,43,"Vaginal"
"10249.C043.08SS",217,43,"Vaginal"
"10249.C043.15SS",428,43,"Vaginal"
"10249.C043.20SS",616,43,"Vaginal"
"10249.C017.07SS",91,17,"Vaginal"
"10249.C017.10SS",179,17,"Vaginal"
"10249.C017.11SS",216,17,"Vaginal"
"10249.C017.12SS",247,17,"Vaginal"
"10249.C009.04SS",94,9,"Vaginal"
"10249.C009.06SS",155,9,"Vaginal"
"10249.C009.12SS",339,9,"Vaginal"
"10249.C009.18SS",681,9,"Vaginal"
"10249.C027.03SS",69,27,"Vaginal"
"10249.C027.05SS",119,27,"Vaginal"
"10249.C027.18SS",551,27,"Vaginal"
"10249.C027.19SS",607,27,"Vaginal"
"10249.C046.05SS",124,46,"Cesarean"
"10249.C046.07SS",184,46,"Cesarean"
"10249.C046.08SS",211,46,"Cesarean"
"10249.C046.13SS",366,46,"Cesarean"
"10249.C030.03SS",44,30,"Vaginal"
"10249.C030.05SS",90,30,"Vaginal"
"10249.C030.16SS",429,30,"Vaginal"
"10249.C030.18SS",554,30,"Vaginal"
"10249.C033.02SS",32,33,"Vaginal"
"10249.C033.09SS",236,33,"Vaginal"
"10249.C033.16SS",485,33,"Vaginal"
"10249.C033.18SS",608,33,"Vaginal"
"10249.C042.09SS",247,42,"Vaginal"
"10249.C042.12SS",337,42,"Vaginal"
"10249.C042.16SS",557,42,"Vaginal"
"10249.C042.17SS",616,42,"Vaginal"
"10249.C032.03SS",52,32,"Vaginal"
"10249.C032.06SS",118,32,"Vaginal"
"10249.C032.07SS",153,32,"Vaginal"
"10249.C032.17SS",485,32,"Vaginal"
"10249.C004.09SS",245,4,"Cesarean"
"10249.C004.10SS",257,4,"Cesarean"
"10249.C004.14SS",340,4,"Cesarean"
"10249.C004.15SS",366,4,"Cesarean"
"10249.C001.15SS",300,1,"Vaginal"
"10249.C001.20SS",378,1,"Vaginal"
"10249.C001.25SS",411,1,"Vaginal"
"10249.C001.26SS",427,1,"Vaginal"
"10249.C034.09SS",214,34,"Cesarean"
"10249.C034.12SS",308,34,"Cesarean"
"10249.C034.16SS",483,34,"Cesarean"
"10249.C034.17SS",539,34,"Cesarean"
"10249.C057.02SS",31,57,"Cesarean"
"10249.C057.03SS",62,57,"Cesarean"
"10249.C057.08SS",215,57,"Cesarean"
"10249.C057.11SS",277,57,"Cesarean"
"10249.C041.02SS",32,41,"Vaginal"
"10249.C041.10SS",232,41,"Vaginal"
"10249.C041.16SS",424,41,"Vaginal"
"10249.C041.19SS",618,41,"Vaginal"
"10249.C011.06SS",187,11,"Cesarean"
"10249.C011.12SS",373,11,"Cesarean"
"10249.C011.14SS",486,11,"Cesarean"
"10249.C011.16SS",553,11,"Cesarean"
"10249.C010.04SS",43,10,"Vaginal"
"10249.C010.05SS",60,10,"Vaginal"
"10249.C010.09SS",183,10,"Vaginal"
"10249.C010.15SS",368,10,"Vaginal"
"10249.C056.02SS",1,56,"Cesarean"
"10249.C056.05SS",65,56,"Cesarean"
"10249.C056.06SS",93,56,"Cesarean"
"10249.C056.08SS",153,56,"Cesarean"
"10249.C014.08SS",211,14,"Vaginal"
"10249.C014.17SS",549,14,"Vaginal"
"10249.C014.19SS",675,14,"Vaginal"
"10249.C014.20SS",737,14,"Vaginal"
"10249.C007.11SS",243,7,"Cesarean"
"10249.C007.13SS",266,7,"Cesarean"
"10249.C007.14SS",274,7,"Cesarean"
"10249.C007.20SS",551,7,"Cesarean"
"10249.C021.03SS",37,21,"Cesarean"
"10249.C021.04SS",94,21,"Cesarean"
"10249.C021.08SS",306,21,"Cesarean"
"10249.C021.13SS",559,21,"Cesarean"
"10249.C012.15SS",365,12,"Cesarean"
"10249.C012.16SS",426,12,"Cesarean"
"10249.C012.20SS",675,12,"Cesarean"
"10249.C012.22SS",739,12,"Cesarean"
"10249.C022.01SS",0,22,"Vaginal"
"10249.C022.05SS",122,22,"Vaginal"
"10249.C022.12SS",342,22,"Vaginal"
"10249.C022.13SS",370,22,"Vaginal"
"10249.C044.04SS",62,44,"Vaginal"
"10249.C044.11SS",276,44,"Vaginal"
"10249.C044.16SS",497,44,"Vaginal"
"10249.C044.17SS",553,44,"Vaginal"
"10249.C035.01SS",0,35,"Vaginal"
"10249.C035.13SS",367,35,"Vaginal"
"10249.C035.14SS",427,35,"Vaginal"
"10249.C035.15SS",488,35,"Vaginal"
"10249.C037.10SS",274,37,"Cesarean"
"10249.C037.12SS",335,37,"Cesarean"
"10249.C037.13SS",375,37,"Cesarean"
"10249.C037.15SS",497,37,"Cesarean"
"10249.C005.09SS",213,5,"Cesarean"
"10249.C005.12SS",304,5,"Cesarean"
"10249.C005.13SS",332,5,"Cesarean"
"10249.C005.15SS",428,5,"Cesarean"
"10249.C038.04SS",61,38,"Vaginal"
"10249.C038.11SS",278,38,"Vaginal"
"10249.C038.12SS",305,38,"Vaginal"
"10249.C038.14SS",365,38,"Vaginal"
"10249.C053.02SS",30,53,"Cesarean"
"10249.C053.05SS",95,53,"Cesarean"
"10249.C053.06SS",123,53,"Cesarean"
"10249.C053.09SS",214,53,"Cesarean"
"10249.C025.03SS",42,25,"Cesarean"
"10249.C025.04SS",60,25,"Cesarean"
"10249.C025.10SS",240,25,"Cesarean"
"10249.C025.19SS",666,25,"Cesarean"
"10249.C002.05SS",89,2,"Cesarean"
"10249.C002.08SS",190,2,"Cesarean"
"10249.C002.09SS",249,2,"Cesarean"
"10249.C002.18SS",678,2,"Cesarean"
"10249.C055.01SS",0,55,"Cesarean"
"10249.C055.03SS",41,55,"Cesarean"
"10249.C055.06SS",120,55,"Cesarean"
"10249.C055.08SS",183,55,"Cesarean"
"10249.C031.06SS",119,31,"Vaginal"
"10249.C031.08SS",184,31,"Vaginal"
"10249.C031.16SS",428,31,"Vaginal"
"10249.C031.20SS",666,31,"Vaginal"
"10249.C052.03SS",32,52,"Vaginal"
"10249.C052.04SS",62,52,"Vaginal"
"10249.C052.06SS",127,52,"Vaginal"
"10249.C052.09SS",245,52,"Vaginal"
"10249.C049.01SS",4,49,"Vaginal"
"10249.C049.08SS",154,49,"Vaginal"
"10249.C049.09SS",181,49,"Vaginal"
"10249.C049.11SS",243,49,"Vaginal"
"10249.C008.01SS",1,8,"Vaginal"
"10249.C008.11SS",308,8,"Vaginal"
"10249.C008.12SS",364,8,"Vaginal"
"10249.C008.15SS",552,8,"Vaginal"
"10249.C016.07SS",124,16,"Vaginal"
"10249.C016.09SS",180,16,"Vaginal"
"10249.C016.19SS",549,16,"Vaginal"
"10249.C016.20SS",608,16,"Vaginal"
"10249.C045.02SS",31,45,"Vaginal"
"10249.C045.06SS",154,45,"Vaginal"
"10249.C045.12SS",344,45,"Vaginal"
"10249.C045.13SS",365,45,"Vaginal"
"10249.C047.07SS",156,47,"Cesarean"
"10249.C047.08SS",185,47,"Cesarean"
"10249.C047.10SS",249,47,"Cesarean"
"10249.C047.11SS",277,47,"Cesarean"
