"","day_of_life","studyid","delivery"
"10249.C018.02SS",33,18,"Vaginal"
"10249.C018.09SS",282,18,"Vaginal"
"10249.C018.10SS",312,18,"Vaginal"
"10249.C018.15SS",548,18,"Vaginal"
"10249.C036.01SS",0,36,"Cesarean"
"10249.C036.07SS",216,36,"Cesarean"
"10249.C036.09SS",276,36,"Cesarean"
"10249.C036.16SS",610,36,"Cesarean"
"10249.C020.16SS",305,20,"Cesarean"
"10249.C020.19SS",426,20,"Cesarean"
"10249.C020.22SS",593,20,"Cesarean"
"10249.C020.24SS",599,20,"Cesarean"
"10249.C024.03SS",43,24,"Vaginal"
"10249.C024.08SS",150,24,"Vaginal"
"10249.C024.17SS",490,24,"Vaginal"
"10249.C024.18SS",551,24,"Vaginal"
"10249.C043.01SS",0,43,"Vaginal"
"10249.C043.06SS",154,43,"Vaginal"
"10249.C043.07SS",189,43,"Vaginal"
"10249.C043.17SS",550,43,"Vaginal"
"10249.C017.01SS",0,17,"Vaginal"
"10249.C017.02SS",2,17,"Vaginal"
"10249.C017.07SS",91,17,"Vaginal"
"10249.C017.10SS",179,17,"Vaginal"
"10249.C009.02SS",31,9,"Vaginal"
"10249.C009.03SS",64,9,"Vaginal"
"10249.C009.09SS",246,9,"Vaginal"
"10249.C009.16SS",555,9,"Vaginal"
"10249.C027.07SS",181,27,"Vaginal"
"10249.C027.17SS",489,27,"Vaginal"
"10249.C027.19SS",607,27,"Vaginal"
"10249.C027.20SS",673,27,"Vaginal"
"10249.C046.06SS",151,46,"Cesarean"
"10249.C046.08SS",211,46,"Cesarean"
"10249.C046.11SS",306,46,"Cesarean"
"10249.C046.13SS",366,46,"Cesarean"
"10249.C030.02SS",34,30,"Vaginal"
"10249.C030.08SS",183,30,"Vaginal"
"10249.C030.14SS",365,30,"Vaginal"
"10249.C030.19SS",606,30,"Vaginal"
"10249.C033.03SS",61,33,"Vaginal"
"10249.C033.07SS",211,33,"Vaginal"
"10249.C033.15SS",427,33,"Vaginal"
"10249.C033.17SS",547,33,"Vaginal"
"10249.C042.03SS",61,42,"Vaginal"
"10249.C042.05SS",122,42,"Vaginal"
"10249.C042.14SS",438,42,"Vaginal"
"10249.C042.16SS",557,42,"Vaginal"
"10249.C032.06SS",118,32,"Vaginal"
"10249.C032.07SS",153,32,"Vaginal"
"10249.C032.19SS",555,32,"Vaginal"
"10249.C032.20SS",609,32,"Vaginal"
"10249.C004.02SS",31,4,"Cesarean"
"10249.C004.06SS",154,4,"Cesarean"
"10249.C004.08SS",214,4,"Cesarean"
"10249.C004.14SS",340,4,"Cesarean"
"10249.C001.02SS",36,1,"Vaginal"
"10249.C001.26SS",427,1,"Vaginal"
"10249.C001.30SS",551,1,"Vaginal"
"10249.C001.32SS",677,1,"Vaginal"
"10249.C034.03SS",45,34,"Cesarean"
"10249.C034.07SS",166,34,"Cesarean"
"10249.C034.09SS",214,34,"Cesarean"
"10249.C034.10SS",243,34,"Cesarean"
"10249.C057.02SS",31,57,"Cesarean"
"10249.C057.05SS",125,57,"Cesarean"
"10249.C057.09SS",238,57,"Cesarean"
"10249.C057.11SS",277,57,"Cesarean"
"10249.C041.01SS",0,41,"Vaginal"
"10249.C041.02SS",32,41,"Vaginal"
"10249.C041.14SS",339,41,"Vaginal"
"10249.C041.17SS",488,41,"Vaginal"
"10249.C011.06SS",187,11,"Cesarean"
"10249.C011.08SS",247,11,"Cesarean"
"10249.C011.18SS",676,11,"Cesarean"
"10249.C011.19SS",737,11,"Cesarean"
"10249.C010.06SS",93,10,"Vaginal"
"10249.C010.10SS",219,10,"Vaginal"
"10249.C010.13SS",305,10,"Vaginal"
"10249.C010.18SS",613,10,"Vaginal"
"10249.C056.02SS",1,56,"Cesarean"
"10249.C056.06SS",93,56,"Cesarean"
"10249.C056.08SS",153,56,"Cesarean"
"10249.C056.10SS",215,56,"Cesarean"
"10249.C014.03SS",71,14,"Vaginal"
"10249.C014.09SS",239,14,"Vaginal"
"10249.C014.17SS",549,14,"Vaginal"
"10249.C014.20SS",737,14,"Vaginal"
"10249.C007.08SS",183,7,"Cesarean"
"10249.C007.18SS",427,7,"Cesarean"
"10249.C007.20SS",551,7,"Cesarean"
"10249.C007.21SS",608,7,"Cesarean"
"10249.C021.02SS",2,21,"Cesarean"
"10249.C021.04SS",94,21,"Cesarean"
"10249.C021.09SS",347,21,"Cesarean"
"10249.C021.12SS",499,21,"Cesarean"
"10249.C012.09SS",188,12,"Cesarean"
"10249.C012.13SS",305,12,"Cesarean"
"10249.C012.16SS",426,12,"Cesarean"
"10249.C012.21SS",732,12,"Cesarean"
"10249.C022.03SS",63,22,"Vaginal"
"10249.C022.07SS",182,22,"Vaginal"
"10249.C022.08SS",217,22,"Vaginal"
"10249.C022.18SS",671,22,"Vaginal"
"10249.C044.03SS",41,44,"Vaginal"
"10249.C044.07SS",155,44,"Vaginal"
"10249.C044.09SS",222,44,"Vaginal"
"10249.C044.17SS",553,44,"Vaginal"
"10249.C035.06SS",153,35,"Vaginal"
"10249.C035.09SS",244,35,"Vaginal"
"10249.C035.13SS",367,35,"Vaginal"
"10249.C035.14SS",427,35,"Vaginal"
"10249.C037.01SS",1,37,"Cesarean"
"10249.C037.04SS",92,37,"Cesarean"
"10249.C037.05SS",123,37,"Cesarean"
"10249.C037.17SS",612,37,"Cesarean"
"10249.C005.07SS",155,5,"Cesarean"
"10249.C005.10SS",245,5,"Cesarean"
"10249.C005.18SS",612,5,"Cesarean"
"10249.C005.20SS",735,5,"Cesarean"
"10249.C038.06SS",123,38,"Vaginal"
"10249.C038.07SS",153,38,"Vaginal"
"10249.C038.15SS",428,38,"Vaginal"
"10249.C038.18SS",610,38,"Vaginal"
"10249.C053.02SS",30,53,"Cesarean"
"10249.C053.04SS",62,53,"Cesarean"
"10249.C053.06SS",123,53,"Cesarean"
"10249.C053.07SS",153,53,"Cesarean"
"10249.C025.01SS",1,25,"Cesarean"
"10249.C025.04SS",60,25,"Cesarean"
"10249.C025.14SS",365,25,"Cesarean"
"10249.C025.19SS",666,25,"Cesarean"
"10249.C002.03SS",53,2,"Cesarean"
"10249.C002.07SS",158,2,"Cesarean"
"10249.C002.18SS",678,2,"Cesarean"
"10249.C002.19SS",731,2,"Cesarean"
"10249.C055.04SS",64,55,"Cesarean"
"10249.C055.05SS",91,55,"Cesarean"
"10249.C055.06SS",120,55,"Cesarean"
"10249.C055.08SS",183,55,"Cesarean"
"10249.C031.05SS",89,31,"Vaginal"
"10249.C031.10SS",243,31,"Vaginal"
"10249.C031.14SS",365,31,"Vaginal"
"10249.C031.19SS",618,31,"Vaginal"
"10249.C052.03SS",32,52,"Vaginal"
"10249.C052.04SS",62,52,"Vaginal"
"10249.C052.07SS",154,52,"Vaginal"
"10249.C052.09SS",245,52,"Vaginal"
"10249.C049.01SS",4,49,"Vaginal"
"10249.C049.03SS",32,49,"Vaginal"
"10249.C049.07SS",124,49,"Vaginal"
"10249.C049.08SS",154,49,"Vaginal"
"10249.C008.01SS",1,8,"Vaginal"
"10249.C008.10SS",273,8,"Vaginal"
"10249.C008.12SS",364,8,"Vaginal"
"10249.C008.14SS",490,8,"Vaginal"
"10249.C016.05SS",64,16,"Vaginal"
"10249.C016.12SS",272,16,"Vaginal"
"10249.C016.18SS",489,16,"Vaginal"
"10249.C016.20SS",608,16,"Vaginal"
"10249.C045.01SS",0,45,"Vaginal"
"10249.C045.04SS",91,45,"Vaginal"
"10249.C045.11SS",304,45,"Vaginal"
"10249.C045.12SS",344,45,"Vaginal"
"10249.C047.08SS",185,47,"Cesarean"
"10249.C047.09SS",221,47,"Cesarean"
"10249.C047.11SS",277,47,"Cesarean"
"10249.C047.13SS",347,47,"Cesarean"
