"","day_of_life","studyid","delivery"
"10249.C018.01SS",2,18,"Vaginal"
"10249.C018.07SS",214,18,"Vaginal"
"10249.C018.09SS",282,18,"Vaginal"
"10249.C018.12SS",373,18,"Vaginal"
"10249.C018.15SS",548,18,"Vaginal"
"10249.C036.03SS",65,36,"Cesarean"
"10249.C036.05SS",162,36,"Cesarean"
"10249.C036.09SS",276,36,"Cesarean"
"10249.C036.13SS",425,36,"Cesarean"
"10249.C036.14SS",490,36,"Cesarean"
"10249.C020.10SS",123,20,"Cesarean"
"10249.C020.11SS",153,20,"Cesarean"
"10249.C020.13SS",211,20,"Cesarean"
"10249.C020.18SS",365,20,"Cesarean"
"10249.C020.21SS",551,20,"Cesarean"
"10249.C024.07SS",129,24,"Vaginal"
"10249.C024.10SS",213,24,"Vaginal"
"10249.C024.12SS",272,24,"Vaginal"
"10249.C024.15SS",373,24,"Vaginal"
"10249.C024.16SS",416,24,"Vaginal"
"10249.C043.15SS",428,43,"Vaginal"
"10249.C043.16SS",490,43,"Vaginal"
"10249.C043.17SS",550,43,"Vaginal"
"10249.C043.18SS",555,43,"Vaginal"
"10249.C043.20SS",616,43,"Vaginal"
"10249.C017.01SS",0,17,"Vaginal"
"10249.C017.06SS",63,17,"Vaginal"
"10249.C017.08SS",123,17,"Vaginal"
"10249.C017.09SS",152,17,"Vaginal"
"10249.C017.12SS",247,17,"Vaginal"
"10249.C009.05SS",122,9,"Vaginal"
"10249.C009.07SS",185,9,"Vaginal"
"10249.C009.17SS",613,9,"Vaginal"
"10249.C009.18SS",681,9,"Vaginal"
"10249.C009.19SS",739,9,"Vaginal"
"10249.C027.03SS",69,27,"Vaginal"
"10249.C027.09SS",243,27,"Vaginal"
"10249.C027.15SS",370,27,"Vaginal"
"10249.C027.19SS",607,27,"Vaginal"
"10249.C027.21SS",736,27,"Vaginal"
"10249.C046.02SS",31,46,"Cesarean"
"10249.C046.03SS",54,46,"Cesarean"
"10249.C046.06SS",151,46,"Cesarean"
"10249.C046.07SS",184,46,"Cesarean"
"10249.C046.10SS",274,46,"Cesarean"
"10249.C030.04SS",61,30,"Vaginal"
"10249.C030.05SS",90,30,"Vaginal"
"10249.C030.16SS",429,30,"Vaginal"
"10249.C030.17SS",495,30,"Vaginal"
"10249.C030.19SS",606,30,"Vaginal"
"10249.C033.02SS",32,33,"Vaginal"
"10249.C033.12SS",305,33,"Vaginal"
"10249.C033.15SS",427,33,"Vaginal"
"10249.C033.16SS",485,33,"Vaginal"
"10249.C033.18SS",608,33,"Vaginal"
"10249.C042.01SS",0,42,"Vaginal"
"10249.C042.03SS",61,42,"Vaginal"
"10249.C042.04SS",91,42,"Vaginal"
"10249.C042.06SS",154,42,"Vaginal"
"10249.C042.09SS",247,42,"Vaginal"
"10249.C032.05SS",91,32,"Vaginal"
"10249.C032.11SS",272,32,"Vaginal"
"10249.C032.13SS",337,32,"Vaginal"
"10249.C032.16SS",422,32,"Vaginal"
"10249.C032.19SS",555,32,"Vaginal"
"10249.C004.01SS",0,4,"Cesarean"
"10249.C004.02SS",31,4,"Cesarean"
"10249.C004.05SS",124,4,"Cesarean"
"10249.C004.08SS",214,4,"Cesarean"
"10249.C004.09SS",245,4,"Cesarean"
"10249.C001.01SS",0,1,"Vaginal"
"10249.C001.04SS",49,1,"Vaginal"
"10249.C001.19SS",375,1,"Vaginal"
"10249.C001.26SS",427,1,"Vaginal"
"10249.C001.31SS",613,1,"Vaginal"
"10249.C034.01SS",1,34,"Cesarean"
"10249.C034.05SS",90,34,"Cesarean"
"10249.C034.06SS",119,34,"Cesarean"
"10249.C034.08SS",183,34,"Cesarean"
"10249.C034.15SS",424,34,"Cesarean"
"10249.C057.02SS",31,57,"Cesarean"
"10249.C057.04SS",91,57,"Cesarean"
"10249.C057.05SS",125,57,"Cesarean"
"10249.C057.09SS",238,57,"Cesarean"
"10249.C057.11SS",277,57,"Cesarean"
"10249.C041.01SS",0,41,"Vaginal"
"10249.C041.08SS",186,41,"Vaginal"
"10249.C041.13SS",310,41,"Vaginal"
"10249.C041.14SS",339,41,"Vaginal"
"10249.C041.17SS",488,41,"Vaginal"
"10249.C011.03SS",65,11,"Cesarean"
"10249.C011.10SS",303,11,"Cesarean"
"10249.C011.14SS",486,11,"Cesarean"
"10249.C011.17SS",610,11,"Cesarean"
"10249.C011.18SS",676,11,"Cesarean"
"10249.C010.04SS",43,10,"Vaginal"
"10249.C010.05SS",60,10,"Vaginal"
"10249.C010.07SS",123,10,"Vaginal"
"10249.C010.14SS",337,10,"Vaginal"
"10249.C010.16SS",431,10,"Vaginal"
"10249.C056.02SS",1,56,"Cesarean"
"10249.C056.05SS",65,56,"Cesarean"
"10249.C056.06SS",93,56,"Cesarean"
"10249.C056.07SS",122,56,"Cesarean"
"10249.C056.08SS",153,56,"Cesarean"
"10249.C014.01SS",1,14,"Vaginal"
"10249.C014.02SS",31,14,"Vaginal"
"10249.C014.04SS",92,14,"Vaginal"
"10249.C014.13SS",368,14,"Vaginal"
"10249.C014.19SS",675,14,"Vaginal"
"10249.C007.04SS",66,7,"Cesarean"
"10249.C007.10SS",219,7,"Cesarean"
"10249.C007.12SS",258,7,"Cesarean"
"10249.C007.15SS",303,7,"Cesarean"
"10249.C007.21SS",608,7,"Cesarean"
"10249.C021.01SS",1,21,"Cesarean"
"10249.C021.03SS",37,21,"Cesarean"
"10249.C021.05SS",161,21,"Cesarean"
"10249.C021.07SS",245,21,"Cesarean"
"10249.C021.08SS",306,21,"Cesarean"
"10249.C012.03SS",40,12,"Cesarean"
"10249.C012.08SS",154,12,"Cesarean"
"10249.C012.12SS",272,12,"Cesarean"
"10249.C012.14SS",335,12,"Cesarean"
"10249.C012.18SS",560,12,"Cesarean"
"10249.C022.01SS",0,22,"Vaginal"
"10249.C022.10SS",273,22,"Vaginal"
"10249.C022.13SS",370,22,"Vaginal"
"10249.C022.15SS",489,22,"Vaginal"
"10249.C022.18SS",671,22,"Vaginal"
"10249.C044.01SS",1,44,"Vaginal"
"10249.C044.04SS",62,44,"Vaginal"
"10249.C044.05SS",92,44,"Vaginal"
"10249.C044.12SS",307,44,"Vaginal"
"10249.C044.16SS",497,44,"Vaginal"
"10249.C035.04SS",91,35,"Vaginal"
"10249.C035.07SS",182,35,"Vaginal"
"10249.C035.09SS",244,35,"Vaginal"
"10249.C035.11SS",307,35,"Vaginal"
"10249.C035.16SS",551,35,"Vaginal"
"10249.C037.02SS",33,37,"Cesarean"
"10249.C037.06SS",156,37,"Cesarean"
"10249.C037.13SS",375,37,"Cesarean"
"10249.C037.15SS",497,37,"Cesarean"
"10249.C037.18SS",674,37,"Cesarean"
"10249.C005.09SS",213,5,"Cesarean"
"10249.C005.11SS",276,5,"Cesarean"
"10249.C005.15SS",428,5,"Cesarean"
"10249.C005.19SS",667,5,"Cesarean"
"10249.C005.20SS",735,5,"Cesarean"
"10249.C038.01SS",2,38,"Vaginal"
"10249.C038.05SS",98,38,"Vaginal"
"10249.C038.08SS",187,38,"Vaginal"
"10249.C038.10SS",250,38,"Vaginal"
"10249.C038.14SS",365,38,"Vaginal"
"10249.C053.02SS",30,53,"Cesarean"
"10249.C053.03SS",45,53,"Cesarean"
"10249.C053.05SS",95,53,"Cesarean"
"10249.C053.08SS",183,53,"Cesarean"
"10249.C053.09SS",214,53,"Cesarean"
"10249.C025.02SS",30,25,"Cesarean"
"10249.C025.06SS",124,25,"Cesarean"
"10249.C025.13SS",337,25,"Cesarean"
"10249.C025.15SS",428,25,"Cesarean"
"10249.C025.18SS",615,25,"Cesarean"
"10249.C002.01SS",0,2,"Cesarean"
"10249.C002.09SS",249,2,"Cesarean"
"10249.C002.16SS",555,2,"Cesarean"
"10249.C002.18SS",678,2,"Cesarean"
"10249.C002.19SS",731,2,"Cesarean"
"10249.C055.01SS",0,55,"Cesarean"
"10249.C055.02SS",30,55,"Cesarean"
"10249.C055.03SS",41,55,"Cesarean"
"10249.C055.05SS",91,55,"Cesarean"
"10249.C055.08SS",183,55,"Cesarean"
"10249.C031.06SS",119,31,"Vaginal"
"10249.C031.10SS",243,31,"Vaginal"
"10249.C031.13SS",341,31,"Vaginal"
"10249.C031.17SS",491,31,"Vaginal"
"10249.C031.19SS",618,31,"Vaginal"
"10249.C052.02SS",1,52,"Vaginal"
"10249.C052.03SS",32,52,"Vaginal"
"10249.C052.06SS",127,52,"Vaginal"
"10249.C052.08SS",188,52,"Vaginal"
"10249.C052.09SS",245,52,"Vaginal"
"10249.C049.02SS",5,49,"Vaginal"
"10249.C049.07SS",124,49,"Vaginal"
"10249.C049.10SS",213,49,"Vaginal"
"10249.C049.12SS",274,49,"Vaginal"
"10249.C049.14SS",337,49,"Vaginal"
"10249.C008.03SS",72,8,"Vaginal"
"10249.C008.07SS",194,8,"Vaginal"
"10249.C008.14SS",490,8,"Vaginal"
"10249.C008.15SS",552,8,"Vaginal"
"10249.C008.16SS",615,8,"Vaginal"
"10249.C016.06SS",92,16,"Vaginal"
"10249.C016.07SS",124,16,"Vaginal"
"10249.C016.13SS",303,16,"Vaginal"
"10249.C016.20SS",608,16,"Vaginal"
"10249.C016.21SS",672,16,"Vaginal"
"10249.C045.01SS",0,45,"Vaginal"
"10249.C045.03SS",61,45,"Vaginal"
"10249.C045.09SS",245,45,"Vaginal"
"10249.C045.10SS",276,45,"Vaginal"
"10249.C045.13SS",365,45,"Vaginal"
"10249.C047.02SS",32,47,"Cesarean"
"10249.C047.05SS",94,47,"Cesarean"
"10249.C047.08SS",185,47,"Cesarean"
"10249.C047.09SS",221,47,"Cesarean"
"10249.C047.11SS",277,47,"Cesarean"
