"","day_of_life","studyid","delivery"
"10249.C018.02SS",33,18,"Vaginal"
"10249.C018.16SS",606,18,"Vaginal"
"10249.C036.02SS",42,36,"Cesarean"
"10249.C036.11SS",334,36,"Cesarean"
"10249.C020.14SS",243,20,"Cesarean"
"10249.C020.22SS",593,20,"Cesarean"
"10249.C024.12SS",272,24,"Vaginal"
"10249.C024.19SS",611,24,"Vaginal"
"10249.C043.10SS",275,43,"Vaginal"
"10249.C043.15SS",428,43,"Vaginal"
"10249.C017.11SS",216,17,"Vaginal"
"10249.C017.12SS",247,17,"Vaginal"
"10249.C009.02SS",31,9,"Vaginal"
"10249.C009.13SS",366,9,"Vaginal"
"10249.C027.15SS",370,27,"Vaginal"
"10249.C027.18SS",551,27,"Vaginal"
"10249.C046.04SS",93,46,"Cesarean"
"10249.C046.05SS",124,46,"Cesarean"
"10249.C030.02SS",34,30,"Vaginal"
"10249.C030.19SS",606,30,"Vaginal"
"10249.C033.18SS",608,33,"Vaginal"
"10249.C033.19SS",670,33,"Vaginal"
"10249.C042.10SS",277,42,"Vaginal"
"10249.C042.16SS",557,42,"Vaginal"
"10249.C032.04SS",59,32,"Vaginal"
"10249.C032.22SS",734,32,"Vaginal"
"10249.C004.11SS",266,4,"Cesarean"
"10249.C004.15SS",366,4,"Cesarean"
"10249.C001.06SS",61,1,"Vaginal"
"10249.C001.27SS",435,1,"Vaginal"
"10249.C034.06SS",119,34,"Cesarean"
"10249.C034.13SS",335,34,"Cesarean"
"10249.C057.08SS",215,57,"Cesarean"
"10249.C057.10SS",244,57,"Cesarean"
"10249.C041.12SS",278,41,"Vaginal"
"10249.C041.17SS",488,41,"Vaginal"
"10249.C011.14SS",486,11,"Cesarean"
"10249.C011.19SS",737,11,"Cesarean"
"10249.C010.11SS",246,10,"Vaginal"
"10249.C010.16SS",431,10,"Vaginal"
"10249.C056.02SS",1,56,"Cesarean"
"10249.C056.06SS",93,56,"Cesarean"
"10249.C014.04SS",92,14,"Vaginal"
"10249.C014.18SS",614,14,"Vaginal"
"10249.C007.05SS",93,7,"Cesarean"
"10249.C007.06SS",127,7,"Cesarean"
"10249.C021.02SS",2,21,"Cesarean"
"10249.C021.09SS",347,21,"Cesarean"
"10249.C012.11SS",244,12,"Cesarean"
"10249.C012.21SS",732,12,"Cesarean"
"10249.C022.09SS",243,22,"Vaginal"
"10249.C022.16SS",551,22,"Vaginal"
"10249.C044.08SS",186,44,"Vaginal"
"10249.C044.17SS",553,44,"Vaginal"
"10249.C035.06SS",153,35,"Vaginal"
"10249.C035.15SS",488,35,"Vaginal"
"10249.C037.15SS",497,37,"Cesarean"
"10249.C037.16SS",554,37,"Cesarean"
"10249.C005.01SS",1,5,"Cesarean"
"10249.C005.20SS",735,5,"Cesarean"
"10249.C038.02SS",33,38,"Vaginal"
"10249.C038.04SS",61,38,"Vaginal"
"10249.C053.02SS",30,53,"Cesarean"
"10249.C053.07SS",153,53,"Cesarean"
"10249.C025.04SS",60,25,"Cesarean"
"10249.C025.18SS",615,25,"Cesarean"
"10249.C002.01SS",0,2,"Cesarean"
"10249.C002.13SS",369,2,"Cesarean"
"10249.C055.01SS",0,55,"Cesarean"
"10249.C055.08SS",183,55,"Cesarean"
"10249.C031.03SS",41,31,"Vaginal"
"10249.C031.07SS",152,31,"Vaginal"
"10249.C052.04SS",62,52,"Vaginal"
"10249.C052.06SS",127,52,"Vaginal"
"10249.C049.04SS",60,49,"Vaginal"
"10249.C049.14SS",337,49,"Vaginal"
"10249.C008.04SS",126,8,"Vaginal"
"10249.C008.14SS",490,8,"Vaginal"
"10249.C016.18SS",489,16,"Vaginal"
"10249.C016.20SS",608,16,"Vaginal"
"10249.C045.10SS",276,45,"Vaginal"
"10249.C045.12SS",344,45,"Vaginal"
"10249.C047.02SS",32,47,"Cesarean"
"10249.C047.11SS",277,47,"Cesarean"
