"","day_of_life","studyid","delivery"
"10249.C018.04SS",125,18,"Vaginal"
"10249.C018.15SS",548,18,"Vaginal"
"10249.C036.11SS",334,36,"Cesarean"
"10249.C036.13SS",425,36,"Cesarean"
"10249.C020.08SS",69,20,"Cesarean"
"10249.C020.23SS",594,20,"Cesarean"
"10249.C024.02SS",33,24,"Vaginal"
"10249.C024.04SS",61,24,"Vaginal"
"10249.C043.11SS",306,43,"Vaginal"
"10249.C043.12SS",312,43,"Vaginal"
"10249.C017.02SS",2,17,"Vaginal"
"10249.C017.06SS",63,17,"Vaginal"
"10249.C009.10SS",273,9,"Vaginal"
"10249.C009.17SS",613,9,"Vaginal"
"10249.C027.05SS",119,27,"Vaginal"
"10249.C027.18SS",551,27,"Vaginal"
"10249.C046.07SS",184,46,"Cesarean"
"10249.C046.11SS",306,46,"Cesarean"
"10249.C030.01SS",0,30,"Vaginal"
"10249.C030.19SS",606,30,"Vaginal"
"10249.C033.02SS",32,33,"Vaginal"
"10249.C033.05SS",147,33,"Vaginal"
"10249.C042.12SS",337,42,"Vaginal"
"10249.C042.15SS",493,42,"Vaginal"
"10249.C032.17SS",485,32,"Vaginal"
"10249.C032.21SS",674,32,"Vaginal"
"10249.C004.07SS",186,4,"Cesarean"
"10249.C004.15SS",366,4,"Cesarean"
"10249.C001.16SS",307,1,"Vaginal"
"10249.C001.30SS",551,1,"Vaginal"
"10249.C034.10SS",243,34,"Cesarean"
"10249.C034.14SS",369,34,"Cesarean"
"10249.C057.06SS",157,57,"Cesarean"
"10249.C057.09SS",238,57,"Cesarean"
"10249.C041.09SS",214,41,"Vaginal"
"10249.C041.19SS",618,41,"Vaginal"
"10249.C011.09SS",273,11,"Cesarean"
"10249.C011.11SS",338,11,"Cesarean"
"10249.C010.14SS",337,10,"Vaginal"
"10249.C010.20SS",737,10,"Vaginal"
"10249.C056.06SS",93,56,"Cesarean"
"10249.C056.10SS",215,56,"Cesarean"
"10249.C014.03SS",71,14,"Vaginal"
"10249.C014.05SS",121,14,"Vaginal"
"10249.C007.03SS",49,7,"Cesarean"
"10249.C007.12SS",258,7,"Cesarean"
"10249.C021.04SS",94,21,"Cesarean"
"10249.C021.13SS",559,21,"Cesarean"
"10249.C012.11SS",244,12,"Cesarean"
"10249.C012.22SS",739,12,"Cesarean"
"10249.C022.07SS",182,22,"Vaginal"
"10249.C022.12SS",342,22,"Vaginal"
"10249.C044.04SS",62,44,"Vaginal"
"10249.C044.06SS",127,44,"Vaginal"
"10249.C035.14SS",427,35,"Vaginal"
"10249.C035.15SS",488,35,"Vaginal"
"10249.C037.15SS",497,37,"Cesarean"
"10249.C037.18SS",674,37,"Cesarean"
"10249.C005.13SS",332,5,"Cesarean"
"10249.C005.20SS",735,5,"Cesarean"
"10249.C038.02SS",33,38,"Vaginal"
"10249.C038.07SS",153,38,"Vaginal"
"10249.C053.05SS",95,53,"Cesarean"
"10249.C053.07SS",153,53,"Cesarean"
"10249.C025.13SS",337,25,"Cesarean"
"10249.C025.17SS",548,25,"Cesarean"
"10249.C002.06SS",123,2,"Cesarean"
"10249.C002.16SS",555,2,"Cesarean"
"10249.C055.02SS",30,55,"Cesarean"
"10249.C055.08SS",183,55,"Cesarean"
"10249.C031.08SS",184,31,"Vaginal"
"10249.C031.18SS",547,31,"Vaginal"
"10249.C052.06SS",127,52,"Vaginal"
"10249.C052.09SS",245,52,"Vaginal"
"10249.C049.08SS",154,49,"Vaginal"
"10249.C049.10SS",213,49,"Vaginal"
"10249.C008.04SS",126,8,"Vaginal"
"10249.C008.08SS",212,8,"Vaginal"
"10249.C016.05SS",64,16,"Vaginal"
"10249.C016.19SS",549,16,"Vaginal"
"10249.C045.01SS",0,45,"Vaginal"
"10249.C045.06SS",154,45,"Vaginal"
"10249.C047.08SS",185,47,"Cesarean"
"10249.C047.11SS",277,47,"Cesarean"
