"","day_of_life","studyid","delivery"
"10249.C018.12SS",373,18,"Vaginal"
"10249.C018.15SS",548,18,"Vaginal"
"10249.C018.16SS",606,18,"Vaginal"
"10249.C018.17SS",732,18,"Vaginal"
"10249.C036.01SS",0,36,"Cesarean"
"10249.C036.04SS",126,36,"Cesarean"
"10249.C036.08SS",243,36,"Cesarean"
"10249.C036.09SS",276,36,"Cesarean"
"10249.C020.05SS",13,20,"Cesarean"
"10249.C020.13SS",211,20,"Cesarean"
"10249.C020.19SS",426,20,"Cesarean"
"10249.C020.22SS",593,20,"Cesarean"
"10249.C024.12SS",272,24,"Vaginal"
"10249.C024.18SS",551,24,"Vaginal"
"10249.C024.19SS",611,24,"Vaginal"
"10249.C024.20SS",673,24,"Vaginal"
"10249.C043.12SS",312,43,"Vaginal"
"10249.C043.15SS",428,43,"Vaginal"
"10249.C043.17SS",550,43,"Vaginal"
"10249.C043.18SS",555,43,"Vaginal"
"10249.C017.02SS",2,17,"Vaginal"
"10249.C017.09SS",152,17,"Vaginal"
"10249.C017.10SS",179,17,"Vaginal"
"10249.C017.12SS",247,17,"Vaginal"
"10249.C009.01SS",1,9,"Vaginal"
"10249.C009.06SS",155,9,"Vaginal"
"10249.C009.14SS",429,9,"Vaginal"
"10249.C009.18SS",681,9,"Vaginal"
"10249.C027.03SS",69,27,"Vaginal"
"10249.C027.06SS",155,27,"Vaginal"
"10249.C027.17SS",489,27,"Vaginal"
"10249.C027.20SS",673,27,"Vaginal"
"10249.C046.04SS",93,46,"Cesarean"
"10249.C046.06SS",151,46,"Cesarean"
"10249.C046.12SS",336,46,"Cesarean"
"10249.C046.14SS",433,46,"Cesarean"
"10249.C030.07SS",150,30,"Vaginal"
"10249.C030.14SS",365,30,"Vaginal"
"10249.C030.19SS",606,30,"Vaginal"
"10249.C030.20SS",674,30,"Vaginal"
"10249.C033.11SS",272,33,"Vaginal"
"10249.C033.14SS",365,33,"Vaginal"
"10249.C033.18SS",608,33,"Vaginal"
"10249.C033.19SS",670,33,"Vaginal"
"10249.C042.03SS",61,42,"Vaginal"
"10249.C042.10SS",277,42,"Vaginal"
"10249.C042.11SS",310,42,"Vaginal"
"10249.C042.15SS",493,42,"Vaginal"
"10249.C032.03SS",52,32,"Vaginal"
"10249.C032.10SS",246,32,"Vaginal"
"10249.C032.16SS",422,32,"Vaginal"
"10249.C032.21SS",674,32,"Vaginal"
"10249.C004.02SS",31,4,"Cesarean"
"10249.C004.03SS",55,4,"Cesarean"
"10249.C004.04SS",91,4,"Cesarean"
"10249.C004.05SS",124,4,"Cesarean"
"10249.C001.14SS",294,1,"Vaginal"
"10249.C001.18SS",367,1,"Vaginal"
"10249.C001.20SS",378,1,"Vaginal"
"10249.C001.27SS",435,1,"Vaginal"
"10249.C034.08SS",183,34,"Cesarean"
"10249.C034.13SS",335,34,"Cesarean"
"10249.C034.15SS",424,34,"Cesarean"
"10249.C034.17SS",539,34,"Cesarean"
"10249.C057.03SS",62,57,"Cesarean"
"10249.C057.05SS",125,57,"Cesarean"
"10249.C057.06SS",157,57,"Cesarean"
"10249.C057.09SS",238,57,"Cesarean"
"10249.C041.04SS",96,41,"Vaginal"
"10249.C041.12SS",278,41,"Vaginal"
"10249.C041.16SS",424,41,"Vaginal"
"10249.C041.19SS",618,41,"Vaginal"
"10249.C011.10SS",303,11,"Cesarean"
"10249.C011.11SS",338,11,"Cesarean"
"10249.C011.16SS",553,11,"Cesarean"
"10249.C011.19SS",737,11,"Cesarean"
"10249.C010.05SS",60,10,"Vaginal"
"10249.C010.06SS",93,10,"Vaginal"
"10249.C010.14SS",337,10,"Vaginal"
"10249.C010.18SS",613,10,"Vaginal"
"10249.C056.01SS",0,56,"Cesarean"
"10249.C056.06SS",93,56,"Cesarean"
"10249.C056.08SS",153,56,"Cesarean"
"10249.C056.09SS",184,56,"Cesarean"
"10249.C014.04SS",92,14,"Vaginal"
"10249.C014.05SS",121,14,"Vaginal"
"10249.C014.18SS",614,14,"Vaginal"
"10249.C014.19SS",675,14,"Vaginal"
"10249.C007.01SS",1,7,"Cesarean"
"10249.C007.07SS",155,7,"Cesarean"
"10249.C007.08SS",183,7,"Cesarean"
"10249.C007.22SS",669,7,"Cesarean"
"10249.C021.03SS",37,21,"Cesarean"
"10249.C021.06SS",188,21,"Cesarean"
"10249.C021.10SS",351,21,"Cesarean"
"10249.C021.13SS",559,21,"Cesarean"
"10249.C012.01SS",2,12,"Cesarean"
"10249.C012.10SS",215,12,"Cesarean"
"10249.C012.12SS",272,12,"Cesarean"
"10249.C012.16SS",426,12,"Cesarean"
"10249.C022.07SS",182,22,"Vaginal"
"10249.C022.08SS",217,22,"Vaginal"
"10249.C022.09SS",243,22,"Vaginal"
"10249.C022.16SS",551,22,"Vaginal"
"10249.C044.01SS",1,44,"Vaginal"
"10249.C044.09SS",222,44,"Vaginal"
"10249.C044.11SS",276,44,"Vaginal"
"10249.C044.17SS",553,44,"Vaginal"
"10249.C035.05SS",122,35,"Vaginal"
"10249.C035.06SS",153,35,"Vaginal"
"10249.C035.14SS",427,35,"Vaginal"
"10249.C035.15SS",488,35,"Vaginal"
"10249.C037.05SS",123,37,"Cesarean"
"10249.C037.07SS",199,37,"Cesarean"
"10249.C037.08SS",215,37,"Cesarean"
"10249.C037.15SS",497,37,"Cesarean"
"10249.C005.03SS",43,5,"Cesarean"
"10249.C005.18SS",612,5,"Cesarean"
"10249.C005.19SS",667,5,"Cesarean"
"10249.C005.20SS",735,5,"Cesarean"
"10249.C038.01SS",2,38,"Vaginal"
"10249.C038.02SS",33,38,"Vaginal"
"10249.C038.09SS",215,38,"Vaginal"
"10249.C038.11SS",278,38,"Vaginal"
"10249.C053.02SS",30,53,"Cesarean"
"10249.C053.03SS",45,53,"Cesarean"
"10249.C053.05SS",95,53,"Cesarean"
"10249.C053.07SS",153,53,"Cesarean"
"10249.C025.15SS",428,25,"Cesarean"
"10249.C025.17SS",548,25,"Cesarean"
"10249.C025.19SS",666,25,"Cesarean"
"10249.C025.20SS",734,25,"Cesarean"
"10249.C002.13SS",369,2,"Cesarean"
"10249.C002.15SS",488,2,"Cesarean"
"10249.C002.16SS",555,2,"Cesarean"
"10249.C002.19SS",731,2,"Cesarean"
"10249.C055.01SS",0,55,"Cesarean"
"10249.C055.03SS",41,55,"Cesarean"
"10249.C055.04SS",64,55,"Cesarean"
"10249.C055.06SS",120,55,"Cesarean"
"10249.C031.01SS",0,31,"Vaginal"
"10249.C031.10SS",243,31,"Vaginal"
"10249.C031.14SS",365,31,"Vaginal"
"10249.C031.21SS",729,31,"Vaginal"
"10249.C052.03SS",32,52,"Vaginal"
"10249.C052.04SS",62,52,"Vaginal"
"10249.C052.06SS",127,52,"Vaginal"
"10249.C052.09SS",245,52,"Vaginal"
"10249.C049.08SS",154,49,"Vaginal"
"10249.C049.10SS",213,49,"Vaginal"
"10249.C049.12SS",274,49,"Vaginal"
"10249.C049.13SS",305,49,"Vaginal"
"10249.C008.07SS",194,8,"Vaginal"
"10249.C008.12SS",364,8,"Vaginal"
"10249.C008.13SS",437,8,"Vaginal"
"10249.C008.14SS",490,8,"Vaginal"
"10249.C016.05SS",64,16,"Vaginal"
"10249.C016.08SS",152,16,"Vaginal"
"10249.C016.19SS",549,16,"Vaginal"
"10249.C016.22SS",733,16,"Vaginal"
"10249.C045.06SS",154,45,"Vaginal"
"10249.C045.08SS",213,45,"Vaginal"
"10249.C045.09SS",245,45,"Vaginal"
"10249.C045.12SS",344,45,"Vaginal"
"10249.C047.02SS",32,47,"Cesarean"
"10249.C047.06SS",126,47,"Cesarean"
"10249.C047.07SS",156,47,"Cesarean"
"10249.C047.10SS",249,47,"Cesarean"
