"","day_of_life","studyid","delivery"
"10249.C018.08SS",244,18,"Vaginal"
"10249.C018.09SS",282,18,"Vaginal"
"10249.C018.11SS",336,18,"Vaginal"
"10249.C018.17SS",732,18,"Vaginal"
"10249.C036.02SS",42,36,"Cesarean"
"10249.C036.04SS",126,36,"Cesarean"
"10249.C036.05SS",162,36,"Cesarean"
"10249.C036.13SS",425,36,"Cesarean"
"10249.C020.01SS",0,20,"Cesarean"
"10249.C020.11SS",153,20,"Cesarean"
"10249.C020.13SS",211,20,"Cesarean"
"10249.C020.24SS",599,20,"Cesarean"
"10249.C024.06SS",86,24,"Vaginal"
"10249.C024.14SS",337,24,"Vaginal"
"10249.C024.18SS",551,24,"Vaginal"
"10249.C024.19SS",611,24,"Vaginal"
"10249.C043.04SS",96,43,"Vaginal"
"10249.C043.15SS",428,43,"Vaginal"
"10249.C043.16SS",490,43,"Vaginal"
"10249.C043.20SS",616,43,"Vaginal"
"10249.C017.04SS",32,17,"Vaginal"
"10249.C017.05SS",45,17,"Vaginal"
"10249.C017.09SS",152,17,"Vaginal"
"10249.C017.11SS",216,17,"Vaginal"
"10249.C009.02SS",31,9,"Vaginal"
"10249.C009.14SS",429,9,"Vaginal"
"10249.C009.18SS",681,9,"Vaginal"
"10249.C009.19SS",739,9,"Vaginal"
"10249.C027.03SS",69,27,"Vaginal"
"10249.C027.07SS",181,27,"Vaginal"
"10249.C027.15SS",370,27,"Vaginal"
"10249.C027.21SS",736,27,"Vaginal"
"10249.C046.03SS",54,46,"Cesarean"
"10249.C046.04SS",93,46,"Cesarean"
"10249.C046.09SS",244,46,"Cesarean"
"10249.C046.12SS",336,46,"Cesarean"
"10249.C030.05SS",90,30,"Vaginal"
"10249.C030.07SS",150,30,"Vaginal"
"10249.C030.17SS",495,30,"Vaginal"
"10249.C030.18SS",554,30,"Vaginal"
"10249.C033.02SS",32,33,"Vaginal"
"10249.C033.13SS",340,33,"Vaginal"
"10249.C033.15SS",427,33,"Vaginal"
"10249.C033.16SS",485,33,"Vaginal"
"10249.C042.05SS",122,42,"Vaginal"
"10249.C042.09SS",247,42,"Vaginal"
"10249.C042.12SS",337,42,"Vaginal"
"10249.C042.14SS",438,42,"Vaginal"
"10249.C032.13SS",337,32,"Vaginal"
"10249.C032.14SS",342,32,"Vaginal"
"10249.C032.16SS",422,32,"Vaginal"
"10249.C032.20SS",609,32,"Vaginal"
"10249.C004.05SS",124,4,"Cesarean"
"10249.C004.12SS",278,4,"Cesarean"
"10249.C004.13SS",308,4,"Cesarean"
"10249.C004.14SS",340,4,"Cesarean"
"10249.C001.19SS",375,1,"Vaginal"
"10249.C001.25SS",411,1,"Vaginal"
"10249.C001.27SS",435,1,"Vaginal"
"10249.C001.34SS",733,1,"Vaginal"
"10249.C034.12SS",308,34,"Cesarean"
"10249.C034.13SS",335,34,"Cesarean"
"10249.C034.15SS",424,34,"Cesarean"
"10249.C034.17SS",539,34,"Cesarean"
"10249.C057.04SS",91,57,"Cesarean"
"10249.C057.06SS",157,57,"Cesarean"
"10249.C057.10SS",244,57,"Cesarean"
"10249.C057.11SS",277,57,"Cesarean"
"10249.C041.03SS",64,41,"Vaginal"
"10249.C041.06SS",157,41,"Vaginal"
"10249.C041.12SS",278,41,"Vaginal"
"10249.C041.17SS",488,41,"Vaginal"
"10249.C011.02SS",36,11,"Cesarean"
"10249.C011.04SS",120,11,"Cesarean"
"10249.C011.16SS",553,11,"Cesarean"
"10249.C011.18SS",676,11,"Cesarean"
"10249.C010.13SS",305,10,"Vaginal"
"10249.C010.16SS",431,10,"Vaginal"
"10249.C010.18SS",613,10,"Vaginal"
"10249.C010.20SS",737,10,"Vaginal"
"10249.C056.02SS",1,56,"Cesarean"
"10249.C056.04SS",31,56,"Cesarean"
"10249.C056.07SS",122,56,"Cesarean"
"10249.C056.08SS",153,56,"Cesarean"
"10249.C014.03SS",71,14,"Vaginal"
"10249.C014.09SS",239,14,"Vaginal"
"10249.C014.15SS",426,14,"Vaginal"
"10249.C014.18SS",614,14,"Vaginal"
"10249.C007.03SS",49,7,"Cesarean"
"10249.C007.12SS",258,7,"Cesarean"
"10249.C007.16SS",334,7,"Cesarean"
"10249.C007.23SS",729,7,"Cesarean"
"10249.C021.03SS",37,21,"Cesarean"
"10249.C021.04SS",94,21,"Cesarean"
"10249.C021.05SS",161,21,"Cesarean"
"10249.C021.06SS",188,21,"Cesarean"
"10249.C012.02SS",29,12,"Cesarean"
"10249.C012.04SS",62,12,"Cesarean"
"10249.C012.16SS",426,12,"Cesarean"
"10249.C012.22SS",739,12,"Cesarean"
"10249.C022.02SS",32,22,"Vaginal"
"10249.C022.03SS",63,22,"Vaginal"
"10249.C022.07SS",182,22,"Vaginal"
"10249.C022.16SS",551,22,"Vaginal"
"10249.C044.05SS",92,44,"Vaginal"
"10249.C044.12SS",307,44,"Vaginal"
"10249.C044.13SS",334,44,"Vaginal"
"10249.C044.17SS",553,44,"Vaginal"
"10249.C035.04SS",91,35,"Vaginal"
"10249.C035.06SS",153,35,"Vaginal"
"10249.C035.13SS",367,35,"Vaginal"
"10249.C035.16SS",551,35,"Vaginal"
"10249.C037.04SS",92,37,"Cesarean"
"10249.C037.08SS",215,37,"Cesarean"
"10249.C037.14SS",426,37,"Cesarean"
"10249.C037.18SS",674,37,"Cesarean"
"10249.C005.07SS",155,5,"Cesarean"
"10249.C005.14SS",367,5,"Cesarean"
"10249.C005.15SS",428,5,"Cesarean"
"10249.C005.18SS",612,5,"Cesarean"
"10249.C038.04SS",61,38,"Vaginal"
"10249.C038.05SS",98,38,"Vaginal"
"10249.C038.06SS",123,38,"Vaginal"
"10249.C038.09SS",215,38,"Vaginal"
"10249.C053.03SS",45,53,"Cesarean"
"10249.C053.06SS",123,53,"Cesarean"
"10249.C053.08SS",183,53,"Cesarean"
"10249.C053.09SS",214,53,"Cesarean"
"10249.C025.01SS",1,25,"Cesarean"
"10249.C025.12SS",303,25,"Cesarean"
"10249.C025.18SS",615,25,"Cesarean"
"10249.C025.19SS",666,25,"Cesarean"
"10249.C002.11SS",315,2,"Cesarean"
"10249.C002.13SS",369,2,"Cesarean"
"10249.C002.18SS",678,2,"Cesarean"
"10249.C002.19SS",731,2,"Cesarean"
"10249.C055.01SS",0,55,"Cesarean"
"10249.C055.03SS",41,55,"Cesarean"
"10249.C055.07SS",155,55,"Cesarean"
"10249.C055.09SS",211,55,"Cesarean"
"10249.C031.11SS",275,31,"Vaginal"
"10249.C031.16SS",428,31,"Vaginal"
"10249.C031.19SS",618,31,"Vaginal"
"10249.C031.20SS",666,31,"Vaginal"
"10249.C052.04SS",62,52,"Vaginal"
"10249.C052.06SS",127,52,"Vaginal"
"10249.C052.07SS",154,52,"Vaginal"
"10249.C052.08SS",188,52,"Vaginal"
"10249.C049.07SS",124,49,"Vaginal"
"10249.C049.08SS",154,49,"Vaginal"
"10249.C049.09SS",181,49,"Vaginal"
"10249.C049.13SS",305,49,"Vaginal"
"10249.C008.01SS",1,8,"Vaginal"
"10249.C008.04SS",126,8,"Vaginal"
"10249.C008.13SS",437,8,"Vaginal"
"10249.C008.16SS",615,8,"Vaginal"
"10249.C016.09SS",180,16,"Vaginal"
"10249.C016.13SS",303,16,"Vaginal"
"10249.C016.18SS",489,16,"Vaginal"
"10249.C016.21SS",672,16,"Vaginal"
"10249.C045.03SS",61,45,"Vaginal"
"10249.C045.05SS",120,45,"Vaginal"
"10249.C045.09SS",245,45,"Vaginal"
"10249.C045.13SS",365,45,"Vaginal"
"10249.C047.06SS",126,47,"Cesarean"
"10249.C047.08SS",185,47,"Cesarean"
"10249.C047.09SS",221,47,"Cesarean"
"10249.C047.13SS",347,47,"Cesarean"
