"","day_of_life","studyid","delivery"
"10249.C018.03SS",90,18,"Vaginal"
"10249.C018.04SS",125,18,"Vaginal"
"10249.C018.05SS",154,18,"Vaginal"
"10249.C018.07SS",214,18,"Vaginal"
"10249.C018.10SS",312,18,"Vaginal"
"10249.C018.12SS",373,18,"Vaginal"
"10249.C018.13SS",425,18,"Vaginal"
"10249.C036.01SS",0,36,"Cesarean"
"10249.C036.03SS",65,36,"Cesarean"
"10249.C036.08SS",243,36,"Cesarean"
"10249.C036.10SS",308,36,"Cesarean"
"10249.C036.11SS",334,36,"Cesarean"
"10249.C036.12SS",364,36,"Cesarean"
"10249.C036.14SS",490,36,"Cesarean"
"10249.C020.02SS",7,20,"Cesarean"
"10249.C020.03SS",9,20,"Cesarean"
"10249.C020.17SS",334,20,"Cesarean"
"10249.C020.18SS",365,20,"Cesarean"
"10249.C020.22SS",593,20,"Cesarean"
"10249.C020.23SS",594,20,"Cesarean"
"10249.C020.26SS",670,20,"Cesarean"
"10249.C024.02SS",33,24,"Vaginal"
"10249.C024.03SS",43,24,"Vaginal"
"10249.C024.04SS",61,24,"Vaginal"
"10249.C024.06SS",86,24,"Vaginal"
"10249.C024.14SS",337,24,"Vaginal"
"10249.C024.16SS",416,24,"Vaginal"
"10249.C024.17SS",490,24,"Vaginal"
"10249.C043.01SS",0,43,"Vaginal"
"10249.C043.03SS",61,43,"Vaginal"
"10249.C043.05SS",126,43,"Vaginal"
"10249.C043.10SS",275,43,"Vaginal"
"10249.C043.12SS",312,43,"Vaginal"
"10249.C043.15SS",428,43,"Vaginal"
"10249.C043.16SS",490,43,"Vaginal"
"10249.C017.01SS",0,17,"Vaginal"
"10249.C017.02SS",2,17,"Vaginal"
"10249.C017.04SS",32,17,"Vaginal"
"10249.C017.05SS",45,17,"Vaginal"
"10249.C017.06SS",63,17,"Vaginal"
"10249.C017.09SS",152,17,"Vaginal"
"10249.C017.11SS",216,17,"Vaginal"
"10249.C009.05SS",122,9,"Vaginal"
"10249.C009.08SS",214,9,"Vaginal"
"10249.C009.09SS",246,9,"Vaginal"
"10249.C009.11SS",305,9,"Vaginal"
"10249.C009.14SS",429,9,"Vaginal"
"10249.C009.18SS",681,9,"Vaginal"
"10249.C009.19SS",739,9,"Vaginal"
"10249.C027.01SS",1,27,"Vaginal"
"10249.C027.06SS",155,27,"Vaginal"
"10249.C027.12SS",289,27,"Vaginal"
"10249.C027.13SS",306,27,"Vaginal"
"10249.C027.15SS",370,27,"Vaginal"
"10249.C027.19SS",607,27,"Vaginal"
"10249.C027.20SS",673,27,"Vaginal"
"10249.C046.01SS",1,46,"Cesarean"
"10249.C046.05SS",124,46,"Cesarean"
"10249.C046.06SS",151,46,"Cesarean"
"10249.C046.10SS",274,46,"Cesarean"
"10249.C046.12SS",336,46,"Cesarean"
"10249.C046.13SS",366,46,"Cesarean"
"10249.C046.14SS",433,46,"Cesarean"
"10249.C030.01SS",0,30,"Vaginal"
"10249.C030.04SS",61,30,"Vaginal"
"10249.C030.05SS",90,30,"Vaginal"
"10249.C030.14SS",365,30,"Vaginal"
"10249.C030.17SS",495,30,"Vaginal"
"10249.C030.18SS",554,30,"Vaginal"
"10249.C030.20SS",674,30,"Vaginal"
"10249.C033.02SS",32,33,"Vaginal"
"10249.C033.04SS",119,33,"Vaginal"
"10249.C033.09SS",236,33,"Vaginal"
"10249.C033.11SS",272,33,"Vaginal"
"10249.C033.15SS",427,33,"Vaginal"
"10249.C033.16SS",485,33,"Vaginal"
"10249.C033.18SS",608,33,"Vaginal"
"10249.C042.01SS",0,42,"Vaginal"
"10249.C042.04SS",91,42,"Vaginal"
"10249.C042.08SS",216,42,"Vaginal"
"10249.C042.11SS",310,42,"Vaginal"
"10249.C042.13SS",374,42,"Vaginal"
"10249.C042.15SS",493,42,"Vaginal"
"10249.C042.16SS",557,42,"Vaginal"
"10249.C032.01SS",1,32,"Vaginal"
"10249.C032.10SS",246,32,"Vaginal"
"10249.C032.11SS",272,32,"Vaginal"
"10249.C032.14SS",342,32,"Vaginal"
"10249.C032.15SS",370,32,"Vaginal"
"10249.C032.20SS",609,32,"Vaginal"
"10249.C032.22SS",734,32,"Vaginal"
"10249.C004.01SS",0,4,"Cesarean"
"10249.C004.02SS",31,4,"Cesarean"
"10249.C004.04SS",91,4,"Cesarean"
"10249.C004.05SS",124,4,"Cesarean"
"10249.C004.06SS",154,4,"Cesarean"
"10249.C004.08SS",214,4,"Cesarean"
"10249.C004.09SS",245,4,"Cesarean"
"10249.C001.05SS",57,1,"Vaginal"
"10249.C001.17SS",337,1,"Vaginal"
"10249.C001.19SS",375,1,"Vaginal"
"10249.C001.20SS",378,1,"Vaginal"
"10249.C001.26SS",427,1,"Vaginal"
"10249.C001.27SS",435,1,"Vaginal"
"10249.C001.31SS",613,1,"Vaginal"
"10249.C034.05SS",90,34,"Cesarean"
"10249.C034.07SS",166,34,"Cesarean"
"10249.C034.11SS",273,34,"Cesarean"
"10249.C034.12SS",308,34,"Cesarean"
"10249.C034.15SS",424,34,"Cesarean"
"10249.C034.16SS",483,34,"Cesarean"
"10249.C034.17SS",539,34,"Cesarean"
"10249.C057.04SS",91,57,"Cesarean"
"10249.C057.05SS",125,57,"Cesarean"
"10249.C057.06SS",157,57,"Cesarean"
"10249.C057.08SS",215,57,"Cesarean"
"10249.C057.09SS",238,57,"Cesarean"
"10249.C057.10SS",244,57,"Cesarean"
"10249.C057.11SS",277,57,"Cesarean"
"10249.C041.01SS",0,41,"Vaginal"
"10249.C041.02SS",32,41,"Vaginal"
"10249.C041.08SS",186,41,"Vaginal"
"10249.C041.11SS",246,41,"Vaginal"
"10249.C041.13SS",310,41,"Vaginal"
"10249.C041.16SS",424,41,"Vaginal"
"10249.C041.17SS",488,41,"Vaginal"
"10249.C011.01SS",1,11,"Cesarean"
"10249.C011.03SS",65,11,"Cesarean"
"10249.C011.05SS",156,11,"Cesarean"
"10249.C011.09SS",273,11,"Cesarean"
"10249.C011.10SS",303,11,"Cesarean"
"10249.C011.12SS",373,11,"Cesarean"
"10249.C011.17SS",610,11,"Cesarean"
"10249.C010.01SS",2,10,"Vaginal"
"10249.C010.03SS",39,10,"Vaginal"
"10249.C010.08SS",152,10,"Vaginal"
"10249.C010.12SS",275,10,"Vaginal"
"10249.C010.15SS",368,10,"Vaginal"
"10249.C010.16SS",431,10,"Vaginal"
"10249.C010.19SS",677,10,"Vaginal"
"10249.C056.02SS",1,56,"Cesarean"
"10249.C056.05SS",65,56,"Cesarean"
"10249.C056.06SS",93,56,"Cesarean"
"10249.C056.07SS",122,56,"Cesarean"
"10249.C056.08SS",153,56,"Cesarean"
"10249.C056.09SS",184,56,"Cesarean"
"10249.C056.10SS",215,56,"Cesarean"
"10249.C014.09SS",239,14,"Vaginal"
"10249.C014.10SS",276,14,"Vaginal"
"10249.C014.12SS",333,14,"Vaginal"
"10249.C014.13SS",368,14,"Vaginal"
"10249.C014.16SS",486,14,"Vaginal"
"10249.C014.18SS",614,14,"Vaginal"
"10249.C014.20SS",737,14,"Vaginal"
"10249.C007.02SS",30,7,"Cesarean"
"10249.C007.04SS",66,7,"Cesarean"
"10249.C007.05SS",93,7,"Cesarean"
"10249.C007.08SS",183,7,"Cesarean"
"10249.C007.16SS",334,7,"Cesarean"
"10249.C007.18SS",427,7,"Cesarean"
"10249.C007.20SS",551,7,"Cesarean"
"10249.C021.01SS",1,21,"Cesarean"
"10249.C021.02SS",2,21,"Cesarean"
"10249.C021.04SS",94,21,"Cesarean"
"10249.C021.07SS",245,21,"Cesarean"
"10249.C021.08SS",306,21,"Cesarean"
"10249.C021.10SS",351,21,"Cesarean"
"10249.C021.13SS",559,21,"Cesarean"
"10249.C012.07SS",146,12,"Cesarean"
"10249.C012.11SS",244,12,"Cesarean"
"10249.C012.14SS",335,12,"Cesarean"
"10249.C012.16SS",426,12,"Cesarean"
"10249.C012.17SS",490,12,"Cesarean"
"10249.C012.18SS",560,12,"Cesarean"
"10249.C012.20SS",675,12,"Cesarean"
"10249.C022.03SS",63,22,"Vaginal"
"10249.C022.04SS",96,22,"Vaginal"
"10249.C022.09SS",243,22,"Vaginal"
"10249.C022.10SS",273,22,"Vaginal"
"10249.C022.12SS",342,22,"Vaginal"
"10249.C022.15SS",489,22,"Vaginal"
"10249.C022.19SS",737,22,"Vaginal"
"10249.C044.05SS",92,44,"Vaginal"
"10249.C044.06SS",127,44,"Vaginal"
"10249.C044.07SS",155,44,"Vaginal"
"10249.C044.08SS",186,44,"Vaginal"
"10249.C044.12SS",307,44,"Vaginal"
"10249.C044.16SS",497,44,"Vaginal"
"10249.C044.17SS",553,44,"Vaginal"
"10249.C035.02SS",31,35,"Vaginal"
"10249.C035.07SS",182,35,"Vaginal"
"10249.C035.08SS",214,35,"Vaginal"
"10249.C035.09SS",244,35,"Vaginal"
"10249.C035.13SS",367,35,"Vaginal"
"10249.C035.14SS",427,35,"Vaginal"
"10249.C035.15SS",488,35,"Vaginal"
"10249.C037.01SS",1,37,"Cesarean"
"10249.C037.04SS",92,37,"Cesarean"
"10249.C037.06SS",156,37,"Cesarean"
"10249.C037.07SS",199,37,"Cesarean"
"10249.C037.11SS",307,37,"Cesarean"
"10249.C037.17SS",612,37,"Cesarean"
"10249.C037.18SS",674,37,"Cesarean"
"10249.C005.04SS",63,5,"Cesarean"
"10249.C005.12SS",304,5,"Cesarean"
"10249.C005.13SS",332,5,"Cesarean"
"10249.C005.15SS",428,5,"Cesarean"
"10249.C005.17SS",549,5,"Cesarean"
"10249.C005.18SS",612,5,"Cesarean"
"10249.C005.20SS",735,5,"Cesarean"
"10249.C038.01SS",2,38,"Vaginal"
"10249.C038.02SS",33,38,"Vaginal"
"10249.C038.06SS",123,38,"Vaginal"
"10249.C038.10SS",250,38,"Vaginal"
"10249.C038.13SS",334,38,"Vaginal"
"10249.C038.15SS",428,38,"Vaginal"
"10249.C038.16SS",487,38,"Vaginal"
"10249.C053.02SS",30,53,"Cesarean"
"10249.C053.03SS",45,53,"Cesarean"
"10249.C053.04SS",62,53,"Cesarean"
"10249.C053.06SS",123,53,"Cesarean"
"10249.C053.07SS",153,53,"Cesarean"
"10249.C053.08SS",183,53,"Cesarean"
"10249.C053.09SS",214,53,"Cesarean"
"10249.C025.03SS",42,25,"Cesarean"
"10249.C025.09SS",211,25,"Cesarean"
"10249.C025.12SS",303,25,"Cesarean"
"10249.C025.16SS",489,25,"Cesarean"
"10249.C025.17SS",548,25,"Cesarean"
"10249.C025.18SS",615,25,"Cesarean"
"10249.C025.20SS",734,25,"Cesarean"
"10249.C002.07SS",158,2,"Cesarean"
"10249.C002.08SS",190,2,"Cesarean"
"10249.C002.09SS",249,2,"Cesarean"
"10249.C002.10SS",284,2,"Cesarean"
"10249.C002.13SS",369,2,"Cesarean"
"10249.C002.16SS",555,2,"Cesarean"
"10249.C002.19SS",731,2,"Cesarean"
"10249.C055.01SS",0,55,"Cesarean"
"10249.C055.02SS",30,55,"Cesarean"
"10249.C055.03SS",41,55,"Cesarean"
"10249.C055.04SS",64,55,"Cesarean"
"10249.C055.05SS",91,55,"Cesarean"
"10249.C055.08SS",183,55,"Cesarean"
"10249.C055.09SS",211,55,"Cesarean"
"10249.C031.11SS",275,31,"Vaginal"
"10249.C031.13SS",341,31,"Vaginal"
"10249.C031.14SS",365,31,"Vaginal"
"10249.C031.16SS",428,31,"Vaginal"
"10249.C031.19SS",618,31,"Vaginal"
"10249.C031.20SS",666,31,"Vaginal"
"10249.C031.21SS",729,31,"Vaginal"
"10249.C052.02SS",1,52,"Vaginal"
"10249.C052.03SS",32,52,"Vaginal"
"10249.C052.04SS",62,52,"Vaginal"
"10249.C052.06SS",127,52,"Vaginal"
"10249.C052.07SS",154,52,"Vaginal"
"10249.C052.08SS",188,52,"Vaginal"
"10249.C052.09SS",245,52,"Vaginal"
"10249.C049.01SS",4,49,"Vaginal"
"10249.C049.02SS",5,49,"Vaginal"
"10249.C049.04SS",60,49,"Vaginal"
"10249.C049.09SS",181,49,"Vaginal"
"10249.C049.10SS",213,49,"Vaginal"
"10249.C049.11SS",243,49,"Vaginal"
"10249.C049.13SS",305,49,"Vaginal"
"10249.C008.01SS",1,8,"Vaginal"
"10249.C008.04SS",126,8,"Vaginal"
"10249.C008.05SS",159,8,"Vaginal"
"10249.C008.07SS",194,8,"Vaginal"
"10249.C008.14SS",490,8,"Vaginal"
"10249.C008.15SS",552,8,"Vaginal"
"10249.C008.16SS",615,8,"Vaginal"
"10249.C016.04SS",45,16,"Vaginal"
"10249.C016.06SS",92,16,"Vaginal"
"10249.C016.07SS",124,16,"Vaginal"
"10249.C016.13SS",303,16,"Vaginal"
"10249.C016.14SS",333,16,"Vaginal"
"10249.C016.18SS",489,16,"Vaginal"
"10249.C016.19SS",549,16,"Vaginal"
"10249.C045.02SS",31,45,"Vaginal"
"10249.C045.05SS",120,45,"Vaginal"
"10249.C045.06SS",154,45,"Vaginal"
"10249.C045.09SS",245,45,"Vaginal"
"10249.C045.11SS",304,45,"Vaginal"
"10249.C045.12SS",344,45,"Vaginal"
"10249.C045.13SS",365,45,"Vaginal"
"10249.C047.02SS",32,47,"Cesarean"
"10249.C047.05SS",94,47,"Cesarean"
"10249.C047.06SS",126,47,"Cesarean"
"10249.C047.08SS",185,47,"Cesarean"
"10249.C047.10SS",249,47,"Cesarean"
"10249.C047.11SS",277,47,"Cesarean"
"10249.C047.13SS",347,47,"Cesarean"
