"","day_of_life","studyid","delivery"
"10249.C018.03SS",90,18,"Vaginal"
"10249.C018.06SS",189,18,"Vaginal"
"10249.C018.08SS",244,18,"Vaginal"
"10249.C018.13SS",425,18,"Vaginal"
"10249.C018.14SS",489,18,"Vaginal"
"10249.C018.15SS",548,18,"Vaginal"
"10249.C018.17SS",732,18,"Vaginal"
"10249.C036.01SS",0,36,"Cesarean"
"10249.C036.05SS",162,36,"Cesarean"
"10249.C036.07SS",216,36,"Cesarean"
"10249.C036.12SS",364,36,"Cesarean"
"10249.C036.13SS",425,36,"Cesarean"
"10249.C036.14SS",490,36,"Cesarean"
"10249.C036.15SS",559,36,"Cesarean"
"10249.C020.06SS",15,20,"Cesarean"
"10249.C020.07SS",33,20,"Cesarean"
"10249.C020.13SS",211,20,"Cesarean"
"10249.C020.17SS",334,20,"Cesarean"
"10249.C020.21SS",551,20,"Cesarean"
"10249.C020.22SS",593,20,"Cesarean"
"10249.C020.24SS",599,20,"Cesarean"
"10249.C024.02SS",33,24,"Vaginal"
"10249.C024.05SS",75,24,"Vaginal"
"10249.C024.15SS",373,24,"Vaginal"
"10249.C024.16SS",416,24,"Vaginal"
"10249.C024.17SS",490,24,"Vaginal"
"10249.C024.18SS",551,24,"Vaginal"
"10249.C024.20SS",673,24,"Vaginal"
"10249.C043.01SS",0,43,"Vaginal"
"10249.C043.02SS",35,43,"Vaginal"
"10249.C043.03SS",61,43,"Vaginal"
"10249.C043.06SS",154,43,"Vaginal"
"10249.C043.11SS",306,43,"Vaginal"
"10249.C043.15SS",428,43,"Vaginal"
"10249.C043.17SS",550,43,"Vaginal"
"10249.C017.01SS",0,17,"Vaginal"
"10249.C017.02SS",2,17,"Vaginal"
"10249.C017.04SS",32,17,"Vaginal"
"10249.C017.06SS",63,17,"Vaginal"
"10249.C017.08SS",123,17,"Vaginal"
"10249.C017.10SS",179,17,"Vaginal"
"10249.C017.12SS",247,17,"Vaginal"
"10249.C009.02SS",31,9,"Vaginal"
"10249.C009.09SS",246,9,"Vaginal"
"10249.C009.11SS",305,9,"Vaginal"
"10249.C009.12SS",339,9,"Vaginal"
"10249.C009.14SS",429,9,"Vaginal"
"10249.C009.16SS",555,9,"Vaginal"
"10249.C009.18SS",681,9,"Vaginal"
"10249.C027.06SS",155,27,"Vaginal"
"10249.C027.14SS",338,27,"Vaginal"
"10249.C027.15SS",370,27,"Vaginal"
"10249.C027.16SS",429,27,"Vaginal"
"10249.C027.19SS",607,27,"Vaginal"
"10249.C027.20SS",673,27,"Vaginal"
"10249.C027.21SS",736,27,"Vaginal"
"10249.C046.01SS",1,46,"Cesarean"
"10249.C046.06SS",151,46,"Cesarean"
"10249.C046.07SS",184,46,"Cesarean"
"10249.C046.08SS",211,46,"Cesarean"
"10249.C046.09SS",244,46,"Cesarean"
"10249.C046.13SS",366,46,"Cesarean"
"10249.C046.14SS",433,46,"Cesarean"
"10249.C030.02SS",34,30,"Vaginal"
"10249.C030.04SS",61,30,"Vaginal"
"10249.C030.06SS",122,30,"Vaginal"
"10249.C030.07SS",150,30,"Vaginal"
"10249.C030.14SS",365,30,"Vaginal"
"10249.C030.19SS",606,30,"Vaginal"
"10249.C030.20SS",674,30,"Vaginal"
"10249.C033.04SS",119,33,"Vaginal"
"10249.C033.10SS",240,33,"Vaginal"
"10249.C033.11SS",272,33,"Vaginal"
"10249.C033.12SS",305,33,"Vaginal"
"10249.C033.14SS",365,33,"Vaginal"
"10249.C033.15SS",427,33,"Vaginal"
"10249.C033.16SS",485,33,"Vaginal"
"10249.C042.01SS",0,42,"Vaginal"
"10249.C042.03SS",61,42,"Vaginal"
"10249.C042.06SS",154,42,"Vaginal"
"10249.C042.07SS",182,42,"Vaginal"
"10249.C042.08SS",216,42,"Vaginal"
"10249.C042.13SS",374,42,"Vaginal"
"10249.C042.14SS",438,42,"Vaginal"
"10249.C032.04SS",59,32,"Vaginal"
"10249.C032.06SS",118,32,"Vaginal"
"10249.C032.11SS",272,32,"Vaginal"
"10249.C032.14SS",342,32,"Vaginal"
"10249.C032.15SS",370,32,"Vaginal"
"10249.C032.16SS",422,32,"Vaginal"
"10249.C032.20SS",609,32,"Vaginal"
"10249.C004.01SS",0,4,"Cesarean"
"10249.C004.04SS",91,4,"Cesarean"
"10249.C004.07SS",186,4,"Cesarean"
"10249.C004.09SS",245,4,"Cesarean"
"10249.C004.11SS",266,4,"Cesarean"
"10249.C004.12SS",278,4,"Cesarean"
"10249.C004.13SS",308,4,"Cesarean"
"10249.C001.01SS",0,1,"Vaginal"
"10249.C001.02SS",36,1,"Vaginal"
"10249.C001.09SS",153,1,"Vaginal"
"10249.C001.15SS",300,1,"Vaginal"
"10249.C001.16SS",307,1,"Vaginal"
"10249.C001.18SS",367,1,"Vaginal"
"10249.C001.19SS",375,1,"Vaginal"
"10249.C034.04SS",63,34,"Cesarean"
"10249.C034.08SS",183,34,"Cesarean"
"10249.C034.09SS",214,34,"Cesarean"
"10249.C034.11SS",273,34,"Cesarean"
"10249.C034.15SS",424,34,"Cesarean"
"10249.C034.16SS",483,34,"Cesarean"
"10249.C034.17SS",539,34,"Cesarean"
"10249.C057.02SS",31,57,"Cesarean"
"10249.C057.03SS",62,57,"Cesarean"
"10249.C057.04SS",91,57,"Cesarean"
"10249.C057.05SS",125,57,"Cesarean"
"10249.C057.08SS",215,57,"Cesarean"
"10249.C057.09SS",238,57,"Cesarean"
"10249.C057.10SS",244,57,"Cesarean"
"10249.C041.02SS",32,41,"Vaginal"
"10249.C041.04SS",96,41,"Vaginal"
"10249.C041.06SS",157,41,"Vaginal"
"10249.C041.10SS",232,41,"Vaginal"
"10249.C041.14SS",339,41,"Vaginal"
"10249.C041.18SS",556,41,"Vaginal"
"10249.C041.19SS",618,41,"Vaginal"
"10249.C011.01SS",1,11,"Cesarean"
"10249.C011.06SS",187,11,"Cesarean"
"10249.C011.10SS",303,11,"Cesarean"
"10249.C011.12SS",373,11,"Cesarean"
"10249.C011.14SS",486,11,"Cesarean"
"10249.C011.16SS",553,11,"Cesarean"
"10249.C011.18SS",676,11,"Cesarean"
"10249.C010.02SS",30,10,"Vaginal"
"10249.C010.05SS",60,10,"Vaginal"
"10249.C010.06SS",93,10,"Vaginal"
"10249.C010.10SS",219,10,"Vaginal"
"10249.C010.18SS",613,10,"Vaginal"
"10249.C010.19SS",677,10,"Vaginal"
"10249.C010.20SS",737,10,"Vaginal"
"10249.C056.01SS",0,56,"Cesarean"
"10249.C056.02SS",1,56,"Cesarean"
"10249.C056.04SS",31,56,"Cesarean"
"10249.C056.06SS",93,56,"Cesarean"
"10249.C056.07SS",122,56,"Cesarean"
"10249.C056.09SS",184,56,"Cesarean"
"10249.C056.10SS",215,56,"Cesarean"
"10249.C014.03SS",71,14,"Vaginal"
"10249.C014.09SS",239,14,"Vaginal"
"10249.C014.10SS",276,14,"Vaginal"
"10249.C014.13SS",368,14,"Vaginal"
"10249.C014.15SS",426,14,"Vaginal"
"10249.C014.17SS",549,14,"Vaginal"
"10249.C014.19SS",675,14,"Vaginal"
"10249.C007.04SS",66,7,"Cesarean"
"10249.C007.05SS",93,7,"Cesarean"
"10249.C007.06SS",127,7,"Cesarean"
"10249.C007.10SS",219,7,"Cesarean"
"10249.C007.11SS",243,7,"Cesarean"
"10249.C007.15SS",303,7,"Cesarean"
"10249.C007.20SS",551,7,"Cesarean"
"10249.C021.02SS",2,21,"Cesarean"
"10249.C021.03SS",37,21,"Cesarean"
"10249.C021.06SS",188,21,"Cesarean"
"10249.C021.08SS",306,21,"Cesarean"
"10249.C021.09SS",347,21,"Cesarean"
"10249.C021.12SS",499,21,"Cesarean"
"10249.C021.13SS",559,21,"Cesarean"
"10249.C012.01SS",2,12,"Cesarean"
"10249.C012.02SS",29,12,"Cesarean"
"10249.C012.03SS",40,12,"Cesarean"
"10249.C012.06SS",123,12,"Cesarean"
"10249.C012.07SS",146,12,"Cesarean"
"10249.C012.21SS",732,12,"Cesarean"
"10249.C012.22SS",739,12,"Cesarean"
"10249.C022.01SS",0,22,"Vaginal"
"10249.C022.04SS",96,22,"Vaginal"
"10249.C022.06SS",153,22,"Vaginal"
"10249.C022.08SS",217,22,"Vaginal"
"10249.C022.11SS",304,22,"Vaginal"
"10249.C022.16SS",551,22,"Vaginal"
"10249.C022.18SS",671,22,"Vaginal"
"10249.C044.05SS",92,44,"Vaginal"
"10249.C044.07SS",155,44,"Vaginal"
"10249.C044.12SS",307,44,"Vaginal"
"10249.C044.13SS",334,44,"Vaginal"
"10249.C044.15SS",424,44,"Vaginal"
"10249.C044.16SS",497,44,"Vaginal"
"10249.C044.17SS",553,44,"Vaginal"
"10249.C035.01SS",0,35,"Vaginal"
"10249.C035.03SS",61,35,"Vaginal"
"10249.C035.10SS",277,35,"Vaginal"
"10249.C035.11SS",307,35,"Vaginal"
"10249.C035.13SS",367,35,"Vaginal"
"10249.C035.14SS",427,35,"Vaginal"
"10249.C035.17SS",608,35,"Vaginal"
"10249.C037.04SS",92,37,"Cesarean"
"10249.C037.05SS",123,37,"Cesarean"
"10249.C037.08SS",215,37,"Cesarean"
"10249.C037.10SS",274,37,"Cesarean"
"10249.C037.13SS",375,37,"Cesarean"
"10249.C037.15SS",497,37,"Cesarean"
"10249.C037.17SS",612,37,"Cesarean"
"10249.C005.03SS",43,5,"Cesarean"
"10249.C005.05SS",93,5,"Cesarean"
"10249.C005.09SS",213,5,"Cesarean"
"10249.C005.11SS",276,5,"Cesarean"
"10249.C005.15SS",428,5,"Cesarean"
"10249.C005.17SS",549,5,"Cesarean"
"10249.C005.20SS",735,5,"Cesarean"
"10249.C038.02SS",33,38,"Vaginal"
"10249.C038.04SS",61,38,"Vaginal"
"10249.C038.05SS",98,38,"Vaginal"
"10249.C038.06SS",123,38,"Vaginal"
"10249.C038.09SS",215,38,"Vaginal"
"10249.C038.12SS",305,38,"Vaginal"
"10249.C038.15SS",428,38,"Vaginal"
"10249.C053.02SS",30,53,"Cesarean"
"10249.C053.03SS",45,53,"Cesarean"
"10249.C053.04SS",62,53,"Cesarean"
"10249.C053.05SS",95,53,"Cesarean"
"10249.C053.07SS",153,53,"Cesarean"
"10249.C053.08SS",183,53,"Cesarean"
"10249.C053.09SS",214,53,"Cesarean"
"10249.C025.04SS",60,25,"Cesarean"
"10249.C025.10SS",240,25,"Cesarean"
"10249.C025.12SS",303,25,"Cesarean"
"10249.C025.14SS",365,25,"Cesarean"
"10249.C025.15SS",428,25,"Cesarean"
"10249.C025.16SS",489,25,"Cesarean"
"10249.C025.18SS",615,25,"Cesarean"
"10249.C002.02SS",32,2,"Cesarean"
"10249.C002.07SS",158,2,"Cesarean"
"10249.C002.09SS",249,2,"Cesarean"
"10249.C002.12SS",338,2,"Cesarean"
"10249.C002.13SS",369,2,"Cesarean"
"10249.C002.18SS",678,2,"Cesarean"
"10249.C002.19SS",731,2,"Cesarean"
"10249.C055.01SS",0,55,"Cesarean"
"10249.C055.02SS",30,55,"Cesarean"
"10249.C055.03SS",41,55,"Cesarean"
"10249.C055.05SS",91,55,"Cesarean"
"10249.C055.07SS",155,55,"Cesarean"
"10249.C055.08SS",183,55,"Cesarean"
"10249.C055.09SS",211,55,"Cesarean"
"10249.C031.05SS",89,31,"Vaginal"
"10249.C031.09SS",210,31,"Vaginal"
"10249.C031.13SS",341,31,"Vaginal"
"10249.C031.16SS",428,31,"Vaginal"
"10249.C031.17SS",491,31,"Vaginal"
"10249.C031.19SS",618,31,"Vaginal"
"10249.C031.21SS",729,31,"Vaginal"
"10249.C052.02SS",1,52,"Vaginal"
"10249.C052.03SS",32,52,"Vaginal"
"10249.C052.04SS",62,52,"Vaginal"
"10249.C052.06SS",127,52,"Vaginal"
"10249.C052.07SS",154,52,"Vaginal"
"10249.C052.08SS",188,52,"Vaginal"
"10249.C052.09SS",245,52,"Vaginal"
"10249.C049.01SS",4,49,"Vaginal"
"10249.C049.02SS",5,49,"Vaginal"
"10249.C049.07SS",124,49,"Vaginal"
"10249.C049.08SS",154,49,"Vaginal"
"10249.C049.09SS",181,49,"Vaginal"
"10249.C049.10SS",213,49,"Vaginal"
"10249.C049.12SS",274,49,"Vaginal"
"10249.C008.01SS",1,8,"Vaginal"
"10249.C008.05SS",159,8,"Vaginal"
"10249.C008.06SS",189,8,"Vaginal"
"10249.C008.10SS",273,8,"Vaginal"
"10249.C008.12SS",364,8,"Vaginal"
"10249.C008.15SS",552,8,"Vaginal"
"10249.C008.16SS",615,8,"Vaginal"
"10249.C016.02SS",8,16,"Vaginal"
"10249.C016.06SS",92,16,"Vaginal"
"10249.C016.09SS",180,16,"Vaginal"
"10249.C016.18SS",489,16,"Vaginal"
"10249.C016.19SS",549,16,"Vaginal"
"10249.C016.20SS",608,16,"Vaginal"
"10249.C016.21SS",672,16,"Vaginal"
"10249.C045.01SS",0,45,"Vaginal"
"10249.C045.03SS",61,45,"Vaginal"
"10249.C045.04SS",91,45,"Vaginal"
"10249.C045.08SS",213,45,"Vaginal"
"10249.C045.09SS",245,45,"Vaginal"
"10249.C045.10SS",276,45,"Vaginal"
"10249.C045.11SS",304,45,"Vaginal"
"10249.C047.02SS",32,47,"Cesarean"
"10249.C047.06SS",126,47,"Cesarean"
"10249.C047.07SS",156,47,"Cesarean"
"10249.C047.09SS",221,47,"Cesarean"
"10249.C047.10SS",249,47,"Cesarean"
"10249.C047.11SS",277,47,"Cesarean"
"10249.C047.13SS",347,47,"Cesarean"
