"","day_of_life","studyid","delivery"
"10249.C018.11SS",336,18,"Vaginal"
"10249.C018.13SS",425,18,"Vaginal"
"10249.C036.04SS",126,36,"Cesarean"
"10249.C036.13SS",425,36,"Cesarean"
"10249.C020.19SS",426,20,"Cesarean"
"10249.C020.24SS",599,20,"Cesarean"
"10249.C024.07SS",129,24,"Vaginal"
"10249.C024.21SS",734,24,"Vaginal"
"10249.C043.10SS",275,43,"Vaginal"
"10249.C043.15SS",428,43,"Vaginal"
"10249.C017.05SS",45,17,"Vaginal"
"10249.C017.09SS",152,17,"Vaginal"
"10249.C009.14SS",429,9,"Vaginal"
"10249.C009.17SS",613,9,"Vaginal"
"10249.C027.14SS",338,27,"Vaginal"
"10249.C027.17SS",489,27,"Vaginal"
"10249.C046.08SS",211,46,"Cesarean"
"10249.C046.14SS",433,46,"Cesarean"
"10249.C030.06SS",122,30,"Vaginal"
"10249.C030.17SS",495,30,"Vaginal"
"10249.C033.01SS",0,33,"Vaginal"
"10249.C033.08SS",230,33,"Vaginal"
"10249.C042.03SS",61,42,"Vaginal"
"10249.C042.09SS",247,42,"Vaginal"
"10249.C032.11SS",272,32,"Vaginal"
"10249.C032.14SS",342,32,"Vaginal"
"10249.C004.02SS",31,4,"Cesarean"
"10249.C004.12SS",278,4,"Cesarean"
"10249.C001.01SS",0,1,"Vaginal"
"10249.C001.10SS",183,1,"Vaginal"
"10249.C034.11SS",273,34,"Cesarean"
"10249.C034.17SS",539,34,"Cesarean"
"10249.C057.03SS",62,57,"Cesarean"
"10249.C057.06SS",157,57,"Cesarean"
"10249.C041.17SS",488,41,"Vaginal"
"10249.C041.18SS",556,41,"Vaginal"
"10249.C011.04SS",120,11,"Cesarean"
"10249.C011.16SS",553,11,"Cesarean"
"10249.C010.04SS",43,10,"Vaginal"
"10249.C010.15SS",368,10,"Vaginal"
"10249.C056.02SS",1,56,"Cesarean"
"10249.C056.05SS",65,56,"Cesarean"
"10249.C014.15SS",426,14,"Vaginal"
"10249.C014.18SS",614,14,"Vaginal"
"10249.C007.15SS",303,7,"Cesarean"
"10249.C007.21SS",608,7,"Cesarean"
"10249.C021.09SS",347,21,"Cesarean"
"10249.C021.13SS",559,21,"Cesarean"
"10249.C012.02SS",29,12,"Cesarean"
"10249.C012.03SS",40,12,"Cesarean"
"10249.C022.02SS",32,22,"Vaginal"
"10249.C022.13SS",370,22,"Vaginal"
"10249.C044.05SS",92,44,"Vaginal"
"10249.C044.13SS",334,44,"Vaginal"
"10249.C035.15SS",488,35,"Vaginal"
"10249.C035.17SS",608,35,"Vaginal"
"10249.C037.04SS",92,37,"Cesarean"
"10249.C037.13SS",375,37,"Cesarean"
"10249.C005.13SS",332,5,"Cesarean"
"10249.C005.20SS",735,5,"Cesarean"
"10249.C038.16SS",487,38,"Vaginal"
"10249.C038.18SS",610,38,"Vaginal"
"10249.C053.03SS",45,53,"Cesarean"
"10249.C053.08SS",183,53,"Cesarean"
"10249.C025.01SS",1,25,"Cesarean"
"10249.C025.17SS",548,25,"Cesarean"
"10249.C002.01SS",0,2,"Cesarean"
"10249.C002.04SS",60,2,"Cesarean"
"10249.C055.02SS",30,55,"Cesarean"
"10249.C055.09SS",211,55,"Cesarean"
"10249.C031.07SS",152,31,"Vaginal"
"10249.C031.11SS",275,31,"Vaginal"
"10249.C052.03SS",32,52,"Vaginal"
"10249.C052.06SS",127,52,"Vaginal"
"10249.C049.08SS",154,49,"Vaginal"
"10249.C049.13SS",305,49,"Vaginal"
"10249.C008.01SS",1,8,"Vaginal"
"10249.C008.04SS",126,8,"Vaginal"
"10249.C016.01SS",1,16,"Vaginal"
"10249.C016.17SS",428,16,"Vaginal"
"10249.C045.03SS",61,45,"Vaginal"
"10249.C045.11SS",304,45,"Vaginal"
"10249.C047.05SS",94,47,"Cesarean"
"10249.C047.07SS",156,47,"Cesarean"
