"","day_of_life","studyid","delivery"
"10249.C018.03SS",90,18,"Vaginal"
"10249.C018.13SS",425,18,"Vaginal"
"10249.C018.15SS",548,18,"Vaginal"
"10249.C018.16SS",606,18,"Vaginal"
"10249.C036.01SS",0,36,"Cesarean"
"10249.C036.13SS",425,36,"Cesarean"
"10249.C036.15SS",559,36,"Cesarean"
"10249.C036.16SS",610,36,"Cesarean"
"10249.C020.12SS",180,20,"Cesarean"
"10249.C020.19SS",426,20,"Cesarean"
"10249.C020.21SS",551,20,"Cesarean"
"10249.C020.25SS",604,20,"Cesarean"
"10249.C024.09SS",182,24,"Vaginal"
"10249.C024.16SS",416,24,"Vaginal"
"10249.C024.17SS",490,24,"Vaginal"
"10249.C024.21SS",734,24,"Vaginal"
"10249.C043.06SS",154,43,"Vaginal"
"10249.C043.15SS",428,43,"Vaginal"
"10249.C043.16SS",490,43,"Vaginal"
"10249.C043.18SS",555,43,"Vaginal"
"10249.C017.01SS",0,17,"Vaginal"
"10249.C017.07SS",91,17,"Vaginal"
"10249.C017.09SS",152,17,"Vaginal"
"10249.C017.10SS",179,17,"Vaginal"
"10249.C009.01SS",1,9,"Vaginal"
"10249.C009.05SS",122,9,"Vaginal"
"10249.C009.13SS",366,9,"Vaginal"
"10249.C009.19SS",739,9,"Vaginal"
"10249.C027.02SS",35,27,"Vaginal"
"10249.C027.06SS",155,27,"Vaginal"
"10249.C027.13SS",306,27,"Vaginal"
"10249.C027.19SS",607,27,"Vaginal"
"10249.C046.02SS",31,46,"Cesarean"
"10249.C046.08SS",211,46,"Cesarean"
"10249.C046.10SS",274,46,"Cesarean"
"10249.C046.13SS",366,46,"Cesarean"
"10249.C030.04SS",61,30,"Vaginal"
"10249.C030.12SS",303,30,"Vaginal"
"10249.C030.16SS",429,30,"Vaginal"
"10249.C030.19SS",606,30,"Vaginal"
"10249.C033.08SS",230,33,"Vaginal"
"10249.C033.12SS",305,33,"Vaginal"
"10249.C033.15SS",427,33,"Vaginal"
"10249.C033.18SS",608,33,"Vaginal"
"10249.C042.09SS",247,42,"Vaginal"
"10249.C042.11SS",310,42,"Vaginal"
"10249.C042.13SS",374,42,"Vaginal"
"10249.C042.16SS",557,42,"Vaginal"
"10249.C032.04SS",59,32,"Vaginal"
"10249.C032.07SS",153,32,"Vaginal"
"10249.C032.09SS",209,32,"Vaginal"
"10249.C032.22SS",734,32,"Vaginal"
"10249.C004.04SS",91,4,"Cesarean"
"10249.C004.07SS",186,4,"Cesarean"
"10249.C004.12SS",278,4,"Cesarean"
"10249.C004.15SS",366,4,"Cesarean"
"10249.C001.04SS",49,1,"Vaginal"
"10249.C001.05SS",57,1,"Vaginal"
"10249.C001.06SS",61,1,"Vaginal"
"10249.C001.25SS",411,1,"Vaginal"
"10249.C034.12SS",308,34,"Cesarean"
"10249.C034.15SS",424,34,"Cesarean"
"10249.C034.16SS",483,34,"Cesarean"
"10249.C034.17SS",539,34,"Cesarean"
"10249.C057.02SS",31,57,"Cesarean"
"10249.C057.05SS",125,57,"Cesarean"
"10249.C057.08SS",215,57,"Cesarean"
"10249.C057.11SS",277,57,"Cesarean"
"10249.C041.03SS",64,41,"Vaginal"
"10249.C041.06SS",157,41,"Vaginal"
"10249.C041.16SS",424,41,"Vaginal"
"10249.C041.18SS",556,41,"Vaginal"
"10249.C011.08SS",247,11,"Cesarean"
"10249.C011.09SS",273,11,"Cesarean"
"10249.C011.14SS",486,11,"Cesarean"
"10249.C011.18SS",676,11,"Cesarean"
"10249.C010.13SS",305,10,"Vaginal"
"10249.C010.15SS",368,10,"Vaginal"
"10249.C010.18SS",613,10,"Vaginal"
"10249.C010.20SS",737,10,"Vaginal"
"10249.C056.02SS",1,56,"Cesarean"
"10249.C056.05SS",65,56,"Cesarean"
"10249.C056.06SS",93,56,"Cesarean"
"10249.C056.09SS",184,56,"Cesarean"
"10249.C014.02SS",31,14,"Vaginal"
"10249.C014.07SS",184,14,"Vaginal"
"10249.C014.18SS",614,14,"Vaginal"
"10249.C014.20SS",737,14,"Vaginal"
"10249.C007.01SS",1,7,"Cesarean"
"10249.C007.04SS",66,7,"Cesarean"
"10249.C007.10SS",219,7,"Cesarean"
"10249.C007.15SS",303,7,"Cesarean"
"10249.C021.05SS",161,21,"Cesarean"
"10249.C021.09SS",347,21,"Cesarean"
"10249.C021.10SS",351,21,"Cesarean"
"10249.C021.13SS",559,21,"Cesarean"
"10249.C012.09SS",188,12,"Cesarean"
"10249.C012.14SS",335,12,"Cesarean"
"10249.C012.16SS",426,12,"Cesarean"
"10249.C012.22SS",739,12,"Cesarean"
"10249.C022.15SS",489,22,"Vaginal"
"10249.C022.16SS",551,22,"Vaginal"
"10249.C022.18SS",671,22,"Vaginal"
"10249.C022.19SS",737,22,"Vaginal"
"10249.C044.01SS",1,44,"Vaginal"
"10249.C044.08SS",186,44,"Vaginal"
"10249.C044.11SS",276,44,"Vaginal"
"10249.C044.16SS",497,44,"Vaginal"
"10249.C035.02SS",31,35,"Vaginal"
"10249.C035.07SS",182,35,"Vaginal"
"10249.C035.08SS",214,35,"Vaginal"
"10249.C035.12SS",334,35,"Vaginal"
"10249.C037.10SS",274,37,"Cesarean"
"10249.C037.11SS",307,37,"Cesarean"
"10249.C037.14SS",426,37,"Cesarean"
"10249.C037.17SS",612,37,"Cesarean"
"10249.C005.07SS",155,5,"Cesarean"
"10249.C005.11SS",276,5,"Cesarean"
"10249.C005.17SS",549,5,"Cesarean"
"10249.C005.19SS",667,5,"Cesarean"
"10249.C038.08SS",187,38,"Vaginal"
"10249.C038.14SS",365,38,"Vaginal"
"10249.C038.15SS",428,38,"Vaginal"
"10249.C038.18SS",610,38,"Vaginal"
"10249.C053.02SS",30,53,"Cesarean"
"10249.C053.04SS",62,53,"Cesarean"
"10249.C053.05SS",95,53,"Cesarean"
"10249.C053.08SS",183,53,"Cesarean"
"10249.C025.01SS",1,25,"Cesarean"
"10249.C025.02SS",30,25,"Cesarean"
"10249.C025.10SS",240,25,"Cesarean"
"10249.C025.20SS",734,25,"Cesarean"
"10249.C002.09SS",249,2,"Cesarean"
"10249.C002.10SS",284,2,"Cesarean"
"10249.C002.13SS",369,2,"Cesarean"
"10249.C002.15SS",488,2,"Cesarean"
"10249.C055.01SS",0,55,"Cesarean"
"10249.C055.02SS",30,55,"Cesarean"
"10249.C055.07SS",155,55,"Cesarean"
"10249.C055.08SS",183,55,"Cesarean"
"10249.C031.06SS",119,31,"Vaginal"
"10249.C031.18SS",547,31,"Vaginal"
"10249.C031.19SS",618,31,"Vaginal"
"10249.C031.21SS",729,31,"Vaginal"
"10249.C052.02SS",1,52,"Vaginal"
"10249.C052.03SS",32,52,"Vaginal"
"10249.C052.04SS",62,52,"Vaginal"
"10249.C052.07SS",154,52,"Vaginal"
"10249.C049.04SS",60,49,"Vaginal"
"10249.C049.07SS",124,49,"Vaginal"
"10249.C049.08SS",154,49,"Vaginal"
"10249.C049.12SS",274,49,"Vaginal"
"10249.C008.02SS",31,8,"Vaginal"
"10249.C008.06SS",189,8,"Vaginal"
"10249.C008.12SS",364,8,"Vaginal"
"10249.C008.13SS",437,8,"Vaginal"
"10249.C016.11SS",242,16,"Vaginal"
"10249.C016.13SS",303,16,"Vaginal"
"10249.C016.15SS",366,16,"Vaginal"
"10249.C016.20SS",608,16,"Vaginal"
"10249.C045.06SS",154,45,"Vaginal"
"10249.C045.08SS",213,45,"Vaginal"
"10249.C045.09SS",245,45,"Vaginal"
"10249.C045.10SS",276,45,"Vaginal"
"10249.C047.02SS",32,47,"Cesarean"
"10249.C047.08SS",185,47,"Cesarean"
"10249.C047.09SS",221,47,"Cesarean"
"10249.C047.11SS",277,47,"Cesarean"
