"","day_of_life","studyid","delivery"
"10249.C018.01SS",2,18,"Vaginal"
"10249.C018.02SS",33,18,"Vaginal"
"10249.C018.12SS",373,18,"Vaginal"
"10249.C018.14SS",489,18,"Vaginal"
"10249.C018.16SS",606,18,"Vaginal"
"10249.C036.05SS",162,36,"Cesarean"
"10249.C036.09SS",276,36,"Cesarean"
"10249.C036.10SS",308,36,"Cesarean"
"10249.C036.13SS",425,36,"Cesarean"
"10249.C036.15SS",559,36,"Cesarean"
"10249.C020.02SS",7,20,"Cesarean"
"10249.C020.07SS",33,20,"Cesarean"
"10249.C020.14SS",243,20,"Cesarean"
"10249.C020.22SS",593,20,"Cesarean"
"10249.C020.25SS",604,20,"Cesarean"
"10249.C024.01SS",0,24,"Vaginal"
"10249.C024.03SS",43,24,"Vaginal"
"10249.C024.06SS",86,24,"Vaginal"
"10249.C024.16SS",416,24,"Vaginal"
"10249.C024.19SS",611,24,"Vaginal"
"10249.C043.01SS",0,43,"Vaginal"
"10249.C043.02SS",35,43,"Vaginal"
"10249.C043.06SS",154,43,"Vaginal"
"10249.C043.12SS",312,43,"Vaginal"
"10249.C043.16SS",490,43,"Vaginal"
"10249.C017.01SS",0,17,"Vaginal"
"10249.C017.05SS",45,17,"Vaginal"
"10249.C017.08SS",123,17,"Vaginal"
"10249.C017.11SS",216,17,"Vaginal"
"10249.C017.12SS",247,17,"Vaginal"
"10249.C009.06SS",155,9,"Vaginal"
"10249.C009.12SS",339,9,"Vaginal"
"10249.C009.13SS",366,9,"Vaginal"
"10249.C009.14SS",429,9,"Vaginal"
"10249.C009.16SS",555,9,"Vaginal"
"10249.C027.06SS",155,27,"Vaginal"
"10249.C027.17SS",489,27,"Vaginal"
"10249.C027.18SS",551,27,"Vaginal"
"10249.C027.19SS",607,27,"Vaginal"
"10249.C027.20SS",673,27,"Vaginal"
"10249.C046.02SS",31,46,"Cesarean"
"10249.C046.04SS",93,46,"Cesarean"
"10249.C046.07SS",184,46,"Cesarean"
"10249.C046.11SS",306,46,"Cesarean"
"10249.C046.13SS",366,46,"Cesarean"
"10249.C030.01SS",0,30,"Vaginal"
"10249.C030.08SS",183,30,"Vaginal"
"10249.C030.12SS",303,30,"Vaginal"
"10249.C030.13SS",334,30,"Vaginal"
"10249.C030.16SS",429,30,"Vaginal"
"10249.C033.06SS",180,33,"Vaginal"
"10249.C033.07SS",211,33,"Vaginal"
"10249.C033.11SS",272,33,"Vaginal"
"10249.C033.16SS",485,33,"Vaginal"
"10249.C033.18SS",608,33,"Vaginal"
"10249.C042.08SS",216,42,"Vaginal"
"10249.C042.09SS",247,42,"Vaginal"
"10249.C042.15SS",493,42,"Vaginal"
"10249.C042.16SS",557,42,"Vaginal"
"10249.C042.17SS",616,42,"Vaginal"
"10249.C032.01SS",1,32,"Vaginal"
"10249.C032.06SS",118,32,"Vaginal"
"10249.C032.07SS",153,32,"Vaginal"
"10249.C032.09SS",209,32,"Vaginal"
"10249.C032.20SS",609,32,"Vaginal"
"10249.C004.02SS",31,4,"Cesarean"
"10249.C004.03SS",55,4,"Cesarean"
"10249.C004.06SS",154,4,"Cesarean"
"10249.C004.08SS",214,4,"Cesarean"
"10249.C004.14SS",340,4,"Cesarean"
"10249.C001.05SS",57,1,"Vaginal"
"10249.C001.10SS",183,1,"Vaginal"
"10249.C001.18SS",367,1,"Vaginal"
"10249.C001.26SS",427,1,"Vaginal"
"10249.C001.31SS",613,1,"Vaginal"
"10249.C034.06SS",119,34,"Cesarean"
"10249.C034.09SS",214,34,"Cesarean"
"10249.C034.10SS",243,34,"Cesarean"
"10249.C034.15SS",424,34,"Cesarean"
"10249.C034.16SS",483,34,"Cesarean"
"10249.C057.02SS",31,57,"Cesarean"
"10249.C057.03SS",62,57,"Cesarean"
"10249.C057.08SS",215,57,"Cesarean"
"10249.C057.09SS",238,57,"Cesarean"
"10249.C057.11SS",277,57,"Cesarean"
"10249.C041.01SS",0,41,"Vaginal"
"10249.C041.09SS",214,41,"Vaginal"
"10249.C041.12SS",278,41,"Vaginal"
"10249.C041.13SS",310,41,"Vaginal"
"10249.C041.18SS",556,41,"Vaginal"
"10249.C011.04SS",120,11,"Cesarean"
"10249.C011.09SS",273,11,"Cesarean"
"10249.C011.10SS",303,11,"Cesarean"
"10249.C011.14SS",486,11,"Cesarean"
"10249.C011.19SS",737,11,"Cesarean"
"10249.C010.02SS",30,10,"Vaginal"
"10249.C010.04SS",43,10,"Vaginal"
"10249.C010.14SS",337,10,"Vaginal"
"10249.C010.15SS",368,10,"Vaginal"
"10249.C010.16SS",431,10,"Vaginal"
"10249.C056.01SS",0,56,"Cesarean"
"10249.C056.02SS",1,56,"Cesarean"
"10249.C056.05SS",65,56,"Cesarean"
"10249.C056.07SS",122,56,"Cesarean"
"10249.C056.09SS",184,56,"Cesarean"
"10249.C014.04SS",92,14,"Vaginal"
"10249.C014.05SS",121,14,"Vaginal"
"10249.C014.07SS",184,14,"Vaginal"
"10249.C014.17SS",549,14,"Vaginal"
"10249.C014.20SS",737,14,"Vaginal"
"10249.C007.02SS",30,7,"Cesarean"
"10249.C007.04SS",66,7,"Cesarean"
"10249.C007.20SS",551,7,"Cesarean"
"10249.C007.21SS",608,7,"Cesarean"
"10249.C007.23SS",729,7,"Cesarean"
"10249.C021.01SS",1,21,"Cesarean"
"10249.C021.03SS",37,21,"Cesarean"
"10249.C021.09SS",347,21,"Cesarean"
"10249.C021.10SS",351,21,"Cesarean"
"10249.C021.12SS",499,21,"Cesarean"
"10249.C012.03SS",40,12,"Cesarean"
"10249.C012.09SS",188,12,"Cesarean"
"10249.C012.17SS",490,12,"Cesarean"
"10249.C012.19SS",609,12,"Cesarean"
"10249.C012.21SS",732,12,"Cesarean"
"10249.C022.01SS",0,22,"Vaginal"
"10249.C022.02SS",32,22,"Vaginal"
"10249.C022.04SS",96,22,"Vaginal"
"10249.C022.09SS",243,22,"Vaginal"
"10249.C022.18SS",671,22,"Vaginal"
"10249.C044.01SS",1,44,"Vaginal"
"10249.C044.07SS",155,44,"Vaginal"
"10249.C044.10SS",244,44,"Vaginal"
"10249.C044.11SS",276,44,"Vaginal"
"10249.C044.15SS",424,44,"Vaginal"
"10249.C035.08SS",214,35,"Vaginal"
"10249.C035.10SS",277,35,"Vaginal"
"10249.C035.11SS",307,35,"Vaginal"
"10249.C035.12SS",334,35,"Vaginal"
"10249.C035.16SS",551,35,"Vaginal"
"10249.C037.04SS",92,37,"Cesarean"
"10249.C037.12SS",335,37,"Cesarean"
"10249.C037.13SS",375,37,"Cesarean"
"10249.C037.14SS",426,37,"Cesarean"
"10249.C037.15SS",497,37,"Cesarean"
"10249.C005.01SS",1,5,"Cesarean"
"10249.C005.08SS",183,5,"Cesarean"
"10249.C005.13SS",332,5,"Cesarean"
"10249.C005.15SS",428,5,"Cesarean"
"10249.C005.16SS",485,5,"Cesarean"
"10249.C038.07SS",153,38,"Vaginal"
"10249.C038.10SS",250,38,"Vaginal"
"10249.C038.11SS",278,38,"Vaginal"
"10249.C038.16SS",487,38,"Vaginal"
"10249.C038.18SS",610,38,"Vaginal"
"10249.C053.02SS",30,53,"Cesarean"
"10249.C053.03SS",45,53,"Cesarean"
"10249.C053.04SS",62,53,"Cesarean"
"10249.C053.06SS",123,53,"Cesarean"
"10249.C053.09SS",214,53,"Cesarean"
"10249.C025.01SS",1,25,"Cesarean"
"10249.C025.02SS",30,25,"Cesarean"
"10249.C025.15SS",428,25,"Cesarean"
"10249.C025.16SS",489,25,"Cesarean"
"10249.C025.17SS",548,25,"Cesarean"
"10249.C002.01SS",0,2,"Cesarean"
"10249.C002.05SS",89,2,"Cesarean"
"10249.C002.08SS",190,2,"Cesarean"
"10249.C002.09SS",249,2,"Cesarean"
"10249.C002.13SS",369,2,"Cesarean"
"10249.C055.01SS",0,55,"Cesarean"
"10249.C055.02SS",30,55,"Cesarean"
"10249.C055.03SS",41,55,"Cesarean"
"10249.C055.04SS",64,55,"Cesarean"
"10249.C055.05SS",91,55,"Cesarean"
"10249.C031.03SS",41,31,"Vaginal"
"10249.C031.06SS",119,31,"Vaginal"
"10249.C031.16SS",428,31,"Vaginal"
"10249.C031.18SS",547,31,"Vaginal"
"10249.C031.20SS",666,31,"Vaginal"
"10249.C052.02SS",1,52,"Vaginal"
"10249.C052.03SS",32,52,"Vaginal"
"10249.C052.04SS",62,52,"Vaginal"
"10249.C052.07SS",154,52,"Vaginal"
"10249.C052.08SS",188,52,"Vaginal"
"10249.C049.01SS",4,49,"Vaginal"
"10249.C049.02SS",5,49,"Vaginal"
"10249.C049.03SS",32,49,"Vaginal"
"10249.C049.08SS",154,49,"Vaginal"
"10249.C049.09SS",181,49,"Vaginal"
"10249.C008.05SS",159,8,"Vaginal"
"10249.C008.06SS",189,8,"Vaginal"
"10249.C008.09SS",250,8,"Vaginal"
"10249.C008.13SS",437,8,"Vaginal"
"10249.C008.16SS",615,8,"Vaginal"
"10249.C016.13SS",303,16,"Vaginal"
"10249.C016.18SS",489,16,"Vaginal"
"10249.C016.19SS",549,16,"Vaginal"
"10249.C016.21SS",672,16,"Vaginal"
"10249.C016.22SS",733,16,"Vaginal"
"10249.C045.01SS",0,45,"Vaginal"
"10249.C045.03SS",61,45,"Vaginal"
"10249.C045.10SS",276,45,"Vaginal"
"10249.C045.11SS",304,45,"Vaginal"
"10249.C045.12SS",344,45,"Vaginal"
"10249.C047.06SS",126,47,"Cesarean"
"10249.C047.07SS",156,47,"Cesarean"
"10249.C047.08SS",185,47,"Cesarean"
"10249.C047.09SS",221,47,"Cesarean"
"10249.C047.10SS",249,47,"Cesarean"
