"","day_of_life","studyid","delivery"
"10249.C018.03SS",90,18,"Vaginal"
"10249.C018.04SS",125,18,"Vaginal"
"10249.C036.12SS",364,36,"Cesarean"
"10249.C036.13SS",425,36,"Cesarean"
"10249.C020.21SS",551,20,"Cesarean"
"10249.C020.23SS",594,20,"Cesarean"
"10249.C024.04SS",61,24,"Vaginal"
"10249.C024.05SS",75,24,"Vaginal"
"10249.C043.16SS",490,43,"Vaginal"
"10249.C043.20SS",616,43,"Vaginal"
"10249.C017.08SS",123,17,"Vaginal"
"10249.C017.11SS",216,17,"Vaginal"
"10249.C009.05SS",122,9,"Vaginal"
"10249.C009.14SS",429,9,"Vaginal"
"10249.C027.16SS",429,27,"Vaginal"
"10249.C027.19SS",607,27,"Vaginal"
"10249.C046.05SS",124,46,"Cesarean"
"10249.C046.06SS",151,46,"Cesarean"
"10249.C030.05SS",90,30,"Vaginal"
"10249.C030.09SS",214,30,"Vaginal"
"10249.C033.02SS",32,33,"Vaginal"
"10249.C033.18SS",608,33,"Vaginal"
"10249.C042.03SS",61,42,"Vaginal"
"10249.C042.12SS",337,42,"Vaginal"
"10249.C032.05SS",91,32,"Vaginal"
"10249.C032.16SS",422,32,"Vaginal"
"10249.C004.10SS",257,4,"Cesarean"
"10249.C004.15SS",366,4,"Cesarean"
"10249.C001.10SS",183,1,"Vaginal"
"10249.C001.12SS",244,1,"Vaginal"
"10249.C034.03SS",45,34,"Cesarean"
"10249.C034.15SS",424,34,"Cesarean"
"10249.C057.04SS",91,57,"Cesarean"
"10249.C057.10SS",244,57,"Cesarean"
"10249.C041.06SS",157,41,"Vaginal"
"10249.C041.18SS",556,41,"Vaginal"
"10249.C011.17SS",610,11,"Cesarean"
"10249.C011.18SS",676,11,"Cesarean"
"10249.C010.18SS",613,10,"Vaginal"
"10249.C010.19SS",677,10,"Vaginal"
"10249.C056.09SS",184,56,"Cesarean"
"10249.C056.10SS",215,56,"Cesarean"
"10249.C014.17SS",549,14,"Vaginal"
"10249.C014.20SS",737,14,"Vaginal"
"10249.C007.05SS",93,7,"Cesarean"
"10249.C007.07SS",155,7,"Cesarean"
"10249.C021.12SS",499,21,"Cesarean"
"10249.C021.13SS",559,21,"Cesarean"
"10249.C012.12SS",272,12,"Cesarean"
"10249.C012.16SS",426,12,"Cesarean"
"10249.C022.01SS",0,22,"Vaginal"
"10249.C022.12SS",342,22,"Vaginal"
"10249.C044.06SS",127,44,"Vaginal"
"10249.C044.08SS",186,44,"Vaginal"
"10249.C035.08SS",214,35,"Vaginal"
"10249.C035.14SS",427,35,"Vaginal"
"10249.C037.14SS",426,37,"Cesarean"
"10249.C037.15SS",497,37,"Cesarean"
"10249.C005.05SS",93,5,"Cesarean"
"10249.C005.14SS",367,5,"Cesarean"
"10249.C038.09SS",215,38,"Vaginal"
"10249.C038.15SS",428,38,"Vaginal"
"10249.C053.03SS",45,53,"Cesarean"
"10249.C053.06SS",123,53,"Cesarean"
"10249.C025.06SS",124,25,"Cesarean"
"10249.C025.09SS",211,25,"Cesarean"
"10249.C002.07SS",158,2,"Cesarean"
"10249.C002.18SS",678,2,"Cesarean"
"10249.C055.06SS",120,55,"Cesarean"
"10249.C055.09SS",211,55,"Cesarean"
"10249.C031.04SS",54,31,"Vaginal"
"10249.C031.10SS",243,31,"Vaginal"
"10249.C052.07SS",154,52,"Vaginal"
"10249.C052.08SS",188,52,"Vaginal"
"10249.C049.10SS",213,49,"Vaginal"
"10249.C049.12SS",274,49,"Vaginal"
"10249.C008.08SS",212,8,"Vaginal"
"10249.C008.14SS",490,8,"Vaginal"
"10249.C016.04SS",45,16,"Vaginal"
"10249.C016.21SS",672,16,"Vaginal"
"10249.C045.08SS",213,45,"Vaginal"
"10249.C045.09SS",245,45,"Vaginal"
"10249.C047.08SS",185,47,"Cesarean"
"10249.C047.13SS",347,47,"Cesarean"
