"","day_of_life","studyid","delivery"
"10249.C018.03SS",90,18,"Vaginal"
"10249.C018.07SS",214,18,"Vaginal"
"10249.C018.10SS",312,18,"Vaginal"
"10249.C036.10SS",308,36,"Cesarean"
"10249.C036.11SS",334,36,"Cesarean"
"10249.C036.16SS",610,36,"Cesarean"
"10249.C020.12SS",180,20,"Cesarean"
"10249.C020.23SS",594,20,"Cesarean"
"10249.C020.25SS",604,20,"Cesarean"
"10249.C024.15SS",373,24,"Vaginal"
"10249.C024.16SS",416,24,"Vaginal"
"10249.C024.19SS",611,24,"Vaginal"
"10249.C043.10SS",275,43,"Vaginal"
"10249.C043.14SS",364,43,"Vaginal"
"10249.C043.16SS",490,43,"Vaginal"
"10249.C017.02SS",2,17,"Vaginal"
"10249.C017.04SS",32,17,"Vaginal"
"10249.C017.06SS",63,17,"Vaginal"
"10249.C009.02SS",31,9,"Vaginal"
"10249.C009.14SS",429,9,"Vaginal"
"10249.C009.18SS",681,9,"Vaginal"
"10249.C027.14SS",338,27,"Vaginal"
"10249.C027.19SS",607,27,"Vaginal"
"10249.C027.21SS",736,27,"Vaginal"
"10249.C046.05SS",124,46,"Cesarean"
"10249.C046.08SS",211,46,"Cesarean"
"10249.C046.13SS",366,46,"Cesarean"
"10249.C030.02SS",34,30,"Vaginal"
"10249.C030.07SS",150,30,"Vaginal"
"10249.C030.18SS",554,30,"Vaginal"
"10249.C033.05SS",147,33,"Vaginal"
"10249.C033.09SS",236,33,"Vaginal"
"10249.C033.19SS",670,33,"Vaginal"
"10249.C042.04SS",91,42,"Vaginal"
"10249.C042.13SS",374,42,"Vaginal"
"10249.C042.16SS",557,42,"Vaginal"
"10249.C032.07SS",153,32,"Vaginal"
"10249.C032.09SS",209,32,"Vaginal"
"10249.C032.15SS",370,32,"Vaginal"
"10249.C004.04SS",91,4,"Cesarean"
"10249.C004.10SS",257,4,"Cesarean"
"10249.C004.14SS",340,4,"Cesarean"
"10249.C001.03SS",42,1,"Vaginal"
"10249.C001.05SS",57,1,"Vaginal"
"10249.C001.15SS",300,1,"Vaginal"
"10249.C034.01SS",1,34,"Cesarean"
"10249.C034.13SS",335,34,"Cesarean"
"10249.C034.16SS",483,34,"Cesarean"
"10249.C057.02SS",31,57,"Cesarean"
"10249.C057.05SS",125,57,"Cesarean"
"10249.C057.11SS",277,57,"Cesarean"
"10249.C041.01SS",0,41,"Vaginal"
"10249.C041.13SS",310,41,"Vaginal"
"10249.C041.14SS",339,41,"Vaginal"
"10249.C011.06SS",187,11,"Cesarean"
"10249.C011.10SS",303,11,"Cesarean"
"10249.C011.19SS",737,11,"Cesarean"
"10249.C010.14SS",337,10,"Vaginal"
"10249.C010.16SS",431,10,"Vaginal"
"10249.C010.18SS",613,10,"Vaginal"
"10249.C056.02SS",1,56,"Cesarean"
"10249.C056.04SS",31,56,"Cesarean"
"10249.C056.09SS",184,56,"Cesarean"
"10249.C014.12SS",333,14,"Vaginal"
"10249.C014.13SS",368,14,"Vaginal"
"10249.C014.16SS",486,14,"Vaginal"
"10249.C007.02SS",30,7,"Cesarean"
"10249.C007.11SS",243,7,"Cesarean"
"10249.C007.20SS",551,7,"Cesarean"
"10249.C021.02SS",2,21,"Cesarean"
"10249.C021.05SS",161,21,"Cesarean"
"10249.C021.08SS",306,21,"Cesarean"
"10249.C012.05SS",99,12,"Cesarean"
"10249.C012.11SS",244,12,"Cesarean"
"10249.C012.22SS",739,12,"Cesarean"
"10249.C022.03SS",63,22,"Vaginal"
"10249.C022.18SS",671,22,"Vaginal"
"10249.C022.19SS",737,22,"Vaginal"
"10249.C044.01SS",1,44,"Vaginal"
"10249.C044.02SS",33,44,"Vaginal"
"10249.C044.12SS",307,44,"Vaginal"
"10249.C035.06SS",153,35,"Vaginal"
"10249.C035.13SS",367,35,"Vaginal"
"10249.C035.14SS",427,35,"Vaginal"
"10249.C037.02SS",33,37,"Cesarean"
"10249.C037.11SS",307,37,"Cesarean"
"10249.C037.13SS",375,37,"Cesarean"
"10249.C005.04SS",63,5,"Cesarean"
"10249.C005.05SS",93,5,"Cesarean"
"10249.C005.17SS",549,5,"Cesarean"
"10249.C038.10SS",250,38,"Vaginal"
"10249.C038.15SS",428,38,"Vaginal"
"10249.C038.18SS",610,38,"Vaginal"
"10249.C053.05SS",95,53,"Cesarean"
"10249.C053.06SS",123,53,"Cesarean"
"10249.C053.07SS",153,53,"Cesarean"
"10249.C025.03SS",42,25,"Cesarean"
"10249.C025.16SS",489,25,"Cesarean"
"10249.C025.19SS",666,25,"Cesarean"
"10249.C002.09SS",249,2,"Cesarean"
"10249.C002.16SS",555,2,"Cesarean"
"10249.C002.19SS",731,2,"Cesarean"
"10249.C055.03SS",41,55,"Cesarean"
"10249.C055.04SS",64,55,"Cesarean"
"10249.C055.09SS",211,55,"Cesarean"
"10249.C031.02SS",32,31,"Vaginal"
"10249.C031.10SS",243,31,"Vaginal"
"10249.C031.16SS",428,31,"Vaginal"
"10249.C052.04SS",62,52,"Vaginal"
"10249.C052.06SS",127,52,"Vaginal"
"10249.C052.08SS",188,52,"Vaginal"
"10249.C049.01SS",4,49,"Vaginal"
"10249.C049.09SS",181,49,"Vaginal"
"10249.C049.12SS",274,49,"Vaginal"
"10249.C008.04SS",126,8,"Vaginal"
"10249.C008.05SS",159,8,"Vaginal"
"10249.C008.10SS",273,8,"Vaginal"
"10249.C016.01SS",1,16,"Vaginal"
"10249.C016.06SS",92,16,"Vaginal"
"10249.C016.09SS",180,16,"Vaginal"
"10249.C045.03SS",61,45,"Vaginal"
"10249.C045.04SS",91,45,"Vaginal"
"10249.C045.08SS",213,45,"Vaginal"
"10249.C047.06SS",126,47,"Cesarean"
"10249.C047.09SS",221,47,"Cesarean"
"10249.C047.11SS",277,47,"Cesarean"
