"","day_of_life","studyid","delivery"
"10249.C018.02SS",33,18,"Vaginal"
"10249.C018.17SS",732,18,"Vaginal"
"10249.C036.15SS",559,36,"Cesarean"
"10249.C036.16SS",610,36,"Cesarean"
"10249.C020.09SS",95,20,"Cesarean"
"10249.C020.23SS",594,20,"Cesarean"
"10249.C024.07SS",129,24,"Vaginal"
"10249.C024.19SS",611,24,"Vaginal"
"10249.C043.11SS",306,43,"Vaginal"
"10249.C043.18SS",555,43,"Vaginal"
"10249.C017.06SS",63,17,"Vaginal"
"10249.C017.10SS",179,17,"Vaginal"
"10249.C009.02SS",31,9,"Vaginal"
"10249.C009.18SS",681,9,"Vaginal"
"10249.C027.01SS",1,27,"Vaginal"
"10249.C027.18SS",551,27,"Vaginal"
"10249.C046.02SS",31,46,"Cesarean"
"10249.C046.07SS",184,46,"Cesarean"
"10249.C030.03SS",44,30,"Vaginal"
"10249.C030.17SS",495,30,"Vaginal"
"10249.C033.11SS",272,33,"Vaginal"
"10249.C033.18SS",608,33,"Vaginal"
"10249.C042.01SS",0,42,"Vaginal"
"10249.C042.03SS",61,42,"Vaginal"
"10249.C032.10SS",246,32,"Vaginal"
"10249.C032.22SS",734,32,"Vaginal"
"10249.C004.06SS",154,4,"Cesarean"
"10249.C004.14SS",340,4,"Cesarean"
"10249.C001.25SS",411,1,"Vaginal"
"10249.C001.34SS",733,1,"Vaginal"
"10249.C034.07SS",166,34,"Cesarean"
"10249.C034.15SS",424,34,"Cesarean"
"10249.C057.04SS",91,57,"Cesarean"
"10249.C057.09SS",238,57,"Cesarean"
"10249.C041.13SS",310,41,"Vaginal"
"10249.C041.19SS",618,41,"Vaginal"
"10249.C011.14SS",486,11,"Cesarean"
"10249.C011.18SS",676,11,"Cesarean"
"10249.C010.05SS",60,10,"Vaginal"
"10249.C010.19SS",677,10,"Vaginal"
"10249.C056.02SS",1,56,"Cesarean"
"10249.C056.05SS",65,56,"Cesarean"
"10249.C014.03SS",71,14,"Vaginal"
"10249.C014.17SS",549,14,"Vaginal"
"10249.C007.02SS",30,7,"Cesarean"
"10249.C007.16SS",334,7,"Cesarean"
"10249.C021.06SS",188,21,"Cesarean"
"10249.C021.13SS",559,21,"Cesarean"
"10249.C012.08SS",154,12,"Cesarean"
"10249.C012.22SS",739,12,"Cesarean"
"10249.C022.02SS",32,22,"Vaginal"
"10249.C022.18SS",671,22,"Vaginal"
"10249.C044.09SS",222,44,"Vaginal"
"10249.C044.16SS",497,44,"Vaginal"
"10249.C035.15SS",488,35,"Vaginal"
"10249.C035.16SS",551,35,"Vaginal"
"10249.C037.02SS",33,37,"Cesarean"
"10249.C037.13SS",375,37,"Cesarean"
"10249.C005.11SS",276,5,"Cesarean"
"10249.C005.19SS",667,5,"Cesarean"
"10249.C038.12SS",305,38,"Vaginal"
"10249.C038.18SS",610,38,"Vaginal"
"10249.C053.05SS",95,53,"Cesarean"
"10249.C053.09SS",214,53,"Cesarean"
"10249.C025.15SS",428,25,"Cesarean"
"10249.C025.19SS",666,25,"Cesarean"
"10249.C002.13SS",369,2,"Cesarean"
"10249.C002.18SS",678,2,"Cesarean"
"10249.C055.02SS",30,55,"Cesarean"
"10249.C055.09SS",211,55,"Cesarean"
"10249.C031.11SS",275,31,"Vaginal"
"10249.C031.21SS",729,31,"Vaginal"
"10249.C052.02SS",1,52,"Vaginal"
"10249.C052.07SS",154,52,"Vaginal"
"10249.C049.03SS",32,49,"Vaginal"
"10249.C049.14SS",337,49,"Vaginal"
"10249.C008.12SS",364,8,"Vaginal"
"10249.C008.13SS",437,8,"Vaginal"
"10249.C016.01SS",1,16,"Vaginal"
"10249.C016.19SS",549,16,"Vaginal"
"10249.C045.04SS",91,45,"Vaginal"
"10249.C045.05SS",120,45,"Vaginal"
"10249.C047.02SS",32,47,"Cesarean"
"10249.C047.11SS",277,47,"Cesarean"
