"","day_of_life","studyid","delivery"
"10249.C018.05SS",154,18,"Vaginal"
"10249.C018.12SS",373,18,"Vaginal"
"10249.C018.15SS",548,18,"Vaginal"
"10249.C036.12SS",364,36,"Cesarean"
"10249.C036.14SS",490,36,"Cesarean"
"10249.C036.16SS",610,36,"Cesarean"
"10249.C020.21SS",551,20,"Cesarean"
"10249.C020.25SS",604,20,"Cesarean"
"10249.C020.26SS",670,20,"Cesarean"
"10249.C024.08SS",150,24,"Vaginal"
"10249.C024.10SS",213,24,"Vaginal"
"10249.C024.13SS",310,24,"Vaginal"
"10249.C043.07SS",189,43,"Vaginal"
"10249.C043.09SS",245,43,"Vaginal"
"10249.C043.18SS",555,43,"Vaginal"
"10249.C017.08SS",123,17,"Vaginal"
"10249.C017.09SS",152,17,"Vaginal"
"10249.C017.11SS",216,17,"Vaginal"
"10249.C009.01SS",1,9,"Vaginal"
"10249.C009.16SS",555,9,"Vaginal"
"10249.C009.17SS",613,9,"Vaginal"
"10249.C027.13SS",306,27,"Vaginal"
"10249.C027.19SS",607,27,"Vaginal"
"10249.C027.20SS",673,27,"Vaginal"
"10249.C046.02SS",31,46,"Cesarean"
"10249.C046.07SS",184,46,"Cesarean"
"10249.C046.08SS",211,46,"Cesarean"
"10249.C030.01SS",0,30,"Vaginal"
"10249.C030.13SS",334,30,"Vaginal"
"10249.C030.16SS",429,30,"Vaginal"
"10249.C033.07SS",211,33,"Vaginal"
"10249.C033.16SS",485,33,"Vaginal"
"10249.C033.19SS",670,33,"Vaginal"
"10249.C042.07SS",182,42,"Vaginal"
"10249.C042.12SS",337,42,"Vaginal"
"10249.C042.17SS",616,42,"Vaginal"
"10249.C032.01SS",1,32,"Vaginal"
"10249.C032.03SS",52,32,"Vaginal"
"10249.C032.19SS",555,32,"Vaginal"
"10249.C004.03SS",55,4,"Cesarean"
"10249.C004.04SS",91,4,"Cesarean"
"10249.C004.13SS",308,4,"Cesarean"
"10249.C001.19SS",375,1,"Vaginal"
"10249.C001.25SS",411,1,"Vaginal"
"10249.C001.27SS",435,1,"Vaginal"
"10249.C034.05SS",90,34,"Cesarean"
"10249.C034.11SS",273,34,"Cesarean"
"10249.C034.15SS",424,34,"Cesarean"
"10249.C057.03SS",62,57,"Cesarean"
"10249.C057.04SS",91,57,"Cesarean"
"10249.C057.10SS",244,57,"Cesarean"
"10249.C041.02SS",32,41,"Vaginal"
"10249.C041.03SS",64,41,"Vaginal"
"10249.C041.11SS",246,41,"Vaginal"
"10249.C011.01SS",1,11,"Cesarean"
"10249.C011.07SS",210,11,"Cesarean"
"10249.C011.18SS",676,11,"Cesarean"
"10249.C010.11SS",246,10,"Vaginal"
"10249.C010.13SS",305,10,"Vaginal"
"10249.C010.18SS",613,10,"Vaginal"
"10249.C056.05SS",65,56,"Cesarean"
"10249.C056.07SS",122,56,"Cesarean"
"10249.C056.09SS",184,56,"Cesarean"
"10249.C014.05SS",121,14,"Vaginal"
"10249.C014.18SS",614,14,"Vaginal"
"10249.C014.19SS",675,14,"Vaginal"
"10249.C007.08SS",183,7,"Cesarean"
"10249.C007.11SS",243,7,"Cesarean"
"10249.C007.13SS",266,7,"Cesarean"
"10249.C021.03SS",37,21,"Cesarean"
"10249.C021.06SS",188,21,"Cesarean"
"10249.C021.09SS",347,21,"Cesarean"
"10249.C012.03SS",40,12,"Cesarean"
"10249.C012.16SS",426,12,"Cesarean"
"10249.C012.20SS",675,12,"Cesarean"
"10249.C022.13SS",370,22,"Vaginal"
"10249.C022.16SS",551,22,"Vaginal"
"10249.C022.18SS",671,22,"Vaginal"
"10249.C044.02SS",33,44,"Vaginal"
"10249.C044.07SS",155,44,"Vaginal"
"10249.C044.13SS",334,44,"Vaginal"
"10249.C035.04SS",91,35,"Vaginal"
"10249.C035.14SS",427,35,"Vaginal"
"10249.C035.16SS",551,35,"Vaginal"
"10249.C037.06SS",156,37,"Cesarean"
"10249.C037.13SS",375,37,"Cesarean"
"10249.C037.15SS",497,37,"Cesarean"
"10249.C005.03SS",43,5,"Cesarean"
"10249.C005.09SS",213,5,"Cesarean"
"10249.C005.10SS",245,5,"Cesarean"
"10249.C038.02SS",33,38,"Vaginal"
"10249.C038.04SS",61,38,"Vaginal"
"10249.C038.07SS",153,38,"Vaginal"
"10249.C053.06SS",123,53,"Cesarean"
"10249.C053.08SS",183,53,"Cesarean"
"10249.C053.09SS",214,53,"Cesarean"
"10249.C025.04SS",60,25,"Cesarean"
"10249.C025.15SS",428,25,"Cesarean"
"10249.C025.18SS",615,25,"Cesarean"
"10249.C002.04SS",60,2,"Cesarean"
"10249.C002.07SS",158,2,"Cesarean"
"10249.C002.08SS",190,2,"Cesarean"
"10249.C055.03SS",41,55,"Cesarean"
"10249.C055.08SS",183,55,"Cesarean"
"10249.C055.09SS",211,55,"Cesarean"
"10249.C031.02SS",32,31,"Vaginal"
"10249.C031.06SS",119,31,"Vaginal"
"10249.C031.14SS",365,31,"Vaginal"
"10249.C052.02SS",1,52,"Vaginal"
"10249.C052.03SS",32,52,"Vaginal"
"10249.C052.06SS",127,52,"Vaginal"
"10249.C049.03SS",32,49,"Vaginal"
"10249.C049.07SS",124,49,"Vaginal"
"10249.C049.11SS",243,49,"Vaginal"
"10249.C008.08SS",212,8,"Vaginal"
"10249.C008.09SS",250,8,"Vaginal"
"10249.C008.13SS",437,8,"Vaginal"
"10249.C016.03SS",31,16,"Vaginal"
"10249.C016.17SS",428,16,"Vaginal"
"10249.C016.20SS",608,16,"Vaginal"
"10249.C045.03SS",61,45,"Vaginal"
"10249.C045.05SS",120,45,"Vaginal"
"10249.C045.10SS",276,45,"Vaginal"
"10249.C047.06SS",126,47,"Cesarean"
"10249.C047.07SS",156,47,"Cesarean"
"10249.C047.10SS",249,47,"Cesarean"
