"","day_of_life","studyid","delivery"
"10249.C018.05SS",154,18,"Vaginal"
"10249.C018.06SS",189,18,"Vaginal"
"10249.C018.14SS",489,18,"Vaginal"
"10249.C018.17SS",732,18,"Vaginal"
"10249.C036.03SS",65,36,"Cesarean"
"10249.C036.09SS",276,36,"Cesarean"
"10249.C036.10SS",308,36,"Cesarean"
"10249.C036.12SS",364,36,"Cesarean"
"10249.C020.09SS",95,20,"Cesarean"
"10249.C020.14SS",243,20,"Cesarean"
"10249.C020.17SS",334,20,"Cesarean"
"10249.C020.20SS",487,20,"Cesarean"
"10249.C024.06SS",86,24,"Vaginal"
"10249.C024.14SS",337,24,"Vaginal"
"10249.C024.16SS",416,24,"Vaginal"
"10249.C024.21SS",734,24,"Vaginal"
"10249.C043.01SS",0,43,"Vaginal"
"10249.C043.03SS",61,43,"Vaginal"
"10249.C043.04SS",96,43,"Vaginal"
"10249.C043.09SS",245,43,"Vaginal"
"10249.C017.02SS",2,17,"Vaginal"
"10249.C017.04SS",32,17,"Vaginal"
"10249.C017.05SS",45,17,"Vaginal"
"10249.C017.07SS",91,17,"Vaginal"
"10249.C009.03SS",64,9,"Vaginal"
"10249.C009.04SS",94,9,"Vaginal"
"10249.C009.16SS",555,9,"Vaginal"
"10249.C009.17SS",613,9,"Vaginal"
"10249.C027.13SS",306,27,"Vaginal"
"10249.C027.19SS",607,27,"Vaginal"
"10249.C027.20SS",673,27,"Vaginal"
"10249.C027.21SS",736,27,"Vaginal"
"10249.C046.04SS",93,46,"Cesarean"
"10249.C046.07SS",184,46,"Cesarean"
"10249.C046.13SS",366,46,"Cesarean"
"10249.C046.14SS",433,46,"Cesarean"
"10249.C030.09SS",214,30,"Vaginal"
"10249.C030.11SS",276,30,"Vaginal"
"10249.C030.17SS",495,30,"Vaginal"
"10249.C030.20SS",674,30,"Vaginal"
"10249.C033.08SS",230,33,"Vaginal"
"10249.C033.12SS",305,33,"Vaginal"
"10249.C033.15SS",427,33,"Vaginal"
"10249.C033.19SS",670,33,"Vaginal"
"10249.C042.07SS",182,42,"Vaginal"
"10249.C042.11SS",310,42,"Vaginal"
"10249.C042.13SS",374,42,"Vaginal"
"10249.C042.14SS",438,42,"Vaginal"
"10249.C032.04SS",59,32,"Vaginal"
"10249.C032.20SS",609,32,"Vaginal"
"10249.C032.21SS",674,32,"Vaginal"
"10249.C032.22SS",734,32,"Vaginal"
"10249.C004.04SS",91,4,"Cesarean"
"10249.C004.06SS",154,4,"Cesarean"
"10249.C004.08SS",214,4,"Cesarean"
"10249.C004.11SS",266,4,"Cesarean"
"10249.C001.29SS",488,1,"Vaginal"
"10249.C001.30SS",551,1,"Vaginal"
"10249.C001.31SS",613,1,"Vaginal"
"10249.C001.32SS",677,1,"Vaginal"
"10249.C034.08SS",183,34,"Cesarean"
"10249.C034.09SS",214,34,"Cesarean"
"10249.C034.12SS",308,34,"Cesarean"
"10249.C034.14SS",369,34,"Cesarean"
"10249.C057.02SS",31,57,"Cesarean"
"10249.C057.04SS",91,57,"Cesarean"
"10249.C057.05SS",125,57,"Cesarean"
"10249.C057.09SS",238,57,"Cesarean"
"10249.C041.12SS",278,41,"Vaginal"
"10249.C041.13SS",310,41,"Vaginal"
"10249.C041.16SS",424,41,"Vaginal"
"10249.C041.17SS",488,41,"Vaginal"
"10249.C011.10SS",303,11,"Cesarean"
"10249.C011.11SS",338,11,"Cesarean"
"10249.C011.14SS",486,11,"Cesarean"
"10249.C011.18SS",676,11,"Cesarean"
"10249.C010.04SS",43,10,"Vaginal"
"10249.C010.10SS",219,10,"Vaginal"
"10249.C010.15SS",368,10,"Vaginal"
"10249.C010.20SS",737,10,"Vaginal"
"10249.C056.04SS",31,56,"Cesarean"
"10249.C056.05SS",65,56,"Cesarean"
"10249.C056.06SS",93,56,"Cesarean"
"10249.C056.09SS",184,56,"Cesarean"
"10249.C014.01SS",1,14,"Vaginal"
"10249.C014.06SS",154,14,"Vaginal"
"10249.C014.18SS",614,14,"Vaginal"
"10249.C014.19SS",675,14,"Vaginal"
"10249.C007.01SS",1,7,"Cesarean"
"10249.C007.11SS",243,7,"Cesarean"
"10249.C007.21SS",608,7,"Cesarean"
"10249.C007.22SS",669,7,"Cesarean"
"10249.C021.03SS",37,21,"Cesarean"
"10249.C021.05SS",161,21,"Cesarean"
"10249.C021.09SS",347,21,"Cesarean"
"10249.C021.10SS",351,21,"Cesarean"
"10249.C012.02SS",29,12,"Cesarean"
"10249.C012.11SS",244,12,"Cesarean"
"10249.C012.13SS",305,12,"Cesarean"
"10249.C012.18SS",560,12,"Cesarean"
"10249.C022.04SS",96,22,"Vaginal"
"10249.C022.12SS",342,22,"Vaginal"
"10249.C022.15SS",489,22,"Vaginal"
"10249.C022.18SS",671,22,"Vaginal"
"10249.C044.04SS",62,44,"Vaginal"
"10249.C044.05SS",92,44,"Vaginal"
"10249.C044.15SS",424,44,"Vaginal"
"10249.C044.16SS",497,44,"Vaginal"
"10249.C035.02SS",31,35,"Vaginal"
"10249.C035.04SS",91,35,"Vaginal"
"10249.C035.10SS",277,35,"Vaginal"
"10249.C035.15SS",488,35,"Vaginal"
"10249.C037.04SS",92,37,"Cesarean"
"10249.C037.05SS",123,37,"Cesarean"
"10249.C037.13SS",375,37,"Cesarean"
"10249.C037.16SS",554,37,"Cesarean"
"10249.C005.03SS",43,5,"Cesarean"
"10249.C005.04SS",63,5,"Cesarean"
"10249.C005.09SS",213,5,"Cesarean"
"10249.C005.13SS",332,5,"Cesarean"
"10249.C038.05SS",98,38,"Vaginal"
"10249.C038.07SS",153,38,"Vaginal"
"10249.C038.10SS",250,38,"Vaginal"
"10249.C038.13SS",334,38,"Vaginal"
"10249.C053.03SS",45,53,"Cesarean"
"10249.C053.04SS",62,53,"Cesarean"
"10249.C053.08SS",183,53,"Cesarean"
"10249.C053.09SS",214,53,"Cesarean"
"10249.C025.10SS",240,25,"Cesarean"
"10249.C025.15SS",428,25,"Cesarean"
"10249.C025.17SS",548,25,"Cesarean"
"10249.C025.18SS",615,25,"Cesarean"
"10249.C002.11SS",315,2,"Cesarean"
"10249.C002.13SS",369,2,"Cesarean"
"10249.C002.15SS",488,2,"Cesarean"
"10249.C002.16SS",555,2,"Cesarean"
"10249.C055.05SS",91,55,"Cesarean"
"10249.C055.06SS",120,55,"Cesarean"
"10249.C055.07SS",155,55,"Cesarean"
"10249.C055.09SS",211,55,"Cesarean"
"10249.C031.01SS",0,31,"Vaginal"
"10249.C031.09SS",210,31,"Vaginal"
"10249.C031.10SS",243,31,"Vaginal"
"10249.C031.13SS",341,31,"Vaginal"
"10249.C052.03SS",32,52,"Vaginal"
"10249.C052.06SS",127,52,"Vaginal"
"10249.C052.07SS",154,52,"Vaginal"
"10249.C052.08SS",188,52,"Vaginal"
"10249.C049.01SS",4,49,"Vaginal"
"10249.C049.02SS",5,49,"Vaginal"
"10249.C049.08SS",154,49,"Vaginal"
"10249.C049.12SS",274,49,"Vaginal"
"10249.C008.01SS",1,8,"Vaginal"
"10249.C008.09SS",250,8,"Vaginal"
"10249.C008.13SS",437,8,"Vaginal"
"10249.C008.16SS",615,8,"Vaginal"
"10249.C016.03SS",31,16,"Vaginal"
"10249.C016.09SS",180,16,"Vaginal"
"10249.C016.10SS",213,16,"Vaginal"
"10249.C016.20SS",608,16,"Vaginal"
"10249.C045.01SS",0,45,"Vaginal"
"10249.C045.03SS",61,45,"Vaginal"
"10249.C045.09SS",245,45,"Vaginal"
"10249.C045.13SS",365,45,"Vaginal"
"10249.C047.02SS",32,47,"Cesarean"
"10249.C047.07SS",156,47,"Cesarean"
"10249.C047.11SS",277,47,"Cesarean"
"10249.C047.13SS",347,47,"Cesarean"
