"","day_of_life","studyid","delivery"
"10249.C018.13SS",425,18,"Vaginal"
"10249.C018.17SS",732,18,"Vaginal"
"10249.C036.05SS",162,36,"Cesarean"
"10249.C036.14SS",490,36,"Cesarean"
"10249.C020.14SS",243,20,"Cesarean"
"10249.C020.21SS",551,20,"Cesarean"
"10249.C024.07SS",129,24,"Vaginal"
"10249.C024.13SS",310,24,"Vaginal"
"10249.C043.02SS",35,43,"Vaginal"
"10249.C043.03SS",61,43,"Vaginal"
"10249.C017.01SS",0,17,"Vaginal"
"10249.C017.10SS",179,17,"Vaginal"
"10249.C009.14SS",429,9,"Vaginal"
"10249.C009.18SS",681,9,"Vaginal"
"10249.C027.09SS",243,27,"Vaginal"
"10249.C027.16SS",429,27,"Vaginal"
"10249.C046.13SS",366,46,"Cesarean"
"10249.C046.14SS",433,46,"Cesarean"
"10249.C030.10SS",243,30,"Vaginal"
"10249.C030.11SS",276,30,"Vaginal"
"10249.C033.09SS",236,33,"Vaginal"
"10249.C033.19SS",670,33,"Vaginal"
"10249.C042.14SS",438,42,"Vaginal"
"10249.C042.16SS",557,42,"Vaginal"
"10249.C032.11SS",272,32,"Vaginal"
"10249.C032.19SS",555,32,"Vaginal"
"10249.C004.07SS",186,4,"Cesarean"
"10249.C004.12SS",278,4,"Cesarean"
"10249.C001.08SS",122,1,"Vaginal"
"10249.C001.32SS",677,1,"Vaginal"
"10249.C034.11SS",273,34,"Cesarean"
"10249.C034.16SS",483,34,"Cesarean"
"10249.C057.02SS",31,57,"Cesarean"
"10249.C057.03SS",62,57,"Cesarean"
"10249.C041.06SS",157,41,"Vaginal"
"10249.C041.11SS",246,41,"Vaginal"
"10249.C011.01SS",1,11,"Cesarean"
"10249.C011.07SS",210,11,"Cesarean"
"10249.C010.18SS",613,10,"Vaginal"
"10249.C010.19SS",677,10,"Vaginal"
"10249.C056.01SS",0,56,"Cesarean"
"10249.C056.09SS",184,56,"Cesarean"
"10249.C014.02SS",31,14,"Vaginal"
"10249.C014.20SS",737,14,"Vaginal"
"10249.C007.06SS",127,7,"Cesarean"
"10249.C007.20SS",551,7,"Cesarean"
"10249.C021.08SS",306,21,"Cesarean"
"10249.C021.09SS",347,21,"Cesarean"
"10249.C012.16SS",426,12,"Cesarean"
"10249.C012.18SS",560,12,"Cesarean"
"10249.C022.10SS",273,22,"Vaginal"
"10249.C022.13SS",370,22,"Vaginal"
"10249.C044.04SS",62,44,"Vaginal"
"10249.C044.15SS",424,44,"Vaginal"
"10249.C035.02SS",31,35,"Vaginal"
"10249.C035.16SS",551,35,"Vaginal"
"10249.C037.06SS",156,37,"Cesarean"
"10249.C037.12SS",335,37,"Cesarean"
"10249.C005.05SS",93,5,"Cesarean"
"10249.C005.18SS",612,5,"Cesarean"
"10249.C038.02SS",33,38,"Vaginal"
"10249.C038.14SS",365,38,"Vaginal"
"10249.C053.07SS",153,53,"Cesarean"
"10249.C053.08SS",183,53,"Cesarean"
"10249.C025.12SS",303,25,"Cesarean"
"10249.C025.18SS",615,25,"Cesarean"
"10249.C002.02SS",32,2,"Cesarean"
"10249.C002.19SS",731,2,"Cesarean"
"10249.C055.01SS",0,55,"Cesarean"
"10249.C055.08SS",183,55,"Cesarean"
"10249.C031.02SS",32,31,"Vaginal"
"10249.C031.16SS",428,31,"Vaginal"
"10249.C052.02SS",1,52,"Vaginal"
"10249.C052.06SS",127,52,"Vaginal"
"10249.C049.10SS",213,49,"Vaginal"
"10249.C049.12SS",274,49,"Vaginal"
"10249.C008.10SS",273,8,"Vaginal"
"10249.C008.13SS",437,8,"Vaginal"
"10249.C016.04SS",45,16,"Vaginal"
"10249.C016.13SS",303,16,"Vaginal"
"10249.C045.10SS",276,45,"Vaginal"
"10249.C045.12SS",344,45,"Vaginal"
"10249.C047.02SS",32,47,"Cesarean"
"10249.C047.07SS",156,47,"Cesarean"
