"","day_of_life","studyid","delivery"
"10249.C018.03SS",90,18,"Vaginal"
"10249.C018.04SS",125,18,"Vaginal"
"10249.C018.12SS",373,18,"Vaginal"
"10249.C018.13SS",425,18,"Vaginal"
"10249.C036.05SS",162,36,"Cesarean"
"10249.C036.07SS",216,36,"Cesarean"
"10249.C036.08SS",243,36,"Cesarean"
"10249.C036.14SS",490,36,"Cesarean"
"10249.C020.06SS",15,20,"Cesarean"
"10249.C020.12SS",180,20,"Cesarean"
"10249.C020.19SS",426,20,"Cesarean"
"10249.C020.22SS",593,20,"Cesarean"
"10249.C024.02SS",33,24,"Vaginal"
"10249.C024.03SS",43,24,"Vaginal"
"10249.C024.09SS",182,24,"Vaginal"
"10249.C024.10SS",213,24,"Vaginal"
"10249.C043.12SS",312,43,"Vaginal"
"10249.C043.15SS",428,43,"Vaginal"
"10249.C043.16SS",490,43,"Vaginal"
"10249.C043.17SS",550,43,"Vaginal"
"10249.C017.02SS",2,17,"Vaginal"
"10249.C017.06SS",63,17,"Vaginal"
"10249.C017.08SS",123,17,"Vaginal"
"10249.C017.10SS",179,17,"Vaginal"
"10249.C009.01SS",1,9,"Vaginal"
"10249.C009.06SS",155,9,"Vaginal"
"10249.C009.09SS",246,9,"Vaginal"
"10249.C009.11SS",305,9,"Vaginal"
"10249.C027.04SS",91,27,"Vaginal"
"10249.C027.08SS",211,27,"Vaginal"
"10249.C027.10SS",275,27,"Vaginal"
"10249.C027.15SS",370,27,"Vaginal"
"10249.C046.01SS",1,46,"Cesarean"
"10249.C046.06SS",151,46,"Cesarean"
"10249.C046.09SS",244,46,"Cesarean"
"10249.C046.13SS",366,46,"Cesarean"
"10249.C030.07SS",150,30,"Vaginal"
"10249.C030.09SS",214,30,"Vaginal"
"10249.C030.10SS",243,30,"Vaginal"
"10249.C030.11SS",276,30,"Vaginal"
"10249.C033.04SS",119,33,"Vaginal"
"10249.C033.07SS",211,33,"Vaginal"
"10249.C033.10SS",240,33,"Vaginal"
"10249.C033.14SS",365,33,"Vaginal"
"10249.C042.03SS",61,42,"Vaginal"
"10249.C042.08SS",216,42,"Vaginal"
"10249.C042.09SS",247,42,"Vaginal"
"10249.C042.15SS",493,42,"Vaginal"
"10249.C032.05SS",91,32,"Vaginal"
"10249.C032.10SS",246,32,"Vaginal"
"10249.C032.14SS",342,32,"Vaginal"
"10249.C032.15SS",370,32,"Vaginal"
"10249.C004.02SS",31,4,"Cesarean"
"10249.C004.07SS",186,4,"Cesarean"
"10249.C004.09SS",245,4,"Cesarean"
"10249.C004.12SS",278,4,"Cesarean"
"10249.C001.03SS",42,1,"Vaginal"
"10249.C001.13SS",273,1,"Vaginal"
"10249.C001.25SS",411,1,"Vaginal"
"10249.C001.29SS",488,1,"Vaginal"
"10249.C034.07SS",166,34,"Cesarean"
"10249.C034.09SS",214,34,"Cesarean"
"10249.C034.12SS",308,34,"Cesarean"
"10249.C034.17SS",539,34,"Cesarean"
"10249.C057.02SS",31,57,"Cesarean"
"10249.C057.03SS",62,57,"Cesarean"
"10249.C057.06SS",157,57,"Cesarean"
"10249.C057.11SS",277,57,"Cesarean"
"10249.C041.05SS",126,41,"Vaginal"
"10249.C041.10SS",232,41,"Vaginal"
"10249.C041.13SS",310,41,"Vaginal"
"10249.C041.16SS",424,41,"Vaginal"
"10249.C011.04SS",120,11,"Cesarean"
"10249.C011.06SS",187,11,"Cesarean"
"10249.C011.07SS",210,11,"Cesarean"
"10249.C011.09SS",273,11,"Cesarean"
"10249.C010.04SS",43,10,"Vaginal"
"10249.C010.10SS",219,10,"Vaginal"
"10249.C010.15SS",368,10,"Vaginal"
"10249.C010.16SS",431,10,"Vaginal"
"10249.C056.01SS",0,56,"Cesarean"
"10249.C056.08SS",153,56,"Cesarean"
"10249.C056.09SS",184,56,"Cesarean"
"10249.C056.10SS",215,56,"Cesarean"
"10249.C014.03SS",71,14,"Vaginal"
"10249.C014.06SS",154,14,"Vaginal"
"10249.C014.16SS",486,14,"Vaginal"
"10249.C014.18SS",614,14,"Vaginal"
"10249.C007.08SS",183,7,"Cesarean"
"10249.C007.11SS",243,7,"Cesarean"
"10249.C007.15SS",303,7,"Cesarean"
"10249.C007.18SS",427,7,"Cesarean"
"10249.C021.02SS",2,21,"Cesarean"
"10249.C021.03SS",37,21,"Cesarean"
"10249.C021.09SS",347,21,"Cesarean"
"10249.C021.10SS",351,21,"Cesarean"
"10249.C012.08SS",154,12,"Cesarean"
"10249.C012.09SS",188,12,"Cesarean"
"10249.C012.17SS",490,12,"Cesarean"
"10249.C012.19SS",609,12,"Cesarean"
"10249.C022.08SS",217,22,"Vaginal"
"10249.C022.15SS",489,22,"Vaginal"
"10249.C022.16SS",551,22,"Vaginal"
"10249.C022.19SS",737,22,"Vaginal"
"10249.C044.04SS",62,44,"Vaginal"
"10249.C044.05SS",92,44,"Vaginal"
"10249.C044.06SS",127,44,"Vaginal"
"10249.C044.17SS",553,44,"Vaginal"
"10249.C035.03SS",61,35,"Vaginal"
"10249.C035.04SS",91,35,"Vaginal"
"10249.C035.14SS",427,35,"Vaginal"
"10249.C035.17SS",608,35,"Vaginal"
"10249.C037.02SS",33,37,"Cesarean"
"10249.C037.06SS",156,37,"Cesarean"
"10249.C037.07SS",199,37,"Cesarean"
"10249.C037.16SS",554,37,"Cesarean"
"10249.C005.08SS",183,5,"Cesarean"
"10249.C005.16SS",485,5,"Cesarean"
"10249.C005.17SS",549,5,"Cesarean"
"10249.C005.20SS",735,5,"Cesarean"
"10249.C038.01SS",2,38,"Vaginal"
"10249.C038.15SS",428,38,"Vaginal"
"10249.C038.16SS",487,38,"Vaginal"
"10249.C038.18SS",610,38,"Vaginal"
"10249.C053.03SS",45,53,"Cesarean"
"10249.C053.05SS",95,53,"Cesarean"
"10249.C053.06SS",123,53,"Cesarean"
"10249.C053.08SS",183,53,"Cesarean"
"10249.C025.06SS",124,25,"Cesarean"
"10249.C025.10SS",240,25,"Cesarean"
"10249.C025.16SS",489,25,"Cesarean"
"10249.C025.17SS",548,25,"Cesarean"
"10249.C002.05SS",89,2,"Cesarean"
"10249.C002.11SS",315,2,"Cesarean"
"10249.C002.13SS",369,2,"Cesarean"
"10249.C002.19SS",731,2,"Cesarean"
"10249.C055.02SS",30,55,"Cesarean"
"10249.C055.03SS",41,55,"Cesarean"
"10249.C055.05SS",91,55,"Cesarean"
"10249.C055.09SS",211,55,"Cesarean"
"10249.C031.02SS",32,31,"Vaginal"
"10249.C031.08SS",184,31,"Vaginal"
"10249.C031.16SS",428,31,"Vaginal"
"10249.C031.21SS",729,31,"Vaginal"
"10249.C052.03SS",32,52,"Vaginal"
"10249.C052.06SS",127,52,"Vaginal"
"10249.C052.07SS",154,52,"Vaginal"
"10249.C052.09SS",245,52,"Vaginal"
"10249.C049.03SS",32,49,"Vaginal"
"10249.C049.08SS",154,49,"Vaginal"
"10249.C049.09SS",181,49,"Vaginal"
"10249.C049.14SS",337,49,"Vaginal"
"10249.C008.10SS",273,8,"Vaginal"
"10249.C008.12SS",364,8,"Vaginal"
"10249.C008.14SS",490,8,"Vaginal"
"10249.C008.15SS",552,8,"Vaginal"
"10249.C016.02SS",8,16,"Vaginal"
"10249.C016.05SS",64,16,"Vaginal"
"10249.C016.18SS",489,16,"Vaginal"
"10249.C016.22SS",733,16,"Vaginal"
"10249.C045.01SS",0,45,"Vaginal"
"10249.C045.05SS",120,45,"Vaginal"
"10249.C045.11SS",304,45,"Vaginal"
"10249.C045.12SS",344,45,"Vaginal"
"10249.C047.05SS",94,47,"Cesarean"
"10249.C047.08SS",185,47,"Cesarean"
"10249.C047.09SS",221,47,"Cesarean"
"10249.C047.10SS",249,47,"Cesarean"
