"","day_of_life","studyid","delivery"
"10249.C018.03SS",90,18,"Vaginal"
"10249.C018.11SS",336,18,"Vaginal"
"10249.C018.12SS",373,18,"Vaginal"
"10249.C018.14SS",489,18,"Vaginal"
"10249.C036.02SS",42,36,"Cesarean"
"10249.C036.12SS",364,36,"Cesarean"
"10249.C036.13SS",425,36,"Cesarean"
"10249.C036.16SS",610,36,"Cesarean"
"10249.C020.07SS",33,20,"Cesarean"
"10249.C020.10SS",123,20,"Cesarean"
"10249.C020.11SS",153,20,"Cesarean"
"10249.C020.25SS",604,20,"Cesarean"
"10249.C024.03SS",43,24,"Vaginal"
"10249.C024.08SS",150,24,"Vaginal"
"10249.C024.15SS",373,24,"Vaginal"
"10249.C024.21SS",734,24,"Vaginal"
"10249.C043.05SS",126,43,"Vaginal"
"10249.C043.10SS",275,43,"Vaginal"
"10249.C043.11SS",306,43,"Vaginal"
"10249.C043.12SS",312,43,"Vaginal"
"10249.C017.02SS",2,17,"Vaginal"
"10249.C017.07SS",91,17,"Vaginal"
"10249.C017.09SS",152,17,"Vaginal"
"10249.C017.10SS",179,17,"Vaginal"
"10249.C009.02SS",31,9,"Vaginal"
"10249.C009.08SS",214,9,"Vaginal"
"10249.C009.09SS",246,9,"Vaginal"
"10249.C009.14SS",429,9,"Vaginal"
"10249.C027.01SS",1,27,"Vaginal"
"10249.C027.02SS",35,27,"Vaginal"
"10249.C027.16SS",429,27,"Vaginal"
"10249.C027.19SS",607,27,"Vaginal"
"10249.C046.05SS",124,46,"Cesarean"
"10249.C046.06SS",151,46,"Cesarean"
"10249.C046.07SS",184,46,"Cesarean"
"10249.C046.13SS",366,46,"Cesarean"
"10249.C030.07SS",150,30,"Vaginal"
"10249.C030.17SS",495,30,"Vaginal"
"10249.C030.18SS",554,30,"Vaginal"
"10249.C030.20SS",674,30,"Vaginal"
"10249.C033.10SS",240,33,"Vaginal"
"10249.C033.13SS",340,33,"Vaginal"
"10249.C033.17SS",547,33,"Vaginal"
"10249.C033.18SS",608,33,"Vaginal"
"10249.C042.03SS",61,42,"Vaginal"
"10249.C042.06SS",154,42,"Vaginal"
"10249.C042.08SS",216,42,"Vaginal"
"10249.C042.16SS",557,42,"Vaginal"
"10249.C032.03SS",52,32,"Vaginal"
"10249.C032.11SS",272,32,"Vaginal"
"10249.C032.14SS",342,32,"Vaginal"
"10249.C032.20SS",609,32,"Vaginal"
"10249.C004.02SS",31,4,"Cesarean"
"10249.C004.03SS",55,4,"Cesarean"
"10249.C004.10SS",257,4,"Cesarean"
"10249.C004.11SS",266,4,"Cesarean"
"10249.C001.02SS",36,1,"Vaginal"
"10249.C001.10SS",183,1,"Vaginal"
"10249.C001.14SS",294,1,"Vaginal"
"10249.C001.20SS",378,1,"Vaginal"
"10249.C034.01SS",1,34,"Cesarean"
"10249.C034.10SS",243,34,"Cesarean"
"10249.C034.14SS",369,34,"Cesarean"
"10249.C034.17SS",539,34,"Cesarean"
"10249.C057.05SS",125,57,"Cesarean"
"10249.C057.06SS",157,57,"Cesarean"
"10249.C057.08SS",215,57,"Cesarean"
"10249.C057.11SS",277,57,"Cesarean"
"10249.C041.06SS",157,41,"Vaginal"
"10249.C041.10SS",232,41,"Vaginal"
"10249.C041.16SS",424,41,"Vaginal"
"10249.C041.19SS",618,41,"Vaginal"
"10249.C011.02SS",36,11,"Cesarean"
"10249.C011.10SS",303,11,"Cesarean"
"10249.C011.17SS",610,11,"Cesarean"
"10249.C011.18SS",676,11,"Cesarean"
"10249.C010.09SS",183,10,"Vaginal"
"10249.C010.11SS",246,10,"Vaginal"
"10249.C010.18SS",613,10,"Vaginal"
"10249.C010.20SS",737,10,"Vaginal"
"10249.C056.06SS",93,56,"Cesarean"
"10249.C056.07SS",122,56,"Cesarean"
"10249.C056.08SS",153,56,"Cesarean"
"10249.C056.09SS",184,56,"Cesarean"
"10249.C014.10SS",276,14,"Vaginal"
"10249.C014.12SS",333,14,"Vaginal"
"10249.C014.15SS",426,14,"Vaginal"
"10249.C014.20SS",737,14,"Vaginal"
"10249.C007.01SS",1,7,"Cesarean"
"10249.C007.06SS",127,7,"Cesarean"
"10249.C007.18SS",427,7,"Cesarean"
"10249.C007.23SS",729,7,"Cesarean"
"10249.C021.01SS",1,21,"Cesarean"
"10249.C021.10SS",351,21,"Cesarean"
"10249.C021.12SS",499,21,"Cesarean"
"10249.C021.13SS",559,21,"Cesarean"
"10249.C012.05SS",99,12,"Cesarean"
"10249.C012.06SS",123,12,"Cesarean"
"10249.C012.13SS",305,12,"Cesarean"
"10249.C012.21SS",732,12,"Cesarean"
"10249.C022.02SS",32,22,"Vaginal"
"10249.C022.03SS",63,22,"Vaginal"
"10249.C022.16SS",551,22,"Vaginal"
"10249.C022.19SS",737,22,"Vaginal"
"10249.C044.02SS",33,44,"Vaginal"
"10249.C044.04SS",62,44,"Vaginal"
"10249.C044.12SS",307,44,"Vaginal"
"10249.C044.17SS",553,44,"Vaginal"
"10249.C035.06SS",153,35,"Vaginal"
"10249.C035.14SS",427,35,"Vaginal"
"10249.C035.15SS",488,35,"Vaginal"
"10249.C035.16SS",551,35,"Vaginal"
"10249.C037.02SS",33,37,"Cesarean"
"10249.C037.05SS",123,37,"Cesarean"
"10249.C037.16SS",554,37,"Cesarean"
"10249.C037.17SS",612,37,"Cesarean"
"10249.C005.04SS",63,5,"Cesarean"
"10249.C005.13SS",332,5,"Cesarean"
"10249.C005.17SS",549,5,"Cesarean"
"10249.C005.18SS",612,5,"Cesarean"
"10249.C038.02SS",33,38,"Vaginal"
"10249.C038.04SS",61,38,"Vaginal"
"10249.C038.07SS",153,38,"Vaginal"
"10249.C038.09SS",215,38,"Vaginal"
"10249.C053.03SS",45,53,"Cesarean"
"10249.C053.04SS",62,53,"Cesarean"
"10249.C053.05SS",95,53,"Cesarean"
"10249.C053.06SS",123,53,"Cesarean"
"10249.C025.08SS",183,25,"Cesarean"
"10249.C025.09SS",211,25,"Cesarean"
"10249.C025.11SS",280,25,"Cesarean"
"10249.C025.16SS",489,25,"Cesarean"
"10249.C002.08SS",190,2,"Cesarean"
"10249.C002.10SS",284,2,"Cesarean"
"10249.C002.11SS",315,2,"Cesarean"
"10249.C002.19SS",731,2,"Cesarean"
"10249.C055.03SS",41,55,"Cesarean"
"10249.C055.04SS",64,55,"Cesarean"
"10249.C055.05SS",91,55,"Cesarean"
"10249.C055.06SS",120,55,"Cesarean"
"10249.C031.14SS",365,31,"Vaginal"
"10249.C031.16SS",428,31,"Vaginal"
"10249.C031.17SS",491,31,"Vaginal"
"10249.C031.20SS",666,31,"Vaginal"
"10249.C052.02SS",1,52,"Vaginal"
"10249.C052.04SS",62,52,"Vaginal"
"10249.C052.06SS",127,52,"Vaginal"
"10249.C052.08SS",188,52,"Vaginal"
"10249.C049.02SS",5,49,"Vaginal"
"10249.C049.04SS",60,49,"Vaginal"
"10249.C049.07SS",124,49,"Vaginal"
"10249.C049.14SS",337,49,"Vaginal"
"10249.C008.03SS",72,8,"Vaginal"
"10249.C008.06SS",189,8,"Vaginal"
"10249.C008.11SS",308,8,"Vaginal"
"10249.C008.12SS",364,8,"Vaginal"
"10249.C016.04SS",45,16,"Vaginal"
"10249.C016.06SS",92,16,"Vaginal"
"10249.C016.12SS",272,16,"Vaginal"
"10249.C016.21SS",672,16,"Vaginal"
"10249.C045.01SS",0,45,"Vaginal"
"10249.C045.03SS",61,45,"Vaginal"
"10249.C045.05SS",120,45,"Vaginal"
"10249.C045.12SS",344,45,"Vaginal"
"10249.C047.02SS",32,47,"Cesarean"
"10249.C047.06SS",126,47,"Cesarean"
"10249.C047.08SS",185,47,"Cesarean"
"10249.C047.11SS",277,47,"Cesarean"
