"","day_of_life","studyid","delivery"
"10249.C018.12SS",373,18,"Vaginal"
"10249.C018.14SS",489,18,"Vaginal"
"10249.C018.17SS",732,18,"Vaginal"
"10249.C036.04SS",126,36,"Cesarean"
"10249.C036.11SS",334,36,"Cesarean"
"10249.C036.14SS",490,36,"Cesarean"
"10249.C020.14SS",243,20,"Cesarean"
"10249.C020.19SS",426,20,"Cesarean"
"10249.C020.20SS",487,20,"Cesarean"
"10249.C024.05SS",75,24,"Vaginal"
"10249.C024.18SS",551,24,"Vaginal"
"10249.C024.19SS",611,24,"Vaginal"
"10249.C043.16SS",490,43,"Vaginal"
"10249.C043.17SS",550,43,"Vaginal"
"10249.C043.20SS",616,43,"Vaginal"
"10249.C017.02SS",2,17,"Vaginal"
"10249.C017.08SS",123,17,"Vaginal"
"10249.C017.11SS",216,17,"Vaginal"
"10249.C009.12SS",339,9,"Vaginal"
"10249.C009.17SS",613,9,"Vaginal"
"10249.C009.18SS",681,9,"Vaginal"
"10249.C027.04SS",91,27,"Vaginal"
"10249.C027.14SS",338,27,"Vaginal"
"10249.C027.17SS",489,27,"Vaginal"
"10249.C046.03SS",54,46,"Cesarean"
"10249.C046.06SS",151,46,"Cesarean"
"10249.C046.13SS",366,46,"Cesarean"
"10249.C030.02SS",34,30,"Vaginal"
"10249.C030.08SS",183,30,"Vaginal"
"10249.C030.14SS",365,30,"Vaginal"
"10249.C033.03SS",61,33,"Vaginal"
"10249.C033.16SS",485,33,"Vaginal"
"10249.C033.18SS",608,33,"Vaginal"
"10249.C042.05SS",122,42,"Vaginal"
"10249.C042.06SS",154,42,"Vaginal"
"10249.C042.16SS",557,42,"Vaginal"
"10249.C032.06SS",118,32,"Vaginal"
"10249.C032.15SS",370,32,"Vaginal"
"10249.C032.21SS",674,32,"Vaginal"
"10249.C004.08SS",214,4,"Cesarean"
"10249.C004.11SS",266,4,"Cesarean"
"10249.C004.12SS",278,4,"Cesarean"
"10249.C001.14SS",294,1,"Vaginal"
"10249.C001.20SS",378,1,"Vaginal"
"10249.C001.32SS",677,1,"Vaginal"
"10249.C034.02SS",34,34,"Cesarean"
"10249.C034.12SS",308,34,"Cesarean"
"10249.C034.16SS",483,34,"Cesarean"
"10249.C057.03SS",62,57,"Cesarean"
"10249.C057.05SS",125,57,"Cesarean"
"10249.C057.08SS",215,57,"Cesarean"
"10249.C041.02SS",32,41,"Vaginal"
"10249.C041.04SS",96,41,"Vaginal"
"10249.C041.14SS",339,41,"Vaginal"
"10249.C011.03SS",65,11,"Cesarean"
"10249.C011.09SS",273,11,"Cesarean"
"10249.C011.14SS",486,11,"Cesarean"
"10249.C010.05SS",60,10,"Vaginal"
"10249.C010.09SS",183,10,"Vaginal"
"10249.C010.20SS",737,10,"Vaginal"
"10249.C056.04SS",31,56,"Cesarean"
"10249.C056.05SS",65,56,"Cesarean"
"10249.C056.09SS",184,56,"Cesarean"
"10249.C014.03SS",71,14,"Vaginal"
"10249.C014.15SS",426,14,"Vaginal"
"10249.C014.19SS",675,14,"Vaginal"
"10249.C007.17SS",364,7,"Cesarean"
"10249.C007.19SS",490,7,"Cesarean"
"10249.C007.23SS",729,7,"Cesarean"
"10249.C021.01SS",1,21,"Cesarean"
"10249.C021.12SS",499,21,"Cesarean"
"10249.C021.13SS",559,21,"Cesarean"
"10249.C012.15SS",365,12,"Cesarean"
"10249.C012.16SS",426,12,"Cesarean"
"10249.C012.22SS",739,12,"Cesarean"
"10249.C022.01SS",0,22,"Vaginal"
"10249.C022.15SS",489,22,"Vaginal"
"10249.C022.18SS",671,22,"Vaginal"
"10249.C044.01SS",1,44,"Vaginal"
"10249.C044.13SS",334,44,"Vaginal"
"10249.C044.15SS",424,44,"Vaginal"
"10249.C035.01SS",0,35,"Vaginal"
"10249.C035.06SS",153,35,"Vaginal"
"10249.C035.10SS",277,35,"Vaginal"
"10249.C037.13SS",375,37,"Cesarean"
"10249.C037.14SS",426,37,"Cesarean"
"10249.C037.18SS",674,37,"Cesarean"
"10249.C005.07SS",155,5,"Cesarean"
"10249.C005.13SS",332,5,"Cesarean"
"10249.C005.17SS",549,5,"Cesarean"
"10249.C038.02SS",33,38,"Vaginal"
"10249.C038.04SS",61,38,"Vaginal"
"10249.C038.10SS",250,38,"Vaginal"
"10249.C053.03SS",45,53,"Cesarean"
"10249.C053.04SS",62,53,"Cesarean"
"10249.C053.05SS",95,53,"Cesarean"
"10249.C025.05SS",94,25,"Cesarean"
"10249.C025.06SS",124,25,"Cesarean"
"10249.C025.19SS",666,25,"Cesarean"
"10249.C002.01SS",0,2,"Cesarean"
"10249.C002.07SS",158,2,"Cesarean"
"10249.C002.11SS",315,2,"Cesarean"
"10249.C055.02SS",30,55,"Cesarean"
"10249.C055.08SS",183,55,"Cesarean"
"10249.C055.09SS",211,55,"Cesarean"
"10249.C031.03SS",41,31,"Vaginal"
"10249.C031.10SS",243,31,"Vaginal"
"10249.C031.16SS",428,31,"Vaginal"
"10249.C052.02SS",1,52,"Vaginal"
"10249.C052.03SS",32,52,"Vaginal"
"10249.C052.06SS",127,52,"Vaginal"
"10249.C049.08SS",154,49,"Vaginal"
"10249.C049.11SS",243,49,"Vaginal"
"10249.C049.13SS",305,49,"Vaginal"
"10249.C008.05SS",159,8,"Vaginal"
"10249.C008.08SS",212,8,"Vaginal"
"10249.C008.11SS",308,8,"Vaginal"
"10249.C016.09SS",180,16,"Vaginal"
"10249.C016.15SS",366,16,"Vaginal"
"10249.C016.19SS",549,16,"Vaginal"
"10249.C045.02SS",31,45,"Vaginal"
"10249.C045.03SS",61,45,"Vaginal"
"10249.C045.13SS",365,45,"Vaginal"
"10249.C047.02SS",32,47,"Cesarean"
"10249.C047.05SS",94,47,"Cesarean"
"10249.C047.11SS",277,47,"Cesarean"
