"","day_of_life","studyid","delivery"
"10249.C018.07SS",214,18,"Vaginal"
"10249.C018.11SS",336,18,"Vaginal"
"10249.C018.16SS",606,18,"Vaginal"
"10249.C036.08SS",243,36,"Cesarean"
"10249.C036.13SS",425,36,"Cesarean"
"10249.C036.16SS",610,36,"Cesarean"
"10249.C020.04SS",11,20,"Cesarean"
"10249.C020.21SS",551,20,"Cesarean"
"10249.C020.22SS",593,20,"Cesarean"
"10249.C024.08SS",150,24,"Vaginal"
"10249.C024.16SS",416,24,"Vaginal"
"10249.C024.20SS",673,24,"Vaginal"
"10249.C043.06SS",154,43,"Vaginal"
"10249.C043.11SS",306,43,"Vaginal"
"10249.C043.15SS",428,43,"Vaginal"
"10249.C017.01SS",0,17,"Vaginal"
"10249.C017.07SS",91,17,"Vaginal"
"10249.C017.12SS",247,17,"Vaginal"
"10249.C009.09SS",246,9,"Vaginal"
"10249.C009.11SS",305,9,"Vaginal"
"10249.C009.16SS",555,9,"Vaginal"
"10249.C027.10SS",275,27,"Vaginal"
"10249.C027.18SS",551,27,"Vaginal"
"10249.C027.21SS",736,27,"Vaginal"
"10249.C046.10SS",274,46,"Cesarean"
"10249.C046.13SS",366,46,"Cesarean"
"10249.C046.14SS",433,46,"Cesarean"
"10249.C030.01SS",0,30,"Vaginal"
"10249.C030.03SS",44,30,"Vaginal"
"10249.C030.05SS",90,30,"Vaginal"
"10249.C033.07SS",211,33,"Vaginal"
"10249.C033.14SS",365,33,"Vaginal"
"10249.C033.18SS",608,33,"Vaginal"
"10249.C042.01SS",0,42,"Vaginal"
"10249.C042.10SS",277,42,"Vaginal"
"10249.C042.17SS",616,42,"Vaginal"
"10249.C032.16SS",422,32,"Vaginal"
"10249.C032.17SS",485,32,"Vaginal"
"10249.C032.22SS",734,32,"Vaginal"
"10249.C004.11SS",266,4,"Cesarean"
"10249.C004.14SS",340,4,"Cesarean"
"10249.C004.15SS",366,4,"Cesarean"
"10249.C001.13SS",273,1,"Vaginal"
"10249.C001.20SS",378,1,"Vaginal"
"10249.C001.30SS",551,1,"Vaginal"
"10249.C034.06SS",119,34,"Cesarean"
"10249.C034.10SS",243,34,"Cesarean"
"10249.C034.11SS",273,34,"Cesarean"
"10249.C057.02SS",31,57,"Cesarean"
"10249.C057.03SS",62,57,"Cesarean"
"10249.C057.09SS",238,57,"Cesarean"
"10249.C041.12SS",278,41,"Vaginal"
"10249.C041.14SS",339,41,"Vaginal"
"10249.C041.19SS",618,41,"Vaginal"
"10249.C011.08SS",247,11,"Cesarean"
"10249.C011.17SS",610,11,"Cesarean"
"10249.C011.19SS",737,11,"Cesarean"
"10249.C010.02SS",30,10,"Vaginal"
"10249.C010.11SS",246,10,"Vaginal"
"10249.C010.15SS",368,10,"Vaginal"
"10249.C056.05SS",65,56,"Cesarean"
"10249.C056.06SS",93,56,"Cesarean"
"10249.C056.10SS",215,56,"Cesarean"
"10249.C014.01SS",1,14,"Vaginal"
"10249.C014.10SS",276,14,"Vaginal"
"10249.C014.18SS",614,14,"Vaginal"
"10249.C007.02SS",30,7,"Cesarean"
"10249.C007.12SS",258,7,"Cesarean"
"10249.C007.18SS",427,7,"Cesarean"
"10249.C021.02SS",2,21,"Cesarean"
"10249.C021.09SS",347,21,"Cesarean"
"10249.C021.13SS",559,21,"Cesarean"
"10249.C012.19SS",609,12,"Cesarean"
"10249.C012.21SS",732,12,"Cesarean"
"10249.C012.22SS",739,12,"Cesarean"
"10249.C022.01SS",0,22,"Vaginal"
"10249.C022.05SS",122,22,"Vaginal"
"10249.C022.12SS",342,22,"Vaginal"
"10249.C044.10SS",244,44,"Vaginal"
"10249.C044.11SS",276,44,"Vaginal"
"10249.C044.15SS",424,44,"Vaginal"
"10249.C035.09SS",244,35,"Vaginal"
"10249.C035.13SS",367,35,"Vaginal"
"10249.C035.16SS",551,35,"Vaginal"
"10249.C037.08SS",215,37,"Cesarean"
"10249.C037.09SS",253,37,"Cesarean"
"10249.C037.17SS",612,37,"Cesarean"
"10249.C005.02SS",29,5,"Cesarean"
"10249.C005.09SS",213,5,"Cesarean"
"10249.C005.15SS",428,5,"Cesarean"
"10249.C038.05SS",98,38,"Vaginal"
"10249.C038.10SS",250,38,"Vaginal"
"10249.C038.16SS",487,38,"Vaginal"
"10249.C053.04SS",62,53,"Cesarean"
"10249.C053.05SS",95,53,"Cesarean"
"10249.C053.08SS",183,53,"Cesarean"
"10249.C025.07SS",158,25,"Cesarean"
"10249.C025.18SS",615,25,"Cesarean"
"10249.C025.19SS",666,25,"Cesarean"
"10249.C002.05SS",89,2,"Cesarean"
"10249.C002.16SS",555,2,"Cesarean"
"10249.C002.19SS",731,2,"Cesarean"
"10249.C055.02SS",30,55,"Cesarean"
"10249.C055.04SS",64,55,"Cesarean"
"10249.C055.06SS",120,55,"Cesarean"
"10249.C031.07SS",152,31,"Vaginal"
"10249.C031.08SS",184,31,"Vaginal"
"10249.C031.16SS",428,31,"Vaginal"
"10249.C052.04SS",62,52,"Vaginal"
"10249.C052.08SS",188,52,"Vaginal"
"10249.C052.09SS",245,52,"Vaginal"
"10249.C049.11SS",243,49,"Vaginal"
"10249.C049.12SS",274,49,"Vaginal"
"10249.C049.14SS",337,49,"Vaginal"
"10249.C008.03SS",72,8,"Vaginal"
"10249.C008.13SS",437,8,"Vaginal"
"10249.C008.16SS",615,8,"Vaginal"
"10249.C016.03SS",31,16,"Vaginal"
"10249.C016.13SS",303,16,"Vaginal"
"10249.C016.18SS",489,16,"Vaginal"
"10249.C045.04SS",91,45,"Vaginal"
"10249.C045.06SS",154,45,"Vaginal"
"10249.C045.09SS",245,45,"Vaginal"
"10249.C047.08SS",185,47,"Cesarean"
"10249.C047.09SS",221,47,"Cesarean"
"10249.C047.11SS",277,47,"Cesarean"
