"","day_of_life","studyid","delivery"
"10249.C018.02SS",33,18,"Vaginal"
"10249.C018.04SS",125,18,"Vaginal"
"10249.C018.08SS",244,18,"Vaginal"
"10249.C018.14SS",489,18,"Vaginal"
"10249.C018.15SS",548,18,"Vaginal"
"10249.C036.03SS",65,36,"Cesarean"
"10249.C036.11SS",334,36,"Cesarean"
"10249.C036.13SS",425,36,"Cesarean"
"10249.C036.14SS",490,36,"Cesarean"
"10249.C036.16SS",610,36,"Cesarean"
"10249.C020.04SS",11,20,"Cesarean"
"10249.C020.17SS",334,20,"Cesarean"
"10249.C020.19SS",426,20,"Cesarean"
"10249.C020.21SS",551,20,"Cesarean"
"10249.C020.25SS",604,20,"Cesarean"
"10249.C024.12SS",272,24,"Vaginal"
"10249.C024.13SS",310,24,"Vaginal"
"10249.C024.15SS",373,24,"Vaginal"
"10249.C024.17SS",490,24,"Vaginal"
"10249.C024.19SS",611,24,"Vaginal"
"10249.C043.08SS",217,43,"Vaginal"
"10249.C043.14SS",364,43,"Vaginal"
"10249.C043.16SS",490,43,"Vaginal"
"10249.C043.17SS",550,43,"Vaginal"
"10249.C043.20SS",616,43,"Vaginal"
"10249.C017.01SS",0,17,"Vaginal"
"10249.C017.02SS",2,17,"Vaginal"
"10249.C017.09SS",152,17,"Vaginal"
"10249.C017.11SS",216,17,"Vaginal"
"10249.C017.12SS",247,17,"Vaginal"
"10249.C009.02SS",31,9,"Vaginal"
"10249.C009.13SS",366,9,"Vaginal"
"10249.C009.17SS",613,9,"Vaginal"
"10249.C009.18SS",681,9,"Vaginal"
"10249.C009.19SS",739,9,"Vaginal"
"10249.C027.15SS",370,27,"Vaginal"
"10249.C027.17SS",489,27,"Vaginal"
"10249.C027.18SS",551,27,"Vaginal"
"10249.C027.19SS",607,27,"Vaginal"
"10249.C027.20SS",673,27,"Vaginal"
"10249.C046.01SS",1,46,"Cesarean"
"10249.C046.02SS",31,46,"Cesarean"
"10249.C046.08SS",211,46,"Cesarean"
"10249.C046.13SS",366,46,"Cesarean"
"10249.C046.14SS",433,46,"Cesarean"
"10249.C030.02SS",34,30,"Vaginal"
"10249.C030.05SS",90,30,"Vaginal"
"10249.C030.12SS",303,30,"Vaginal"
"10249.C030.17SS",495,30,"Vaginal"
"10249.C030.18SS",554,30,"Vaginal"
"10249.C033.07SS",211,33,"Vaginal"
"10249.C033.08SS",230,33,"Vaginal"
"10249.C033.15SS",427,33,"Vaginal"
"10249.C033.17SS",547,33,"Vaginal"
"10249.C033.18SS",608,33,"Vaginal"
"10249.C042.02SS",31,42,"Vaginal"
"10249.C042.13SS",374,42,"Vaginal"
"10249.C042.14SS",438,42,"Vaginal"
"10249.C042.16SS",557,42,"Vaginal"
"10249.C042.17SS",616,42,"Vaginal"
"10249.C032.02SS",31,32,"Vaginal"
"10249.C032.05SS",91,32,"Vaginal"
"10249.C032.17SS",485,32,"Vaginal"
"10249.C032.20SS",609,32,"Vaginal"
"10249.C032.22SS",734,32,"Vaginal"
"10249.C004.01SS",0,4,"Cesarean"
"10249.C004.03SS",55,4,"Cesarean"
"10249.C004.05SS",124,4,"Cesarean"
"10249.C004.09SS",245,4,"Cesarean"
"10249.C004.15SS",366,4,"Cesarean"
"10249.C001.08SS",122,1,"Vaginal"
"10249.C001.10SS",183,1,"Vaginal"
"10249.C001.15SS",300,1,"Vaginal"
"10249.C001.20SS",378,1,"Vaginal"
"10249.C001.30SS",551,1,"Vaginal"
"10249.C034.06SS",119,34,"Cesarean"
"10249.C034.07SS",166,34,"Cesarean"
"10249.C034.08SS",183,34,"Cesarean"
"10249.C034.09SS",214,34,"Cesarean"
"10249.C034.12SS",308,34,"Cesarean"
"10249.C057.02SS",31,57,"Cesarean"
"10249.C057.05SS",125,57,"Cesarean"
"10249.C057.08SS",215,57,"Cesarean"
"10249.C057.09SS",238,57,"Cesarean"
"10249.C057.11SS",277,57,"Cesarean"
"10249.C041.02SS",32,41,"Vaginal"
"10249.C041.12SS",278,41,"Vaginal"
"10249.C041.14SS",339,41,"Vaginal"
"10249.C041.16SS",424,41,"Vaginal"
"10249.C041.18SS",556,41,"Vaginal"
"10249.C011.05SS",156,11,"Cesarean"
"10249.C011.07SS",210,11,"Cesarean"
"10249.C011.12SS",373,11,"Cesarean"
"10249.C011.14SS",486,11,"Cesarean"
"10249.C011.19SS",737,11,"Cesarean"
"10249.C010.01SS",2,10,"Vaginal"
"10249.C010.03SS",39,10,"Vaginal"
"10249.C010.08SS",152,10,"Vaginal"
"10249.C010.09SS",183,10,"Vaginal"
"10249.C010.19SS",677,10,"Vaginal"
"10249.C056.04SS",31,56,"Cesarean"
"10249.C056.05SS",65,56,"Cesarean"
"10249.C056.06SS",93,56,"Cesarean"
"10249.C056.08SS",153,56,"Cesarean"
"10249.C056.09SS",184,56,"Cesarean"
"10249.C014.02SS",31,14,"Vaginal"
"10249.C014.04SS",92,14,"Vaginal"
"10249.C014.17SS",549,14,"Vaginal"
"10249.C014.18SS",614,14,"Vaginal"
"10249.C014.19SS",675,14,"Vaginal"
"10249.C007.02SS",30,7,"Cesarean"
"10249.C007.08SS",183,7,"Cesarean"
"10249.C007.17SS",364,7,"Cesarean"
"10249.C007.18SS",427,7,"Cesarean"
"10249.C007.19SS",490,7,"Cesarean"
"10249.C021.03SS",37,21,"Cesarean"
"10249.C021.07SS",245,21,"Cesarean"
"10249.C021.09SS",347,21,"Cesarean"
"10249.C021.12SS",499,21,"Cesarean"
"10249.C021.13SS",559,21,"Cesarean"
"10249.C012.02SS",29,12,"Cesarean"
"10249.C012.17SS",490,12,"Cesarean"
"10249.C012.18SS",560,12,"Cesarean"
"10249.C012.21SS",732,12,"Cesarean"
"10249.C012.22SS",739,12,"Cesarean"
"10249.C022.01SS",0,22,"Vaginal"
"10249.C022.02SS",32,22,"Vaginal"
"10249.C022.05SS",122,22,"Vaginal"
"10249.C022.07SS",182,22,"Vaginal"
"10249.C022.13SS",370,22,"Vaginal"
"10249.C044.04SS",62,44,"Vaginal"
"10249.C044.06SS",127,44,"Vaginal"
"10249.C044.08SS",186,44,"Vaginal"
"10249.C044.10SS",244,44,"Vaginal"
"10249.C044.15SS",424,44,"Vaginal"
"10249.C035.04SS",91,35,"Vaginal"
"10249.C035.10SS",277,35,"Vaginal"
"10249.C035.11SS",307,35,"Vaginal"
"10249.C035.13SS",367,35,"Vaginal"
"10249.C035.14SS",427,35,"Vaginal"
"10249.C037.02SS",33,37,"Cesarean"
"10249.C037.05SS",123,37,"Cesarean"
"10249.C037.10SS",274,37,"Cesarean"
"10249.C037.14SS",426,37,"Cesarean"
"10249.C037.17SS",612,37,"Cesarean"
"10249.C005.02SS",29,5,"Cesarean"
"10249.C005.11SS",276,5,"Cesarean"
"10249.C005.15SS",428,5,"Cesarean"
"10249.C005.16SS",485,5,"Cesarean"
"10249.C005.18SS",612,5,"Cesarean"
"10249.C038.07SS",153,38,"Vaginal"
"10249.C038.08SS",187,38,"Vaginal"
"10249.C038.13SS",334,38,"Vaginal"
"10249.C038.15SS",428,38,"Vaginal"
"10249.C038.16SS",487,38,"Vaginal"
"10249.C053.02SS",30,53,"Cesarean"
"10249.C053.04SS",62,53,"Cesarean"
"10249.C053.07SS",153,53,"Cesarean"
"10249.C053.08SS",183,53,"Cesarean"
"10249.C053.09SS",214,53,"Cesarean"
"10249.C025.07SS",158,25,"Cesarean"
"10249.C025.10SS",240,25,"Cesarean"
"10249.C025.14SS",365,25,"Cesarean"
"10249.C025.16SS",489,25,"Cesarean"
"10249.C025.18SS",615,25,"Cesarean"
"10249.C002.01SS",0,2,"Cesarean"
"10249.C002.06SS",123,2,"Cesarean"
"10249.C002.13SS",369,2,"Cesarean"
"10249.C002.16SS",555,2,"Cesarean"
"10249.C002.19SS",731,2,"Cesarean"
"10249.C055.02SS",30,55,"Cesarean"
"10249.C055.04SS",64,55,"Cesarean"
"10249.C055.05SS",91,55,"Cesarean"
"10249.C055.08SS",183,55,"Cesarean"
"10249.C055.09SS",211,55,"Cesarean"
"10249.C031.08SS",184,31,"Vaginal"
"10249.C031.11SS",275,31,"Vaginal"
"10249.C031.16SS",428,31,"Vaginal"
"10249.C031.17SS",491,31,"Vaginal"
"10249.C031.18SS",547,31,"Vaginal"
"10249.C052.02SS",1,52,"Vaginal"
"10249.C052.06SS",127,52,"Vaginal"
"10249.C052.07SS",154,52,"Vaginal"
"10249.C052.08SS",188,52,"Vaginal"
"10249.C052.09SS",245,52,"Vaginal"
"10249.C049.01SS",4,49,"Vaginal"
"10249.C049.02SS",5,49,"Vaginal"
"10249.C049.09SS",181,49,"Vaginal"
"10249.C049.10SS",213,49,"Vaginal"
"10249.C049.14SS",337,49,"Vaginal"
"10249.C008.03SS",72,8,"Vaginal"
"10249.C008.05SS",159,8,"Vaginal"
"10249.C008.12SS",364,8,"Vaginal"
"10249.C008.14SS",490,8,"Vaginal"
"10249.C008.16SS",615,8,"Vaginal"
"10249.C016.05SS",64,16,"Vaginal"
"10249.C016.09SS",180,16,"Vaginal"
"10249.C016.13SS",303,16,"Vaginal"
"10249.C016.14SS",333,16,"Vaginal"
"10249.C016.17SS",428,16,"Vaginal"
"10249.C045.01SS",0,45,"Vaginal"
"10249.C045.04SS",91,45,"Vaginal"
"10249.C045.08SS",213,45,"Vaginal"
"10249.C045.10SS",276,45,"Vaginal"
"10249.C045.12SS",344,45,"Vaginal"
"10249.C047.02SS",32,47,"Cesarean"
"10249.C047.06SS",126,47,"Cesarean"
"10249.C047.07SS",156,47,"Cesarean"
"10249.C047.08SS",185,47,"Cesarean"
"10249.C047.11SS",277,47,"Cesarean"
