"","day_of_life","studyid","delivery"
"10249.C018.05SS",154,18,"Vaginal"
"10249.C018.06SS",189,18,"Vaginal"
"10249.C018.09SS",282,18,"Vaginal"
"10249.C018.11SS",336,18,"Vaginal"
"10249.C018.15SS",548,18,"Vaginal"
"10249.C036.01SS",0,36,"Cesarean"
"10249.C036.07SS",216,36,"Cesarean"
"10249.C036.08SS",243,36,"Cesarean"
"10249.C036.13SS",425,36,"Cesarean"
"10249.C036.14SS",490,36,"Cesarean"
"10249.C020.02SS",7,20,"Cesarean"
"10249.C020.06SS",15,20,"Cesarean"
"10249.C020.07SS",33,20,"Cesarean"
"10249.C020.11SS",153,20,"Cesarean"
"10249.C020.24SS",599,20,"Cesarean"
"10249.C024.03SS",43,24,"Vaginal"
"10249.C024.06SS",86,24,"Vaginal"
"10249.C024.17SS",490,24,"Vaginal"
"10249.C024.19SS",611,24,"Vaginal"
"10249.C024.20SS",673,24,"Vaginal"
"10249.C043.03SS",61,43,"Vaginal"
"10249.C043.08SS",217,43,"Vaginal"
"10249.C043.16SS",490,43,"Vaginal"
"10249.C043.17SS",550,43,"Vaginal"
"10249.C043.18SS",555,43,"Vaginal"
"10249.C017.04SS",32,17,"Vaginal"
"10249.C017.06SS",63,17,"Vaginal"
"10249.C017.10SS",179,17,"Vaginal"
"10249.C017.11SS",216,17,"Vaginal"
"10249.C017.12SS",247,17,"Vaginal"
"10249.C009.01SS",1,9,"Vaginal"
"10249.C009.07SS",185,9,"Vaginal"
"10249.C009.11SS",305,9,"Vaginal"
"10249.C009.16SS",555,9,"Vaginal"
"10249.C009.18SS",681,9,"Vaginal"
"10249.C027.02SS",35,27,"Vaginal"
"10249.C027.04SS",91,27,"Vaginal"
"10249.C027.10SS",275,27,"Vaginal"
"10249.C027.15SS",370,27,"Vaginal"
"10249.C027.20SS",673,27,"Vaginal"
"10249.C046.01SS",1,46,"Cesarean"
"10249.C046.02SS",31,46,"Cesarean"
"10249.C046.07SS",184,46,"Cesarean"
"10249.C046.08SS",211,46,"Cesarean"
"10249.C046.12SS",336,46,"Cesarean"
"10249.C030.03SS",44,30,"Vaginal"
"10249.C030.06SS",122,30,"Vaginal"
"10249.C030.07SS",150,30,"Vaginal"
"10249.C030.08SS",183,30,"Vaginal"
"10249.C030.14SS",365,30,"Vaginal"
"10249.C033.01SS",0,33,"Vaginal"
"10249.C033.04SS",119,33,"Vaginal"
"10249.C033.16SS",485,33,"Vaginal"
"10249.C033.17SS",547,33,"Vaginal"
"10249.C033.19SS",670,33,"Vaginal"
"10249.C042.03SS",61,42,"Vaginal"
"10249.C042.05SS",122,42,"Vaginal"
"10249.C042.06SS",154,42,"Vaginal"
"10249.C042.07SS",182,42,"Vaginal"
"10249.C042.16SS",557,42,"Vaginal"
"10249.C032.06SS",118,32,"Vaginal"
"10249.C032.16SS",422,32,"Vaginal"
"10249.C032.20SS",609,32,"Vaginal"
"10249.C032.21SS",674,32,"Vaginal"
"10249.C032.22SS",734,32,"Vaginal"
"10249.C004.04SS",91,4,"Cesarean"
"10249.C004.05SS",124,4,"Cesarean"
"10249.C004.06SS",154,4,"Cesarean"
"10249.C004.09SS",245,4,"Cesarean"
"10249.C004.10SS",257,4,"Cesarean"
"10249.C001.06SS",61,1,"Vaginal"
"10249.C001.15SS",300,1,"Vaginal"
"10249.C001.18SS",367,1,"Vaginal"
"10249.C001.27SS",435,1,"Vaginal"
"10249.C001.30SS",551,1,"Vaginal"
"10249.C034.06SS",119,34,"Cesarean"
"10249.C034.08SS",183,34,"Cesarean"
"10249.C034.09SS",214,34,"Cesarean"
"10249.C034.16SS",483,34,"Cesarean"
"10249.C034.17SS",539,34,"Cesarean"
"10249.C057.02SS",31,57,"Cesarean"
"10249.C057.03SS",62,57,"Cesarean"
"10249.C057.05SS",125,57,"Cesarean"
"10249.C057.08SS",215,57,"Cesarean"
"10249.C057.10SS",244,57,"Cesarean"
"10249.C041.05SS",126,41,"Vaginal"
"10249.C041.09SS",214,41,"Vaginal"
"10249.C041.16SS",424,41,"Vaginal"
"10249.C041.17SS",488,41,"Vaginal"
"10249.C041.18SS",556,41,"Vaginal"
"10249.C011.04SS",120,11,"Cesarean"
"10249.C011.08SS",247,11,"Cesarean"
"10249.C011.14SS",486,11,"Cesarean"
"10249.C011.17SS",610,11,"Cesarean"
"10249.C011.18SS",676,11,"Cesarean"
"10249.C010.11SS",246,10,"Vaginal"
"10249.C010.12SS",275,10,"Vaginal"
"10249.C010.13SS",305,10,"Vaginal"
"10249.C010.14SS",337,10,"Vaginal"
"10249.C010.18SS",613,10,"Vaginal"
"10249.C056.01SS",0,56,"Cesarean"
"10249.C056.04SS",31,56,"Cesarean"
"10249.C056.05SS",65,56,"Cesarean"
"10249.C056.07SS",122,56,"Cesarean"
"10249.C056.10SS",215,56,"Cesarean"
"10249.C014.02SS",31,14,"Vaginal"
"10249.C014.13SS",368,14,"Vaginal"
"10249.C014.15SS",426,14,"Vaginal"
"10249.C014.16SS",486,14,"Vaginal"
"10249.C014.19SS",675,14,"Vaginal"
"10249.C007.07SS",155,7,"Cesarean"
"10249.C007.12SS",258,7,"Cesarean"
"10249.C007.14SS",274,7,"Cesarean"
"10249.C007.15SS",303,7,"Cesarean"
"10249.C007.23SS",729,7,"Cesarean"
"10249.C021.02SS",2,21,"Cesarean"
"10249.C021.04SS",94,21,"Cesarean"
"10249.C021.05SS",161,21,"Cesarean"
"10249.C021.08SS",306,21,"Cesarean"
"10249.C021.10SS",351,21,"Cesarean"
"10249.C012.05SS",99,12,"Cesarean"
"10249.C012.11SS",244,12,"Cesarean"
"10249.C012.15SS",365,12,"Cesarean"
"10249.C012.19SS",609,12,"Cesarean"
"10249.C012.21SS",732,12,"Cesarean"
"10249.C022.01SS",0,22,"Vaginal"
"10249.C022.04SS",96,22,"Vaginal"
"10249.C022.07SS",182,22,"Vaginal"
"10249.C022.11SS",304,22,"Vaginal"
"10249.C022.18SS",671,22,"Vaginal"
"10249.C044.01SS",1,44,"Vaginal"
"10249.C044.05SS",92,44,"Vaginal"
"10249.C044.06SS",127,44,"Vaginal"
"10249.C044.11SS",276,44,"Vaginal"
"10249.C044.17SS",553,44,"Vaginal"
"10249.C035.02SS",31,35,"Vaginal"
"10249.C035.05SS",122,35,"Vaginal"
"10249.C035.10SS",277,35,"Vaginal"
"10249.C035.11SS",307,35,"Vaginal"
"10249.C035.13SS",367,35,"Vaginal"
"10249.C037.02SS",33,37,"Cesarean"
"10249.C037.06SS",156,37,"Cesarean"
"10249.C037.11SS",307,37,"Cesarean"
"10249.C037.14SS",426,37,"Cesarean"
"10249.C037.15SS",497,37,"Cesarean"
"10249.C005.04SS",63,5,"Cesarean"
"10249.C005.12SS",304,5,"Cesarean"
"10249.C005.16SS",485,5,"Cesarean"
"10249.C005.19SS",667,5,"Cesarean"
"10249.C005.20SS",735,5,"Cesarean"
"10249.C038.09SS",215,38,"Vaginal"
"10249.C038.11SS",278,38,"Vaginal"
"10249.C038.15SS",428,38,"Vaginal"
"10249.C038.16SS",487,38,"Vaginal"
"10249.C038.18SS",610,38,"Vaginal"
"10249.C053.02SS",30,53,"Cesarean"
"10249.C053.03SS",45,53,"Cesarean"
"10249.C053.04SS",62,53,"Cesarean"
"10249.C053.06SS",123,53,"Cesarean"
"10249.C053.08SS",183,53,"Cesarean"
"10249.C025.01SS",1,25,"Cesarean"
"10249.C025.13SS",337,25,"Cesarean"
"10249.C025.16SS",489,25,"Cesarean"
"10249.C025.17SS",548,25,"Cesarean"
"10249.C025.20SS",734,25,"Cesarean"
"10249.C002.05SS",89,2,"Cesarean"
"10249.C002.08SS",190,2,"Cesarean"
"10249.C002.09SS",249,2,"Cesarean"
"10249.C002.13SS",369,2,"Cesarean"
"10249.C002.16SS",555,2,"Cesarean"
"10249.C055.01SS",0,55,"Cesarean"
"10249.C055.02SS",30,55,"Cesarean"
"10249.C055.06SS",120,55,"Cesarean"
"10249.C055.08SS",183,55,"Cesarean"
"10249.C055.09SS",211,55,"Cesarean"
"10249.C031.04SS",54,31,"Vaginal"
"10249.C031.05SS",89,31,"Vaginal"
"10249.C031.11SS",275,31,"Vaginal"
"10249.C031.19SS",618,31,"Vaginal"
"10249.C031.20SS",666,31,"Vaginal"
"10249.C052.02SS",1,52,"Vaginal"
"10249.C052.03SS",32,52,"Vaginal"
"10249.C052.06SS",127,52,"Vaginal"
"10249.C052.07SS",154,52,"Vaginal"
"10249.C052.09SS",245,52,"Vaginal"
"10249.C049.01SS",4,49,"Vaginal"
"10249.C049.09SS",181,49,"Vaginal"
"10249.C049.10SS",213,49,"Vaginal"
"10249.C049.13SS",305,49,"Vaginal"
"10249.C049.14SS",337,49,"Vaginal"
"10249.C008.04SS",126,8,"Vaginal"
"10249.C008.05SS",159,8,"Vaginal"
"10249.C008.10SS",273,8,"Vaginal"
"10249.C008.13SS",437,8,"Vaginal"
"10249.C008.15SS",552,8,"Vaginal"
"10249.C016.04SS",45,16,"Vaginal"
"10249.C016.09SS",180,16,"Vaginal"
"10249.C016.15SS",366,16,"Vaginal"
"10249.C016.17SS",428,16,"Vaginal"
"10249.C016.21SS",672,16,"Vaginal"
"10249.C045.01SS",0,45,"Vaginal"
"10249.C045.05SS",120,45,"Vaginal"
"10249.C045.06SS",154,45,"Vaginal"
"10249.C045.08SS",213,45,"Vaginal"
"10249.C045.12SS",344,45,"Vaginal"
"10249.C047.06SS",126,47,"Cesarean"
"10249.C047.07SS",156,47,"Cesarean"
"10249.C047.08SS",185,47,"Cesarean"
"10249.C047.09SS",221,47,"Cesarean"
"10249.C047.10SS",249,47,"Cesarean"
