"","day_of_life","studyid","delivery"
"10249.C018.07SS",214,18,"Vaginal"
"10249.C018.09SS",282,18,"Vaginal"
"10249.C018.15SS",548,18,"Vaginal"
"10249.C018.16SS",606,18,"Vaginal"
"10249.C036.03SS",65,36,"Cesarean"
"10249.C036.11SS",334,36,"Cesarean"
"10249.C036.13SS",425,36,"Cesarean"
"10249.C036.14SS",490,36,"Cesarean"
"10249.C020.06SS",15,20,"Cesarean"
"10249.C020.20SS",487,20,"Cesarean"
"10249.C020.21SS",551,20,"Cesarean"
"10249.C020.26SS",670,20,"Cesarean"
"10249.C024.06SS",86,24,"Vaginal"
"10249.C024.14SS",337,24,"Vaginal"
"10249.C024.16SS",416,24,"Vaginal"
"10249.C024.18SS",551,24,"Vaginal"
"10249.C043.07SS",189,43,"Vaginal"
"10249.C043.15SS",428,43,"Vaginal"
"10249.C043.17SS",550,43,"Vaginal"
"10249.C043.20SS",616,43,"Vaginal"
"10249.C017.02SS",2,17,"Vaginal"
"10249.C017.06SS",63,17,"Vaginal"
"10249.C017.11SS",216,17,"Vaginal"
"10249.C017.12SS",247,17,"Vaginal"
"10249.C009.07SS",185,9,"Vaginal"
"10249.C009.13SS",366,9,"Vaginal"
"10249.C009.16SS",555,9,"Vaginal"
"10249.C009.18SS",681,9,"Vaginal"
"10249.C027.07SS",181,27,"Vaginal"
"10249.C027.14SS",338,27,"Vaginal"
"10249.C027.16SS",429,27,"Vaginal"
"10249.C027.19SS",607,27,"Vaginal"
"10249.C046.06SS",151,46,"Cesarean"
"10249.C046.09SS",244,46,"Cesarean"
"10249.C046.12SS",336,46,"Cesarean"
"10249.C046.13SS",366,46,"Cesarean"
"10249.C030.03SS",44,30,"Vaginal"
"10249.C030.13SS",334,30,"Vaginal"
"10249.C030.19SS",606,30,"Vaginal"
"10249.C030.20SS",674,30,"Vaginal"
"10249.C033.06SS",180,33,"Vaginal"
"10249.C033.15SS",427,33,"Vaginal"
"10249.C033.16SS",485,33,"Vaginal"
"10249.C033.17SS",547,33,"Vaginal"
"10249.C042.02SS",31,42,"Vaginal"
"10249.C042.07SS",182,42,"Vaginal"
"10249.C042.12SS",337,42,"Vaginal"
"10249.C042.14SS",438,42,"Vaginal"
"10249.C032.13SS",337,32,"Vaginal"
"10249.C032.16SS",422,32,"Vaginal"
"10249.C032.17SS",485,32,"Vaginal"
"10249.C032.19SS",555,32,"Vaginal"
"10249.C004.04SS",91,4,"Cesarean"
"10249.C004.07SS",186,4,"Cesarean"
"10249.C004.11SS",266,4,"Cesarean"
"10249.C004.12SS",278,4,"Cesarean"
"10249.C001.08SS",122,1,"Vaginal"
"10249.C001.11SS",214,1,"Vaginal"
"10249.C001.27SS",435,1,"Vaginal"
"10249.C001.34SS",733,1,"Vaginal"
"10249.C034.03SS",45,34,"Cesarean"
"10249.C034.10SS",243,34,"Cesarean"
"10249.C034.14SS",369,34,"Cesarean"
"10249.C034.16SS",483,34,"Cesarean"
"10249.C057.02SS",31,57,"Cesarean"
"10249.C057.03SS",62,57,"Cesarean"
"10249.C057.06SS",157,57,"Cesarean"
"10249.C057.09SS",238,57,"Cesarean"
"10249.C041.06SS",157,41,"Vaginal"
"10249.C041.13SS",310,41,"Vaginal"
"10249.C041.16SS",424,41,"Vaginal"
"10249.C041.18SS",556,41,"Vaginal"
"10249.C011.05SS",156,11,"Cesarean"
"10249.C011.10SS",303,11,"Cesarean"
"10249.C011.11SS",338,11,"Cesarean"
"10249.C011.12SS",373,11,"Cesarean"
"10249.C010.04SS",43,10,"Vaginal"
"10249.C010.11SS",246,10,"Vaginal"
"10249.C010.15SS",368,10,"Vaginal"
"10249.C010.20SS",737,10,"Vaginal"
"10249.C056.01SS",0,56,"Cesarean"
"10249.C056.04SS",31,56,"Cesarean"
"10249.C056.05SS",65,56,"Cesarean"
"10249.C056.06SS",93,56,"Cesarean"
"10249.C014.01SS",1,14,"Vaginal"
"10249.C014.07SS",184,14,"Vaginal"
"10249.C014.15SS",426,14,"Vaginal"
"10249.C014.20SS",737,14,"Vaginal"
"10249.C007.11SS",243,7,"Cesarean"
"10249.C007.16SS",334,7,"Cesarean"
"10249.C007.19SS",490,7,"Cesarean"
"10249.C007.20SS",551,7,"Cesarean"
"10249.C021.05SS",161,21,"Cesarean"
"10249.C021.07SS",245,21,"Cesarean"
"10249.C021.10SS",351,21,"Cesarean"
"10249.C021.13SS",559,21,"Cesarean"
"10249.C012.08SS",154,12,"Cesarean"
"10249.C012.14SS",335,12,"Cesarean"
"10249.C012.17SS",490,12,"Cesarean"
"10249.C012.21SS",732,12,"Cesarean"
"10249.C022.06SS",153,22,"Vaginal"
"10249.C022.07SS",182,22,"Vaginal"
"10249.C022.13SS",370,22,"Vaginal"
"10249.C022.19SS",737,22,"Vaginal"
"10249.C044.01SS",1,44,"Vaginal"
"10249.C044.03SS",41,44,"Vaginal"
"10249.C044.06SS",127,44,"Vaginal"
"10249.C044.16SS",497,44,"Vaginal"
"10249.C035.01SS",0,35,"Vaginal"
"10249.C035.03SS",61,35,"Vaginal"
"10249.C035.16SS",551,35,"Vaginal"
"10249.C035.17SS",608,35,"Vaginal"
"10249.C037.04SS",92,37,"Cesarean"
"10249.C037.06SS",156,37,"Cesarean"
"10249.C037.10SS",274,37,"Cesarean"
"10249.C037.14SS",426,37,"Cesarean"
"10249.C005.09SS",213,5,"Cesarean"
"10249.C005.10SS",245,5,"Cesarean"
"10249.C005.15SS",428,5,"Cesarean"
"10249.C005.16SS",485,5,"Cesarean"
"10249.C038.01SS",2,38,"Vaginal"
"10249.C038.05SS",98,38,"Vaginal"
"10249.C038.10SS",250,38,"Vaginal"
"10249.C038.18SS",610,38,"Vaginal"
"10249.C053.04SS",62,53,"Cesarean"
"10249.C053.05SS",95,53,"Cesarean"
"10249.C053.06SS",123,53,"Cesarean"
"10249.C053.07SS",153,53,"Cesarean"
"10249.C025.14SS",365,25,"Cesarean"
"10249.C025.15SS",428,25,"Cesarean"
"10249.C025.16SS",489,25,"Cesarean"
"10249.C025.19SS",666,25,"Cesarean"
"10249.C002.04SS",60,2,"Cesarean"
"10249.C002.09SS",249,2,"Cesarean"
"10249.C002.11SS",315,2,"Cesarean"
"10249.C002.19SS",731,2,"Cesarean"
"10249.C055.02SS",30,55,"Cesarean"
"10249.C055.03SS",41,55,"Cesarean"
"10249.C055.07SS",155,55,"Cesarean"
"10249.C055.09SS",211,55,"Cesarean"
"10249.C031.14SS",365,31,"Vaginal"
"10249.C031.17SS",491,31,"Vaginal"
"10249.C031.18SS",547,31,"Vaginal"
"10249.C031.20SS",666,31,"Vaginal"
"10249.C052.03SS",32,52,"Vaginal"
"10249.C052.04SS",62,52,"Vaginal"
"10249.C052.06SS",127,52,"Vaginal"
"10249.C052.09SS",245,52,"Vaginal"
"10249.C049.07SS",124,49,"Vaginal"
"10249.C049.09SS",181,49,"Vaginal"
"10249.C049.13SS",305,49,"Vaginal"
"10249.C049.14SS",337,49,"Vaginal"
"10249.C008.08SS",212,8,"Vaginal"
"10249.C008.11SS",308,8,"Vaginal"
"10249.C008.13SS",437,8,"Vaginal"
"10249.C008.15SS",552,8,"Vaginal"
"10249.C016.04SS",45,16,"Vaginal"
"10249.C016.12SS",272,16,"Vaginal"
"10249.C016.13SS",303,16,"Vaginal"
"10249.C016.21SS",672,16,"Vaginal"
"10249.C045.01SS",0,45,"Vaginal"
"10249.C045.03SS",61,45,"Vaginal"
"10249.C045.06SS",154,45,"Vaginal"
"10249.C045.08SS",213,45,"Vaginal"
"10249.C047.02SS",32,47,"Cesarean"
"10249.C047.06SS",126,47,"Cesarean"
"10249.C047.11SS",277,47,"Cesarean"
"10249.C047.13SS",347,47,"Cesarean"
