"","day_of_life","studyid","delivery"
"10249.C018.02SS",33,18,"Vaginal"
"10249.C018.08SS",244,18,"Vaginal"
"10249.C018.15SS",548,18,"Vaginal"
"10249.C036.09SS",276,36,"Cesarean"
"10249.C036.10SS",308,36,"Cesarean"
"10249.C036.12SS",364,36,"Cesarean"
"10249.C020.03SS",9,20,"Cesarean"
"10249.C020.19SS",426,20,"Cesarean"
"10249.C020.23SS",594,20,"Cesarean"
"10249.C024.10SS",213,24,"Vaginal"
"10249.C024.18SS",551,24,"Vaginal"
"10249.C024.21SS",734,24,"Vaginal"
"10249.C043.04SS",96,43,"Vaginal"
"10249.C043.06SS",154,43,"Vaginal"
"10249.C043.17SS",550,43,"Vaginal"
"10249.C017.08SS",123,17,"Vaginal"
"10249.C017.10SS",179,17,"Vaginal"
"10249.C017.12SS",247,17,"Vaginal"
"10249.C009.09SS",246,9,"Vaginal"
"10249.C009.16SS",555,9,"Vaginal"
"10249.C009.18SS",681,9,"Vaginal"
"10249.C027.02SS",35,27,"Vaginal"
"10249.C027.15SS",370,27,"Vaginal"
"10249.C027.20SS",673,27,"Vaginal"
"10249.C046.04SS",93,46,"Cesarean"
"10249.C046.06SS",151,46,"Cesarean"
"10249.C046.12SS",336,46,"Cesarean"
"10249.C030.02SS",34,30,"Vaginal"
"10249.C030.10SS",243,30,"Vaginal"
"10249.C030.19SS",606,30,"Vaginal"
"10249.C033.06SS",180,33,"Vaginal"
"10249.C033.12SS",305,33,"Vaginal"
"10249.C033.13SS",340,33,"Vaginal"
"10249.C042.01SS",0,42,"Vaginal"
"10249.C042.04SS",91,42,"Vaginal"
"10249.C042.15SS",493,42,"Vaginal"
"10249.C032.01SS",1,32,"Vaginal"
"10249.C032.09SS",209,32,"Vaginal"
"10249.C032.19SS",555,32,"Vaginal"
"10249.C004.12SS",278,4,"Cesarean"
"10249.C004.14SS",340,4,"Cesarean"
"10249.C004.15SS",366,4,"Cesarean"
"10249.C001.01SS",0,1,"Vaginal"
"10249.C001.19SS",375,1,"Vaginal"
"10249.C001.20SS",378,1,"Vaginal"
"10249.C034.06SS",119,34,"Cesarean"
"10249.C034.10SS",243,34,"Cesarean"
"10249.C034.17SS",539,34,"Cesarean"
"10249.C057.05SS",125,57,"Cesarean"
"10249.C057.08SS",215,57,"Cesarean"
"10249.C057.11SS",277,57,"Cesarean"
"10249.C041.04SS",96,41,"Vaginal"
"10249.C041.12SS",278,41,"Vaginal"
"10249.C041.17SS",488,41,"Vaginal"
"10249.C011.03SS",65,11,"Cesarean"
"10249.C011.07SS",210,11,"Cesarean"
"10249.C011.18SS",676,11,"Cesarean"
"10249.C010.11SS",246,10,"Vaginal"
"10249.C010.14SS",337,10,"Vaginal"
"10249.C010.16SS",431,10,"Vaginal"
"10249.C056.01SS",0,56,"Cesarean"
"10249.C056.06SS",93,56,"Cesarean"
"10249.C056.10SS",215,56,"Cesarean"
"10249.C014.07SS",184,14,"Vaginal"
"10249.C014.08SS",211,14,"Vaginal"
"10249.C014.20SS",737,14,"Vaginal"
"10249.C007.06SS",127,7,"Cesarean"
"10249.C007.09SS",214,7,"Cesarean"
"10249.C007.20SS",551,7,"Cesarean"
"10249.C021.06SS",188,21,"Cesarean"
"10249.C021.07SS",245,21,"Cesarean"
"10249.C021.13SS",559,21,"Cesarean"
"10249.C012.05SS",99,12,"Cesarean"
"10249.C012.10SS",215,12,"Cesarean"
"10249.C012.21SS",732,12,"Cesarean"
"10249.C022.15SS",489,22,"Vaginal"
"10249.C022.18SS",671,22,"Vaginal"
"10249.C022.19SS",737,22,"Vaginal"
"10249.C044.01SS",1,44,"Vaginal"
"10249.C044.03SS",41,44,"Vaginal"
"10249.C044.17SS",553,44,"Vaginal"
"10249.C035.03SS",61,35,"Vaginal"
"10249.C035.13SS",367,35,"Vaginal"
"10249.C035.16SS",551,35,"Vaginal"
"10249.C037.01SS",1,37,"Cesarean"
"10249.C037.12SS",335,37,"Cesarean"
"10249.C037.16SS",554,37,"Cesarean"
"10249.C005.02SS",29,5,"Cesarean"
"10249.C005.16SS",485,5,"Cesarean"
"10249.C005.19SS",667,5,"Cesarean"
"10249.C038.05SS",98,38,"Vaginal"
"10249.C038.09SS",215,38,"Vaginal"
"10249.C038.14SS",365,38,"Vaginal"
"10249.C053.03SS",45,53,"Cesarean"
"10249.C053.04SS",62,53,"Cesarean"
"10249.C053.08SS",183,53,"Cesarean"
"10249.C025.14SS",365,25,"Cesarean"
"10249.C025.15SS",428,25,"Cesarean"
"10249.C025.16SS",489,25,"Cesarean"
"10249.C002.13SS",369,2,"Cesarean"
"10249.C002.16SS",555,2,"Cesarean"
"10249.C002.18SS",678,2,"Cesarean"
"10249.C055.01SS",0,55,"Cesarean"
"10249.C055.07SS",155,55,"Cesarean"
"10249.C055.09SS",211,55,"Cesarean"
"10249.C031.02SS",32,31,"Vaginal"
"10249.C031.09SS",210,31,"Vaginal"
"10249.C031.19SS",618,31,"Vaginal"
"10249.C052.03SS",32,52,"Vaginal"
"10249.C052.06SS",127,52,"Vaginal"
"10249.C052.08SS",188,52,"Vaginal"
"10249.C049.03SS",32,49,"Vaginal"
"10249.C049.12SS",274,49,"Vaginal"
"10249.C049.14SS",337,49,"Vaginal"
"10249.C008.07SS",194,8,"Vaginal"
"10249.C008.09SS",250,8,"Vaginal"
"10249.C008.13SS",437,8,"Vaginal"
"10249.C016.11SS",242,16,"Vaginal"
"10249.C016.18SS",489,16,"Vaginal"
"10249.C016.21SS",672,16,"Vaginal"
"10249.C045.04SS",91,45,"Vaginal"
"10249.C045.05SS",120,45,"Vaginal"
"10249.C045.06SS",154,45,"Vaginal"
"10249.C047.02SS",32,47,"Cesarean"
"10249.C047.07SS",156,47,"Cesarean"
"10249.C047.13SS",347,47,"Cesarean"
