"","day_of_life","studyid","delivery"
"10249.C018.08SS",244,18,"Vaginal"
"10249.C018.12SS",373,18,"Vaginal"
"10249.C018.14SS",489,18,"Vaginal"
"10249.C018.16SS",606,18,"Vaginal"
"10249.C036.02SS",42,36,"Cesarean"
"10249.C036.10SS",308,36,"Cesarean"
"10249.C036.12SS",364,36,"Cesarean"
"10249.C036.13SS",425,36,"Cesarean"
"10249.C020.10SS",123,20,"Cesarean"
"10249.C020.24SS",599,20,"Cesarean"
"10249.C020.25SS",604,20,"Cesarean"
"10249.C020.26SS",670,20,"Cesarean"
"10249.C024.03SS",43,24,"Vaginal"
"10249.C024.15SS",373,24,"Vaginal"
"10249.C024.17SS",490,24,"Vaginal"
"10249.C024.19SS",611,24,"Vaginal"
"10249.C043.03SS",61,43,"Vaginal"
"10249.C043.05SS",126,43,"Vaginal"
"10249.C043.18SS",555,43,"Vaginal"
"10249.C043.20SS",616,43,"Vaginal"
"10249.C017.01SS",0,17,"Vaginal"
"10249.C017.02SS",2,17,"Vaginal"
"10249.C017.07SS",91,17,"Vaginal"
"10249.C017.11SS",216,17,"Vaginal"
"10249.C009.02SS",31,9,"Vaginal"
"10249.C009.06SS",155,9,"Vaginal"
"10249.C009.14SS",429,9,"Vaginal"
"10249.C009.19SS",739,9,"Vaginal"
"10249.C027.06SS",155,27,"Vaginal"
"10249.C027.16SS",429,27,"Vaginal"
"10249.C027.18SS",551,27,"Vaginal"
"10249.C027.19SS",607,27,"Vaginal"
"10249.C046.02SS",31,46,"Cesarean"
"10249.C046.04SS",93,46,"Cesarean"
"10249.C046.11SS",306,46,"Cesarean"
"10249.C046.12SS",336,46,"Cesarean"
"10249.C030.04SS",61,30,"Vaginal"
"10249.C030.13SS",334,30,"Vaginal"
"10249.C030.18SS",554,30,"Vaginal"
"10249.C030.20SS",674,30,"Vaginal"
"10249.C033.01SS",0,33,"Vaginal"
"10249.C033.03SS",61,33,"Vaginal"
"10249.C033.04SS",119,33,"Vaginal"
"10249.C033.16SS",485,33,"Vaginal"
"10249.C042.01SS",0,42,"Vaginal"
"10249.C042.13SS",374,42,"Vaginal"
"10249.C042.14SS",438,42,"Vaginal"
"10249.C042.17SS",616,42,"Vaginal"
"10249.C032.07SS",153,32,"Vaginal"
"10249.C032.10SS",246,32,"Vaginal"
"10249.C032.11SS",272,32,"Vaginal"
"10249.C032.21SS",674,32,"Vaginal"
"10249.C004.04SS",91,4,"Cesarean"
"10249.C004.08SS",214,4,"Cesarean"
"10249.C004.13SS",308,4,"Cesarean"
"10249.C004.15SS",366,4,"Cesarean"
"10249.C001.10SS",183,1,"Vaginal"
"10249.C001.16SS",307,1,"Vaginal"
"10249.C001.25SS",411,1,"Vaginal"
"10249.C001.34SS",733,1,"Vaginal"
"10249.C034.01SS",1,34,"Cesarean"
"10249.C034.13SS",335,34,"Cesarean"
"10249.C034.14SS",369,34,"Cesarean"
"10249.C034.17SS",539,34,"Cesarean"
"10249.C057.02SS",31,57,"Cesarean"
"10249.C057.05SS",125,57,"Cesarean"
"10249.C057.10SS",244,57,"Cesarean"
"10249.C057.11SS",277,57,"Cesarean"
"10249.C041.02SS",32,41,"Vaginal"
"10249.C041.04SS",96,41,"Vaginal"
"10249.C041.18SS",556,41,"Vaginal"
"10249.C041.19SS",618,41,"Vaginal"
"10249.C011.01SS",1,11,"Cesarean"
"10249.C011.09SS",273,11,"Cesarean"
"10249.C011.18SS",676,11,"Cesarean"
"10249.C011.19SS",737,11,"Cesarean"
"10249.C010.12SS",275,10,"Vaginal"
"10249.C010.13SS",305,10,"Vaginal"
"10249.C010.14SS",337,10,"Vaginal"
"10249.C010.16SS",431,10,"Vaginal"
"10249.C056.02SS",1,56,"Cesarean"
"10249.C056.06SS",93,56,"Cesarean"
"10249.C056.07SS",122,56,"Cesarean"
"10249.C056.10SS",215,56,"Cesarean"
"10249.C014.04SS",92,14,"Vaginal"
"10249.C014.12SS",333,14,"Vaginal"
"10249.C014.19SS",675,14,"Vaginal"
"10249.C014.20SS",737,14,"Vaginal"
"10249.C007.02SS",30,7,"Cesarean"
"10249.C007.04SS",66,7,"Cesarean"
"10249.C007.16SS",334,7,"Cesarean"
"10249.C007.22SS",669,7,"Cesarean"
"10249.C021.01SS",1,21,"Cesarean"
"10249.C021.03SS",37,21,"Cesarean"
"10249.C021.09SS",347,21,"Cesarean"
"10249.C021.13SS",559,21,"Cesarean"
"10249.C012.02SS",29,12,"Cesarean"
"10249.C012.07SS",146,12,"Cesarean"
"10249.C012.11SS",244,12,"Cesarean"
"10249.C012.18SS",560,12,"Cesarean"
"10249.C022.03SS",63,22,"Vaginal"
"10249.C022.10SS",273,22,"Vaginal"
"10249.C022.12SS",342,22,"Vaginal"
"10249.C022.19SS",737,22,"Vaginal"
"10249.C044.04SS",62,44,"Vaginal"
"10249.C044.07SS",155,44,"Vaginal"
"10249.C044.10SS",244,44,"Vaginal"
"10249.C044.15SS",424,44,"Vaginal"
"10249.C035.07SS",182,35,"Vaginal"
"10249.C035.14SS",427,35,"Vaginal"
"10249.C035.15SS",488,35,"Vaginal"
"10249.C035.17SS",608,35,"Vaginal"
"10249.C037.07SS",199,37,"Cesarean"
"10249.C037.08SS",215,37,"Cesarean"
"10249.C037.15SS",497,37,"Cesarean"
"10249.C037.17SS",612,37,"Cesarean"
"10249.C005.01SS",1,5,"Cesarean"
"10249.C005.03SS",43,5,"Cesarean"
"10249.C005.07SS",155,5,"Cesarean"
"10249.C005.15SS",428,5,"Cesarean"
"10249.C038.07SS",153,38,"Vaginal"
"10249.C038.12SS",305,38,"Vaginal"
"10249.C038.16SS",487,38,"Vaginal"
"10249.C038.18SS",610,38,"Vaginal"
"10249.C053.02SS",30,53,"Cesarean"
"10249.C053.06SS",123,53,"Cesarean"
"10249.C053.07SS",153,53,"Cesarean"
"10249.C053.08SS",183,53,"Cesarean"
"10249.C025.01SS",1,25,"Cesarean"
"10249.C025.08SS",183,25,"Cesarean"
"10249.C025.09SS",211,25,"Cesarean"
"10249.C025.15SS",428,25,"Cesarean"
"10249.C002.05SS",89,2,"Cesarean"
"10249.C002.15SS",488,2,"Cesarean"
"10249.C002.18SS",678,2,"Cesarean"
"10249.C002.19SS",731,2,"Cesarean"
"10249.C055.02SS",30,55,"Cesarean"
"10249.C055.03SS",41,55,"Cesarean"
"10249.C055.05SS",91,55,"Cesarean"
"10249.C055.07SS",155,55,"Cesarean"
"10249.C031.01SS",0,31,"Vaginal"
"10249.C031.06SS",119,31,"Vaginal"
"10249.C031.18SS",547,31,"Vaginal"
"10249.C031.20SS",666,31,"Vaginal"
"10249.C052.02SS",1,52,"Vaginal"
"10249.C052.04SS",62,52,"Vaginal"
"10249.C052.06SS",127,52,"Vaginal"
"10249.C052.07SS",154,52,"Vaginal"
"10249.C049.08SS",154,49,"Vaginal"
"10249.C049.09SS",181,49,"Vaginal"
"10249.C049.10SS",213,49,"Vaginal"
"10249.C049.11SS",243,49,"Vaginal"
"10249.C008.03SS",72,8,"Vaginal"
"10249.C008.05SS",159,8,"Vaginal"
"10249.C008.09SS",250,8,"Vaginal"
"10249.C008.12SS",364,8,"Vaginal"
"10249.C016.03SS",31,16,"Vaginal"
"10249.C016.06SS",92,16,"Vaginal"
"10249.C016.19SS",549,16,"Vaginal"
"10249.C016.22SS",733,16,"Vaginal"
"10249.C045.06SS",154,45,"Vaginal"
"10249.C045.08SS",213,45,"Vaginal"
"10249.C045.11SS",304,45,"Vaginal"
"10249.C045.12SS",344,45,"Vaginal"
"10249.C047.02SS",32,47,"Cesarean"
"10249.C047.05SS",94,47,"Cesarean"
"10249.C047.07SS",156,47,"Cesarean"
"10249.C047.13SS",347,47,"Cesarean"
