"","day_of_life","studyid","delivery"
"10249.C018.03SS",90,18,"Vaginal"
"10249.C018.07SS",214,18,"Vaginal"
"10249.C018.17SS",732,18,"Vaginal"
"10249.C036.09SS",276,36,"Cesarean"
"10249.C036.14SS",490,36,"Cesarean"
"10249.C036.16SS",610,36,"Cesarean"
"10249.C020.04SS",11,20,"Cesarean"
"10249.C020.19SS",426,20,"Cesarean"
"10249.C020.23SS",594,20,"Cesarean"
"10249.C024.02SS",33,24,"Vaginal"
"10249.C024.12SS",272,24,"Vaginal"
"10249.C024.15SS",373,24,"Vaginal"
"10249.C043.02SS",35,43,"Vaginal"
"10249.C043.05SS",126,43,"Vaginal"
"10249.C043.06SS",154,43,"Vaginal"
"10249.C017.01SS",0,17,"Vaginal"
"10249.C017.02SS",2,17,"Vaginal"
"10249.C017.09SS",152,17,"Vaginal"
"10249.C009.05SS",122,9,"Vaginal"
"10249.C009.13SS",366,9,"Vaginal"
"10249.C009.14SS",429,9,"Vaginal"
"10249.C027.12SS",289,27,"Vaginal"
"10249.C027.19SS",607,27,"Vaginal"
"10249.C027.21SS",736,27,"Vaginal"
"10249.C046.05SS",124,46,"Cesarean"
"10249.C046.08SS",211,46,"Cesarean"
"10249.C046.10SS",274,46,"Cesarean"
"10249.C030.01SS",0,30,"Vaginal"
"10249.C030.14SS",365,30,"Vaginal"
"10249.C030.19SS",606,30,"Vaginal"
"10249.C033.02SS",32,33,"Vaginal"
"10249.C033.08SS",230,33,"Vaginal"
"10249.C033.16SS",485,33,"Vaginal"
"10249.C042.04SS",91,42,"Vaginal"
"10249.C042.14SS",438,42,"Vaginal"
"10249.C042.16SS",557,42,"Vaginal"
"10249.C032.02SS",31,32,"Vaginal"
"10249.C032.03SS",52,32,"Vaginal"
"10249.C032.17SS",485,32,"Vaginal"
"10249.C004.04SS",91,4,"Cesarean"
"10249.C004.12SS",278,4,"Cesarean"
"10249.C004.15SS",366,4,"Cesarean"
"10249.C001.04SS",49,1,"Vaginal"
"10249.C001.07SS",92,1,"Vaginal"
"10249.C001.32SS",677,1,"Vaginal"
"10249.C034.01SS",1,34,"Cesarean"
"10249.C034.14SS",369,34,"Cesarean"
"10249.C034.16SS",483,34,"Cesarean"
"10249.C057.06SS",157,57,"Cesarean"
"10249.C057.08SS",215,57,"Cesarean"
"10249.C057.09SS",238,57,"Cesarean"
"10249.C041.13SS",310,41,"Vaginal"
"10249.C041.17SS",488,41,"Vaginal"
"10249.C041.18SS",556,41,"Vaginal"
"10249.C011.12SS",373,11,"Cesarean"
"10249.C011.18SS",676,11,"Cesarean"
"10249.C011.19SS",737,11,"Cesarean"
"10249.C010.05SS",60,10,"Vaginal"
"10249.C010.14SS",337,10,"Vaginal"
"10249.C010.16SS",431,10,"Vaginal"
"10249.C056.01SS",0,56,"Cesarean"
"10249.C056.04SS",31,56,"Cesarean"
"10249.C056.05SS",65,56,"Cesarean"
"10249.C014.08SS",211,14,"Vaginal"
"10249.C014.16SS",486,14,"Vaginal"
"10249.C014.20SS",737,14,"Vaginal"
"10249.C007.03SS",49,7,"Cesarean"
"10249.C007.09SS",214,7,"Cesarean"
"10249.C007.14SS",274,7,"Cesarean"
"10249.C021.01SS",1,21,"Cesarean"
"10249.C021.03SS",37,21,"Cesarean"
"10249.C021.09SS",347,21,"Cesarean"
"10249.C012.10SS",215,12,"Cesarean"
"10249.C012.21SS",732,12,"Cesarean"
"10249.C012.22SS",739,12,"Cesarean"
"10249.C022.11SS",304,22,"Vaginal"
"10249.C022.15SS",489,22,"Vaginal"
"10249.C022.18SS",671,22,"Vaginal"
"10249.C044.01SS",1,44,"Vaginal"
"10249.C044.05SS",92,44,"Vaginal"
"10249.C044.16SS",497,44,"Vaginal"
"10249.C035.10SS",277,35,"Vaginal"
"10249.C035.15SS",488,35,"Vaginal"
"10249.C035.16SS",551,35,"Vaginal"
"10249.C037.13SS",375,37,"Cesarean"
"10249.C037.14SS",426,37,"Cesarean"
"10249.C037.18SS",674,37,"Cesarean"
"10249.C005.03SS",43,5,"Cesarean"
"10249.C005.15SS",428,5,"Cesarean"
"10249.C005.20SS",735,5,"Cesarean"
"10249.C038.14SS",365,38,"Vaginal"
"10249.C038.15SS",428,38,"Vaginal"
"10249.C038.16SS",487,38,"Vaginal"
"10249.C053.03SS",45,53,"Cesarean"
"10249.C053.08SS",183,53,"Cesarean"
"10249.C053.09SS",214,53,"Cesarean"
"10249.C025.05SS",94,25,"Cesarean"
"10249.C025.10SS",240,25,"Cesarean"
"10249.C025.16SS",489,25,"Cesarean"
"10249.C002.02SS",32,2,"Cesarean"
"10249.C002.08SS",190,2,"Cesarean"
"10249.C002.18SS",678,2,"Cesarean"
"10249.C055.02SS",30,55,"Cesarean"
"10249.C055.04SS",64,55,"Cesarean"
"10249.C055.07SS",155,55,"Cesarean"
"10249.C031.04SS",54,31,"Vaginal"
"10249.C031.14SS",365,31,"Vaginal"
"10249.C031.20SS",666,31,"Vaginal"
"10249.C052.02SS",1,52,"Vaginal"
"10249.C052.08SS",188,52,"Vaginal"
"10249.C052.09SS",245,52,"Vaginal"
"10249.C049.03SS",32,49,"Vaginal"
"10249.C049.11SS",243,49,"Vaginal"
"10249.C049.14SS",337,49,"Vaginal"
"10249.C008.02SS",31,8,"Vaginal"
"10249.C008.09SS",250,8,"Vaginal"
"10249.C008.13SS",437,8,"Vaginal"
"10249.C016.01SS",1,16,"Vaginal"
"10249.C016.04SS",45,16,"Vaginal"
"10249.C016.08SS",152,16,"Vaginal"
"10249.C045.01SS",0,45,"Vaginal"
"10249.C045.03SS",61,45,"Vaginal"
"10249.C045.12SS",344,45,"Vaginal"
"10249.C047.06SS",126,47,"Cesarean"
"10249.C047.08SS",185,47,"Cesarean"
"10249.C047.11SS",277,47,"Cesarean"
