"","day_of_life","studyid","delivery"
"10249.C018.06SS",189,18,"Vaginal"
"10249.C018.15SS",548,18,"Vaginal"
"10249.C036.01SS",0,36,"Cesarean"
"10249.C036.11SS",334,36,"Cesarean"
"10249.C020.03SS",9,20,"Cesarean"
"10249.C020.18SS",365,20,"Cesarean"
"10249.C024.14SS",337,24,"Vaginal"
"10249.C024.18SS",551,24,"Vaginal"
"10249.C043.03SS",61,43,"Vaginal"
"10249.C043.17SS",550,43,"Vaginal"
"10249.C017.06SS",63,17,"Vaginal"
"10249.C017.09SS",152,17,"Vaginal"
"10249.C009.06SS",155,9,"Vaginal"
"10249.C009.16SS",555,9,"Vaginal"
"10249.C027.12SS",289,27,"Vaginal"
"10249.C027.16SS",429,27,"Vaginal"
"10249.C046.05SS",124,46,"Cesarean"
"10249.C046.07SS",184,46,"Cesarean"
"10249.C030.05SS",90,30,"Vaginal"
"10249.C030.06SS",122,30,"Vaginal"
"10249.C033.11SS",272,33,"Vaginal"
"10249.C033.19SS",670,33,"Vaginal"
"10249.C042.11SS",310,42,"Vaginal"
"10249.C042.17SS",616,42,"Vaginal"
"10249.C032.03SS",52,32,"Vaginal"
"10249.C032.22SS",734,32,"Vaginal"
"10249.C004.05SS",124,4,"Cesarean"
"10249.C004.12SS",278,4,"Cesarean"
"10249.C001.09SS",153,1,"Vaginal"
"10249.C001.20SS",378,1,"Vaginal"
"10249.C034.02SS",34,34,"Cesarean"
"10249.C034.17SS",539,34,"Cesarean"
"10249.C057.04SS",91,57,"Cesarean"
"10249.C057.08SS",215,57,"Cesarean"
"10249.C041.08SS",186,41,"Vaginal"
"10249.C041.09SS",214,41,"Vaginal"
"10249.C011.09SS",273,11,"Cesarean"
"10249.C011.14SS",486,11,"Cesarean"
"10249.C010.15SS",368,10,"Vaginal"
"10249.C010.16SS",431,10,"Vaginal"
"10249.C056.04SS",31,56,"Cesarean"
"10249.C056.09SS",184,56,"Cesarean"
"10249.C014.06SS",154,14,"Vaginal"
"10249.C014.08SS",211,14,"Vaginal"
"10249.C007.01SS",1,7,"Cesarean"
"10249.C007.05SS",93,7,"Cesarean"
"10249.C021.09SS",347,21,"Cesarean"
"10249.C021.12SS",499,21,"Cesarean"
"10249.C012.09SS",188,12,"Cesarean"
"10249.C012.16SS",426,12,"Cesarean"
"10249.C022.13SS",370,22,"Vaginal"
"10249.C022.15SS",489,22,"Vaginal"
"10249.C044.15SS",424,44,"Vaginal"
"10249.C044.16SS",497,44,"Vaginal"
"10249.C035.01SS",0,35,"Vaginal"
"10249.C035.12SS",334,35,"Vaginal"
"10249.C037.12SS",335,37,"Cesarean"
"10249.C037.17SS",612,37,"Cesarean"
"10249.C005.02SS",29,5,"Cesarean"
"10249.C005.12SS",304,5,"Cesarean"
"10249.C038.11SS",278,38,"Vaginal"
"10249.C038.13SS",334,38,"Vaginal"
"10249.C053.02SS",30,53,"Cesarean"
"10249.C053.08SS",183,53,"Cesarean"
"10249.C025.03SS",42,25,"Cesarean"
"10249.C025.17SS",548,25,"Cesarean"
"10249.C002.01SS",0,2,"Cesarean"
"10249.C002.18SS",678,2,"Cesarean"
"10249.C055.07SS",155,55,"Cesarean"
"10249.C055.08SS",183,55,"Cesarean"
"10249.C031.18SS",547,31,"Vaginal"
"10249.C031.20SS",666,31,"Vaginal"
"10249.C052.06SS",127,52,"Vaginal"
"10249.C052.08SS",188,52,"Vaginal"
"10249.C049.09SS",181,49,"Vaginal"
"10249.C049.14SS",337,49,"Vaginal"
"10249.C008.14SS",490,8,"Vaginal"
"10249.C008.15SS",552,8,"Vaginal"
"10249.C016.17SS",428,16,"Vaginal"
"10249.C016.21SS",672,16,"Vaginal"
"10249.C045.02SS",31,45,"Vaginal"
"10249.C045.10SS",276,45,"Vaginal"
"10249.C047.09SS",221,47,"Cesarean"
"10249.C047.13SS",347,47,"Cesarean"
