"","day_of_life","studyid","delivery"
"10249.C018.03SS",90,18,"Vaginal"
"10249.C018.13SS",425,18,"Vaginal"
"10249.C018.14SS",489,18,"Vaginal"
"10249.C018.15SS",548,18,"Vaginal"
"10249.C018.16SS",606,18,"Vaginal"
"10249.C036.04SS",126,36,"Cesarean"
"10249.C036.09SS",276,36,"Cesarean"
"10249.C036.11SS",334,36,"Cesarean"
"10249.C036.15SS",559,36,"Cesarean"
"10249.C036.16SS",610,36,"Cesarean"
"10249.C020.01SS",0,20,"Cesarean"
"10249.C020.10SS",123,20,"Cesarean"
"10249.C020.12SS",180,20,"Cesarean"
"10249.C020.21SS",551,20,"Cesarean"
"10249.C020.25SS",604,20,"Cesarean"
"10249.C024.02SS",33,24,"Vaginal"
"10249.C024.13SS",310,24,"Vaginal"
"10249.C024.16SS",416,24,"Vaginal"
"10249.C024.17SS",490,24,"Vaginal"
"10249.C024.21SS",734,24,"Vaginal"
"10249.C043.02SS",35,43,"Vaginal"
"10249.C043.08SS",217,43,"Vaginal"
"10249.C043.11SS",306,43,"Vaginal"
"10249.C043.17SS",550,43,"Vaginal"
"10249.C043.20SS",616,43,"Vaginal"
"10249.C017.01SS",0,17,"Vaginal"
"10249.C017.04SS",32,17,"Vaginal"
"10249.C017.06SS",63,17,"Vaginal"
"10249.C017.08SS",123,17,"Vaginal"
"10249.C017.12SS",247,17,"Vaginal"
"10249.C009.07SS",185,9,"Vaginal"
"10249.C009.08SS",214,9,"Vaginal"
"10249.C009.12SS",339,9,"Vaginal"
"10249.C009.13SS",366,9,"Vaginal"
"10249.C009.14SS",429,9,"Vaginal"
"10249.C027.01SS",1,27,"Vaginal"
"10249.C027.12SS",289,27,"Vaginal"
"10249.C027.15SS",370,27,"Vaginal"
"10249.C027.17SS",489,27,"Vaginal"
"10249.C027.21SS",736,27,"Vaginal"
"10249.C046.06SS",151,46,"Cesarean"
"10249.C046.08SS",211,46,"Cesarean"
"10249.C046.09SS",244,46,"Cesarean"
"10249.C046.13SS",366,46,"Cesarean"
"10249.C046.14SS",433,46,"Cesarean"
"10249.C030.01SS",0,30,"Vaginal"
"10249.C030.05SS",90,30,"Vaginal"
"10249.C030.06SS",122,30,"Vaginal"
"10249.C030.18SS",554,30,"Vaginal"
"10249.C030.20SS",674,30,"Vaginal"
"10249.C033.05SS",147,33,"Vaginal"
"10249.C033.06SS",180,33,"Vaginal"
"10249.C033.14SS",365,33,"Vaginal"
"10249.C033.15SS",427,33,"Vaginal"
"10249.C033.18SS",608,33,"Vaginal"
"10249.C042.05SS",122,42,"Vaginal"
"10249.C042.08SS",216,42,"Vaginal"
"10249.C042.10SS",277,42,"Vaginal"
"10249.C042.16SS",557,42,"Vaginal"
"10249.C042.17SS",616,42,"Vaginal"
"10249.C032.05SS",91,32,"Vaginal"
"10249.C032.07SS",153,32,"Vaginal"
"10249.C032.09SS",209,32,"Vaginal"
"10249.C032.15SS",370,32,"Vaginal"
"10249.C032.16SS",422,32,"Vaginal"
"10249.C004.04SS",91,4,"Cesarean"
"10249.C004.05SS",124,4,"Cesarean"
"10249.C004.11SS",266,4,"Cesarean"
"10249.C004.12SS",278,4,"Cesarean"
"10249.C004.14SS",340,4,"Cesarean"
"10249.C001.16SS",307,1,"Vaginal"
"10249.C001.19SS",375,1,"Vaginal"
"10249.C001.26SS",427,1,"Vaginal"
"10249.C001.29SS",488,1,"Vaginal"
"10249.C001.30SS",551,1,"Vaginal"
"10249.C034.02SS",34,34,"Cesarean"
"10249.C034.03SS",45,34,"Cesarean"
"10249.C034.07SS",166,34,"Cesarean"
"10249.C034.08SS",183,34,"Cesarean"
"10249.C034.13SS",335,34,"Cesarean"
"10249.C057.03SS",62,57,"Cesarean"
"10249.C057.08SS",215,57,"Cesarean"
"10249.C057.09SS",238,57,"Cesarean"
"10249.C057.10SS",244,57,"Cesarean"
"10249.C057.11SS",277,57,"Cesarean"
"10249.C041.02SS",32,41,"Vaginal"
"10249.C041.11SS",246,41,"Vaginal"
"10249.C041.13SS",310,41,"Vaginal"
"10249.C041.17SS",488,41,"Vaginal"
"10249.C041.19SS",618,41,"Vaginal"
"10249.C011.05SS",156,11,"Cesarean"
"10249.C011.08SS",247,11,"Cesarean"
"10249.C011.09SS",273,11,"Cesarean"
"10249.C011.11SS",338,11,"Cesarean"
"10249.C011.19SS",737,11,"Cesarean"
"10249.C010.04SS",43,10,"Vaginal"
"10249.C010.14SS",337,10,"Vaginal"
"10249.C010.15SS",368,10,"Vaginal"
"10249.C010.16SS",431,10,"Vaginal"
"10249.C010.19SS",677,10,"Vaginal"
"10249.C056.01SS",0,56,"Cesarean"
"10249.C056.05SS",65,56,"Cesarean"
"10249.C056.06SS",93,56,"Cesarean"
"10249.C056.07SS",122,56,"Cesarean"
"10249.C056.10SS",215,56,"Cesarean"
"10249.C014.02SS",31,14,"Vaginal"
"10249.C014.03SS",71,14,"Vaginal"
"10249.C014.07SS",184,14,"Vaginal"
"10249.C014.08SS",211,14,"Vaginal"
"10249.C014.15SS",426,14,"Vaginal"
"10249.C007.03SS",49,7,"Cesarean"
"10249.C007.08SS",183,7,"Cesarean"
"10249.C007.16SS",334,7,"Cesarean"
"10249.C007.20SS",551,7,"Cesarean"
"10249.C007.21SS",608,7,"Cesarean"
"10249.C021.01SS",1,21,"Cesarean"
"10249.C021.02SS",2,21,"Cesarean"
"10249.C021.04SS",94,21,"Cesarean"
"10249.C021.07SS",245,21,"Cesarean"
"10249.C021.12SS",499,21,"Cesarean"
"10249.C012.01SS",2,12,"Cesarean"
"10249.C012.02SS",29,12,"Cesarean"
"10249.C012.03SS",40,12,"Cesarean"
"10249.C012.04SS",62,12,"Cesarean"
"10249.C012.09SS",188,12,"Cesarean"
"10249.C022.03SS",63,22,"Vaginal"
"10249.C022.06SS",153,22,"Vaginal"
"10249.C022.10SS",273,22,"Vaginal"
"10249.C022.18SS",671,22,"Vaginal"
"10249.C022.19SS",737,22,"Vaginal"
"10249.C044.04SS",62,44,"Vaginal"
"10249.C044.06SS",127,44,"Vaginal"
"10249.C044.08SS",186,44,"Vaginal"
"10249.C044.13SS",334,44,"Vaginal"
"10249.C044.17SS",553,44,"Vaginal"
"10249.C035.01SS",0,35,"Vaginal"
"10249.C035.05SS",122,35,"Vaginal"
"10249.C035.10SS",277,35,"Vaginal"
"10249.C035.12SS",334,35,"Vaginal"
"10249.C035.14SS",427,35,"Vaginal"
"10249.C037.01SS",1,37,"Cesarean"
"10249.C037.09SS",253,37,"Cesarean"
"10249.C037.10SS",274,37,"Cesarean"
"10249.C037.14SS",426,37,"Cesarean"
"10249.C037.15SS",497,37,"Cesarean"
"10249.C005.01SS",1,5,"Cesarean"
"10249.C005.02SS",29,5,"Cesarean"
"10249.C005.14SS",367,5,"Cesarean"
"10249.C005.15SS",428,5,"Cesarean"
"10249.C005.18SS",612,5,"Cesarean"
"10249.C038.01SS",2,38,"Vaginal"
"10249.C038.04SS",61,38,"Vaginal"
"10249.C038.07SS",153,38,"Vaginal"
"10249.C038.15SS",428,38,"Vaginal"
"10249.C038.16SS",487,38,"Vaginal"
"10249.C053.02SS",30,53,"Cesarean"
"10249.C053.04SS",62,53,"Cesarean"
"10249.C053.05SS",95,53,"Cesarean"
"10249.C053.07SS",153,53,"Cesarean"
"10249.C053.08SS",183,53,"Cesarean"
"10249.C025.04SS",60,25,"Cesarean"
"10249.C025.08SS",183,25,"Cesarean"
"10249.C025.09SS",211,25,"Cesarean"
"10249.C025.18SS",615,25,"Cesarean"
"10249.C025.20SS",734,25,"Cesarean"
"10249.C002.04SS",60,2,"Cesarean"
"10249.C002.09SS",249,2,"Cesarean"
"10249.C002.13SS",369,2,"Cesarean"
"10249.C002.16SS",555,2,"Cesarean"
"10249.C002.19SS",731,2,"Cesarean"
"10249.C055.01SS",0,55,"Cesarean"
"10249.C055.05SS",91,55,"Cesarean"
"10249.C055.06SS",120,55,"Cesarean"
"10249.C055.07SS",155,55,"Cesarean"
"10249.C055.08SS",183,55,"Cesarean"
"10249.C031.03SS",41,31,"Vaginal"
"10249.C031.11SS",275,31,"Vaginal"
"10249.C031.16SS",428,31,"Vaginal"
"10249.C031.18SS",547,31,"Vaginal"
"10249.C031.19SS",618,31,"Vaginal"
"10249.C052.02SS",1,52,"Vaginal"
"10249.C052.03SS",32,52,"Vaginal"
"10249.C052.04SS",62,52,"Vaginal"
"10249.C052.07SS",154,52,"Vaginal"
"10249.C052.09SS",245,52,"Vaginal"
"10249.C049.01SS",4,49,"Vaginal"
"10249.C049.03SS",32,49,"Vaginal"
"10249.C049.04SS",60,49,"Vaginal"
"10249.C049.08SS",154,49,"Vaginal"
"10249.C049.14SS",337,49,"Vaginal"
"10249.C008.02SS",31,8,"Vaginal"
"10249.C008.04SS",126,8,"Vaginal"
"10249.C008.09SS",250,8,"Vaginal"
"10249.C008.13SS",437,8,"Vaginal"
"10249.C008.16SS",615,8,"Vaginal"
"10249.C016.05SS",64,16,"Vaginal"
"10249.C016.14SS",333,16,"Vaginal"
"10249.C016.18SS",489,16,"Vaginal"
"10249.C016.19SS",549,16,"Vaginal"
"10249.C016.22SS",733,16,"Vaginal"
"10249.C045.05SS",120,45,"Vaginal"
"10249.C045.06SS",154,45,"Vaginal"
"10249.C045.09SS",245,45,"Vaginal"
"10249.C045.10SS",276,45,"Vaginal"
"10249.C045.12SS",344,45,"Vaginal"
"10249.C047.05SS",94,47,"Cesarean"
"10249.C047.06SS",126,47,"Cesarean"
"10249.C047.07SS",156,47,"Cesarean"
"10249.C047.08SS",185,47,"Cesarean"
"10249.C047.13SS",347,47,"Cesarean"
