"","day_of_life","studyid","delivery"
"10249.C018.07SS",214,18,"Vaginal"
"10249.C018.08SS",244,18,"Vaginal"
"10249.C018.13SS",425,18,"Vaginal"
"10249.C036.03SS",65,36,"Cesarean"
"10249.C036.15SS",559,36,"Cesarean"
"10249.C036.16SS",610,36,"Cesarean"
"10249.C020.05SS",13,20,"Cesarean"
"10249.C020.12SS",180,20,"Cesarean"
"10249.C020.25SS",604,20,"Cesarean"
"10249.C024.04SS",61,24,"Vaginal"
"10249.C024.10SS",213,24,"Vaginal"
"10249.C024.15SS",373,24,"Vaginal"
"10249.C043.04SS",96,43,"Vaginal"
"10249.C043.16SS",490,43,"Vaginal"
"10249.C043.20SS",616,43,"Vaginal"
"10249.C017.05SS",45,17,"Vaginal"
"10249.C017.10SS",179,17,"Vaginal"
"10249.C017.11SS",216,17,"Vaginal"
"10249.C009.01SS",1,9,"Vaginal"
"10249.C009.16SS",555,9,"Vaginal"
"10249.C009.17SS",613,9,"Vaginal"
"10249.C027.08SS",211,27,"Vaginal"
"10249.C027.10SS",275,27,"Vaginal"
"10249.C027.18SS",551,27,"Vaginal"
"10249.C046.02SS",31,46,"Cesarean"
"10249.C046.04SS",93,46,"Cesarean"
"10249.C046.06SS",151,46,"Cesarean"
"10249.C030.17SS",495,30,"Vaginal"
"10249.C030.18SS",554,30,"Vaginal"
"10249.C030.19SS",606,30,"Vaginal"
"10249.C033.06SS",180,33,"Vaginal"
"10249.C033.15SS",427,33,"Vaginal"
"10249.C033.16SS",485,33,"Vaginal"
"10249.C042.15SS",493,42,"Vaginal"
"10249.C042.16SS",557,42,"Vaginal"
"10249.C042.17SS",616,42,"Vaginal"
"10249.C032.16SS",422,32,"Vaginal"
"10249.C032.17SS",485,32,"Vaginal"
"10249.C032.21SS",674,32,"Vaginal"
"10249.C004.06SS",154,4,"Cesarean"
"10249.C004.09SS",245,4,"Cesarean"
"10249.C004.15SS",366,4,"Cesarean"
"10249.C001.08SS",122,1,"Vaginal"
"10249.C001.20SS",378,1,"Vaginal"
"10249.C001.27SS",435,1,"Vaginal"
"10249.C034.01SS",1,34,"Cesarean"
"10249.C034.06SS",119,34,"Cesarean"
"10249.C034.17SS",539,34,"Cesarean"
"10249.C057.02SS",31,57,"Cesarean"
"10249.C057.06SS",157,57,"Cesarean"
"10249.C057.10SS",244,57,"Cesarean"
"10249.C041.09SS",214,41,"Vaginal"
"10249.C041.16SS",424,41,"Vaginal"
"10249.C041.17SS",488,41,"Vaginal"
"10249.C011.02SS",36,11,"Cesarean"
"10249.C011.04SS",120,11,"Cesarean"
"10249.C011.06SS",187,11,"Cesarean"
"10249.C010.08SS",152,10,"Vaginal"
"10249.C010.11SS",246,10,"Vaginal"
"10249.C010.18SS",613,10,"Vaginal"
"10249.C056.04SS",31,56,"Cesarean"
"10249.C056.06SS",93,56,"Cesarean"
"10249.C056.07SS",122,56,"Cesarean"
"10249.C014.07SS",184,14,"Vaginal"
"10249.C014.15SS",426,14,"Vaginal"
"10249.C014.18SS",614,14,"Vaginal"
"10249.C007.03SS",49,7,"Cesarean"
"10249.C007.04SS",66,7,"Cesarean"
"10249.C007.10SS",219,7,"Cesarean"
"10249.C021.03SS",37,21,"Cesarean"
"10249.C021.04SS",94,21,"Cesarean"
"10249.C021.06SS",188,21,"Cesarean"
"10249.C012.12SS",272,12,"Cesarean"
"10249.C012.17SS",490,12,"Cesarean"
"10249.C012.20SS",675,12,"Cesarean"
"10249.C022.02SS",32,22,"Vaginal"
"10249.C022.07SS",182,22,"Vaginal"
"10249.C022.18SS",671,22,"Vaginal"
"10249.C044.01SS",1,44,"Vaginal"
"10249.C044.03SS",41,44,"Vaginal"
"10249.C044.06SS",127,44,"Vaginal"
"10249.C035.01SS",0,35,"Vaginal"
"10249.C035.02SS",31,35,"Vaginal"
"10249.C035.09SS",244,35,"Vaginal"
"10249.C037.08SS",215,37,"Cesarean"
"10249.C037.13SS",375,37,"Cesarean"
"10249.C037.16SS",554,37,"Cesarean"
"10249.C005.07SS",155,5,"Cesarean"
"10249.C005.11SS",276,5,"Cesarean"
"10249.C005.14SS",367,5,"Cesarean"
"10249.C038.01SS",2,38,"Vaginal"
"10249.C038.06SS",123,38,"Vaginal"
"10249.C038.07SS",153,38,"Vaginal"
"10249.C053.04SS",62,53,"Cesarean"
"10249.C053.06SS",123,53,"Cesarean"
"10249.C053.09SS",214,53,"Cesarean"
"10249.C025.03SS",42,25,"Cesarean"
"10249.C025.12SS",303,25,"Cesarean"
"10249.C025.20SS",734,25,"Cesarean"
"10249.C002.03SS",53,2,"Cesarean"
"10249.C002.11SS",315,2,"Cesarean"
"10249.C002.18SS",678,2,"Cesarean"
"10249.C055.05SS",91,55,"Cesarean"
"10249.C055.07SS",155,55,"Cesarean"
"10249.C055.08SS",183,55,"Cesarean"
"10249.C031.01SS",0,31,"Vaginal"
"10249.C031.16SS",428,31,"Vaginal"
"10249.C031.19SS",618,31,"Vaginal"
"10249.C052.04SS",62,52,"Vaginal"
"10249.C052.07SS",154,52,"Vaginal"
"10249.C052.08SS",188,52,"Vaginal"
"10249.C049.10SS",213,49,"Vaginal"
"10249.C049.12SS",274,49,"Vaginal"
"10249.C049.13SS",305,49,"Vaginal"
"10249.C008.07SS",194,8,"Vaginal"
"10249.C008.09SS",250,8,"Vaginal"
"10249.C008.13SS",437,8,"Vaginal"
"10249.C016.04SS",45,16,"Vaginal"
"10249.C016.11SS",242,16,"Vaginal"
"10249.C016.22SS",733,16,"Vaginal"
"10249.C045.03SS",61,45,"Vaginal"
"10249.C045.12SS",344,45,"Vaginal"
"10249.C045.13SS",365,45,"Vaginal"
"10249.C047.06SS",126,47,"Cesarean"
"10249.C047.07SS",156,47,"Cesarean"
"10249.C047.09SS",221,47,"Cesarean"
