"","day_of_life","studyid","delivery"
"10249.C018.11SS",336,18,"Vaginal"
"10249.C018.12SS",373,18,"Vaginal"
"10249.C018.14SS",489,18,"Vaginal"
"10249.C018.16SS",606,18,"Vaginal"
"10249.C036.05SS",162,36,"Cesarean"
"10249.C036.13SS",425,36,"Cesarean"
"10249.C036.14SS",490,36,"Cesarean"
"10249.C036.16SS",610,36,"Cesarean"
"10249.C020.07SS",33,20,"Cesarean"
"10249.C020.14SS",243,20,"Cesarean"
"10249.C020.25SS",604,20,"Cesarean"
"10249.C020.26SS",670,20,"Cesarean"
"10249.C024.02SS",33,24,"Vaginal"
"10249.C024.13SS",310,24,"Vaginal"
"10249.C024.15SS",373,24,"Vaginal"
"10249.C024.19SS",611,24,"Vaginal"
"10249.C043.11SS",306,43,"Vaginal"
"10249.C043.15SS",428,43,"Vaginal"
"10249.C043.16SS",490,43,"Vaginal"
"10249.C043.20SS",616,43,"Vaginal"
"10249.C017.04SS",32,17,"Vaginal"
"10249.C017.06SS",63,17,"Vaginal"
"10249.C017.08SS",123,17,"Vaginal"
"10249.C017.09SS",152,17,"Vaginal"
"10249.C009.04SS",94,9,"Vaginal"
"10249.C009.07SS",185,9,"Vaginal"
"10249.C009.11SS",305,9,"Vaginal"
"10249.C009.12SS",339,9,"Vaginal"
"10249.C027.08SS",211,27,"Vaginal"
"10249.C027.18SS",551,27,"Vaginal"
"10249.C027.19SS",607,27,"Vaginal"
"10249.C027.21SS",736,27,"Vaginal"
"10249.C046.02SS",31,46,"Cesarean"
"10249.C046.03SS",54,46,"Cesarean"
"10249.C046.04SS",93,46,"Cesarean"
"10249.C046.12SS",336,46,"Cesarean"
"10249.C030.06SS",122,30,"Vaginal"
"10249.C030.09SS",214,30,"Vaginal"
"10249.C030.18SS",554,30,"Vaginal"
"10249.C030.20SS",674,30,"Vaginal"
"10249.C033.06SS",180,33,"Vaginal"
"10249.C033.10SS",240,33,"Vaginal"
"10249.C033.13SS",340,33,"Vaginal"
"10249.C033.15SS",427,33,"Vaginal"
"10249.C042.02SS",31,42,"Vaginal"
"10249.C042.04SS",91,42,"Vaginal"
"10249.C042.14SS",438,42,"Vaginal"
"10249.C042.15SS",493,42,"Vaginal"
"10249.C032.01SS",1,32,"Vaginal"
"10249.C032.03SS",52,32,"Vaginal"
"10249.C032.17SS",485,32,"Vaginal"
"10249.C032.20SS",609,32,"Vaginal"
"10249.C004.04SS",91,4,"Cesarean"
"10249.C004.07SS",186,4,"Cesarean"
"10249.C004.14SS",340,4,"Cesarean"
"10249.C004.15SS",366,4,"Cesarean"
"10249.C001.01SS",0,1,"Vaginal"
"10249.C001.20SS",378,1,"Vaginal"
"10249.C001.25SS",411,1,"Vaginal"
"10249.C001.29SS",488,1,"Vaginal"
"10249.C034.01SS",1,34,"Cesarean"
"10249.C034.10SS",243,34,"Cesarean"
"10249.C034.13SS",335,34,"Cesarean"
"10249.C034.15SS",424,34,"Cesarean"
"10249.C057.03SS",62,57,"Cesarean"
"10249.C057.04SS",91,57,"Cesarean"
"10249.C057.09SS",238,57,"Cesarean"
"10249.C057.10SS",244,57,"Cesarean"
"10249.C041.01SS",0,41,"Vaginal"
"10249.C041.08SS",186,41,"Vaginal"
"10249.C041.13SS",310,41,"Vaginal"
"10249.C041.16SS",424,41,"Vaginal"
"10249.C011.06SS",187,11,"Cesarean"
"10249.C011.09SS",273,11,"Cesarean"
"10249.C011.14SS",486,11,"Cesarean"
"10249.C011.17SS",610,11,"Cesarean"
"10249.C010.04SS",43,10,"Vaginal"
"10249.C010.05SS",60,10,"Vaginal"
"10249.C010.08SS",152,10,"Vaginal"
"10249.C010.19SS",677,10,"Vaginal"
"10249.C056.01SS",0,56,"Cesarean"
"10249.C056.02SS",1,56,"Cesarean"
"10249.C056.06SS",93,56,"Cesarean"
"10249.C056.09SS",184,56,"Cesarean"
"10249.C014.04SS",92,14,"Vaginal"
"10249.C014.06SS",154,14,"Vaginal"
"10249.C014.10SS",276,14,"Vaginal"
"10249.C014.20SS",737,14,"Vaginal"
"10249.C007.06SS",127,7,"Cesarean"
"10249.C007.10SS",219,7,"Cesarean"
"10249.C007.11SS",243,7,"Cesarean"
"10249.C007.22SS",669,7,"Cesarean"
"10249.C021.04SS",94,21,"Cesarean"
"10249.C021.05SS",161,21,"Cesarean"
"10249.C021.09SS",347,21,"Cesarean"
"10249.C021.12SS",499,21,"Cesarean"
"10249.C012.08SS",154,12,"Cesarean"
"10249.C012.13SS",305,12,"Cesarean"
"10249.C012.14SS",335,12,"Cesarean"
"10249.C012.19SS",609,12,"Cesarean"
"10249.C022.04SS",96,22,"Vaginal"
"10249.C022.07SS",182,22,"Vaginal"
"10249.C022.13SS",370,22,"Vaginal"
"10249.C022.16SS",551,22,"Vaginal"
"10249.C044.07SS",155,44,"Vaginal"
"10249.C044.12SS",307,44,"Vaginal"
"10249.C044.15SS",424,44,"Vaginal"
"10249.C044.17SS",553,44,"Vaginal"
"10249.C035.04SS",91,35,"Vaginal"
"10249.C035.08SS",214,35,"Vaginal"
"10249.C035.10SS",277,35,"Vaginal"
"10249.C035.16SS",551,35,"Vaginal"
"10249.C037.06SS",156,37,"Cesarean"
"10249.C037.07SS",199,37,"Cesarean"
"10249.C037.08SS",215,37,"Cesarean"
"10249.C037.14SS",426,37,"Cesarean"
"10249.C005.04SS",63,5,"Cesarean"
"10249.C005.14SS",367,5,"Cesarean"
"10249.C005.17SS",549,5,"Cesarean"
"10249.C005.19SS",667,5,"Cesarean"
"10249.C038.07SS",153,38,"Vaginal"
"10249.C038.15SS",428,38,"Vaginal"
"10249.C038.16SS",487,38,"Vaginal"
"10249.C038.18SS",610,38,"Vaginal"
"10249.C053.03SS",45,53,"Cesarean"
"10249.C053.06SS",123,53,"Cesarean"
"10249.C053.07SS",153,53,"Cesarean"
"10249.C053.09SS",214,53,"Cesarean"
"10249.C025.06SS",124,25,"Cesarean"
"10249.C025.09SS",211,25,"Cesarean"
"10249.C025.15SS",428,25,"Cesarean"
"10249.C025.20SS",734,25,"Cesarean"
"10249.C002.03SS",53,2,"Cesarean"
"10249.C002.04SS",60,2,"Cesarean"
"10249.C002.13SS",369,2,"Cesarean"
"10249.C002.15SS",488,2,"Cesarean"
"10249.C055.01SS",0,55,"Cesarean"
"10249.C055.03SS",41,55,"Cesarean"
"10249.C055.06SS",120,55,"Cesarean"
"10249.C055.08SS",183,55,"Cesarean"
"10249.C031.02SS",32,31,"Vaginal"
"10249.C031.18SS",547,31,"Vaginal"
"10249.C031.20SS",666,31,"Vaginal"
"10249.C031.21SS",729,31,"Vaginal"
"10249.C052.03SS",32,52,"Vaginal"
"10249.C052.04SS",62,52,"Vaginal"
"10249.C052.06SS",127,52,"Vaginal"
"10249.C052.09SS",245,52,"Vaginal"
"10249.C049.04SS",60,49,"Vaginal"
"10249.C049.07SS",124,49,"Vaginal"
"10249.C049.09SS",181,49,"Vaginal"
"10249.C049.13SS",305,49,"Vaginal"
"10249.C008.01SS",1,8,"Vaginal"
"10249.C008.10SS",273,8,"Vaginal"
"10249.C008.12SS",364,8,"Vaginal"
"10249.C008.13SS",437,8,"Vaginal"
"10249.C016.01SS",1,16,"Vaginal"
"10249.C016.06SS",92,16,"Vaginal"
"10249.C016.13SS",303,16,"Vaginal"
"10249.C016.22SS",733,16,"Vaginal"
"10249.C045.01SS",0,45,"Vaginal"
"10249.C045.08SS",213,45,"Vaginal"
"10249.C045.09SS",245,45,"Vaginal"
"10249.C045.10SS",276,45,"Vaginal"
"10249.C047.02SS",32,47,"Cesarean"
"10249.C047.06SS",126,47,"Cesarean"
"10249.C047.07SS",156,47,"Cesarean"
"10249.C047.10SS",249,47,"Cesarean"
