"","day_of_life","studyid","delivery"
"10249.C018.09SS",282,18,"Vaginal"
"10249.C018.12SS",373,18,"Vaginal"
"10249.C018.16SS",606,18,"Vaginal"
"10249.C036.09SS",276,36,"Cesarean"
"10249.C036.11SS",334,36,"Cesarean"
"10249.C036.13SS",425,36,"Cesarean"
"10249.C020.06SS",15,20,"Cesarean"
"10249.C020.10SS",123,20,"Cesarean"
"10249.C020.11SS",153,20,"Cesarean"
"10249.C024.02SS",33,24,"Vaginal"
"10249.C024.04SS",61,24,"Vaginal"
"10249.C024.17SS",490,24,"Vaginal"
"10249.C043.08SS",217,43,"Vaginal"
"10249.C043.10SS",275,43,"Vaginal"
"10249.C043.17SS",550,43,"Vaginal"
"10249.C017.02SS",2,17,"Vaginal"
"10249.C017.06SS",63,17,"Vaginal"
"10249.C017.12SS",247,17,"Vaginal"
"10249.C009.12SS",339,9,"Vaginal"
"10249.C009.16SS",555,9,"Vaginal"
"10249.C009.19SS",739,9,"Vaginal"
"10249.C027.02SS",35,27,"Vaginal"
"10249.C027.04SS",91,27,"Vaginal"
"10249.C027.20SS",673,27,"Vaginal"
"10249.C046.05SS",124,46,"Cesarean"
"10249.C046.09SS",244,46,"Cesarean"
"10249.C046.12SS",336,46,"Cesarean"
"10249.C030.03SS",44,30,"Vaginal"
"10249.C030.09SS",214,30,"Vaginal"
"10249.C030.17SS",495,30,"Vaginal"
"10249.C033.07SS",211,33,"Vaginal"
"10249.C033.08SS",230,33,"Vaginal"
"10249.C033.09SS",236,33,"Vaginal"
"10249.C042.07SS",182,42,"Vaginal"
"10249.C042.15SS",493,42,"Vaginal"
"10249.C042.17SS",616,42,"Vaginal"
"10249.C032.04SS",59,32,"Vaginal"
"10249.C032.13SS",337,32,"Vaginal"
"10249.C032.21SS",674,32,"Vaginal"
"10249.C004.02SS",31,4,"Cesarean"
"10249.C004.05SS",124,4,"Cesarean"
"10249.C004.12SS",278,4,"Cesarean"
"10249.C001.06SS",61,1,"Vaginal"
"10249.C001.07SS",92,1,"Vaginal"
"10249.C001.17SS",337,1,"Vaginal"
"10249.C034.03SS",45,34,"Cesarean"
"10249.C034.10SS",243,34,"Cesarean"
"10249.C034.14SS",369,34,"Cesarean"
"10249.C057.02SS",31,57,"Cesarean"
"10249.C057.05SS",125,57,"Cesarean"
"10249.C057.09SS",238,57,"Cesarean"
"10249.C041.13SS",310,41,"Vaginal"
"10249.C041.16SS",424,41,"Vaginal"
"10249.C041.19SS",618,41,"Vaginal"
"10249.C011.02SS",36,11,"Cesarean"
"10249.C011.05SS",156,11,"Cesarean"
"10249.C011.16SS",553,11,"Cesarean"
"10249.C010.04SS",43,10,"Vaginal"
"10249.C010.15SS",368,10,"Vaginal"
"10249.C010.20SS",737,10,"Vaginal"
"10249.C056.04SS",31,56,"Cesarean"
"10249.C056.07SS",122,56,"Cesarean"
"10249.C056.09SS",184,56,"Cesarean"
"10249.C014.05SS",121,14,"Vaginal"
"10249.C014.15SS",426,14,"Vaginal"
"10249.C014.16SS",486,14,"Vaginal"
"10249.C007.12SS",258,7,"Cesarean"
"10249.C007.20SS",551,7,"Cesarean"
"10249.C007.23SS",729,7,"Cesarean"
"10249.C021.02SS",2,21,"Cesarean"
"10249.C021.03SS",37,21,"Cesarean"
"10249.C021.12SS",499,21,"Cesarean"
"10249.C012.04SS",62,12,"Cesarean"
"10249.C012.12SS",272,12,"Cesarean"
"10249.C012.22SS",739,12,"Cesarean"
"10249.C022.03SS",63,22,"Vaginal"
"10249.C022.15SS",489,22,"Vaginal"
"10249.C022.16SS",551,22,"Vaginal"
"10249.C044.04SS",62,44,"Vaginal"
"10249.C044.13SS",334,44,"Vaginal"
"10249.C044.15SS",424,44,"Vaginal"
"10249.C035.13SS",367,35,"Vaginal"
"10249.C035.14SS",427,35,"Vaginal"
"10249.C035.17SS",608,35,"Vaginal"
"10249.C037.05SS",123,37,"Cesarean"
"10249.C037.13SS",375,37,"Cesarean"
"10249.C037.18SS",674,37,"Cesarean"
"10249.C005.07SS",155,5,"Cesarean"
"10249.C005.09SS",213,5,"Cesarean"
"10249.C005.12SS",304,5,"Cesarean"
"10249.C038.08SS",187,38,"Vaginal"
"10249.C038.12SS",305,38,"Vaginal"
"10249.C038.16SS",487,38,"Vaginal"
"10249.C053.03SS",45,53,"Cesarean"
"10249.C053.05SS",95,53,"Cesarean"
"10249.C053.07SS",153,53,"Cesarean"
"10249.C025.16SS",489,25,"Cesarean"
"10249.C025.18SS",615,25,"Cesarean"
"10249.C025.19SS",666,25,"Cesarean"
"10249.C002.08SS",190,2,"Cesarean"
"10249.C002.11SS",315,2,"Cesarean"
"10249.C002.16SS",555,2,"Cesarean"
"10249.C055.02SS",30,55,"Cesarean"
"10249.C055.04SS",64,55,"Cesarean"
"10249.C055.09SS",211,55,"Cesarean"
"10249.C031.01SS",0,31,"Vaginal"
"10249.C031.05SS",89,31,"Vaginal"
"10249.C031.06SS",119,31,"Vaginal"
"10249.C052.06SS",127,52,"Vaginal"
"10249.C052.07SS",154,52,"Vaginal"
"10249.C052.09SS",245,52,"Vaginal"
"10249.C049.10SS",213,49,"Vaginal"
"10249.C049.11SS",243,49,"Vaginal"
"10249.C049.14SS",337,49,"Vaginal"
"10249.C008.06SS",189,8,"Vaginal"
"10249.C008.14SS",490,8,"Vaginal"
"10249.C008.16SS",615,8,"Vaginal"
"10249.C016.08SS",152,16,"Vaginal"
"10249.C016.18SS",489,16,"Vaginal"
"10249.C016.19SS",549,16,"Vaginal"
"10249.C045.04SS",91,45,"Vaginal"
"10249.C045.06SS",154,45,"Vaginal"
"10249.C045.09SS",245,45,"Vaginal"
"10249.C047.02SS",32,47,"Cesarean"
"10249.C047.05SS",94,47,"Cesarean"
"10249.C047.07SS",156,47,"Cesarean"
