"","day_of_life","studyid","delivery"
"10249.C018.01SS",2,18,"Vaginal"
"10249.C018.09SS",282,18,"Vaginal"
"10249.C018.14SS",489,18,"Vaginal"
"10249.C018.15SS",548,18,"Vaginal"
"10249.C018.16SS",606,18,"Vaginal"
"10249.C036.02SS",42,36,"Cesarean"
"10249.C036.07SS",216,36,"Cesarean"
"10249.C036.08SS",243,36,"Cesarean"
"10249.C036.10SS",308,36,"Cesarean"
"10249.C036.15SS",559,36,"Cesarean"
"10249.C020.01SS",0,20,"Cesarean"
"10249.C020.08SS",69,20,"Cesarean"
"10249.C020.20SS",487,20,"Cesarean"
"10249.C020.21SS",551,20,"Cesarean"
"10249.C020.26SS",670,20,"Cesarean"
"10249.C024.16SS",416,24,"Vaginal"
"10249.C024.18SS",551,24,"Vaginal"
"10249.C024.19SS",611,24,"Vaginal"
"10249.C024.20SS",673,24,"Vaginal"
"10249.C024.21SS",734,24,"Vaginal"
"10249.C043.02SS",35,43,"Vaginal"
"10249.C043.04SS",96,43,"Vaginal"
"10249.C043.05SS",126,43,"Vaginal"
"10249.C043.11SS",306,43,"Vaginal"
"10249.C043.15SS",428,43,"Vaginal"
"10249.C017.01SS",0,17,"Vaginal"
"10249.C017.04SS",32,17,"Vaginal"
"10249.C017.06SS",63,17,"Vaginal"
"10249.C017.09SS",152,17,"Vaginal"
"10249.C017.11SS",216,17,"Vaginal"
"10249.C009.07SS",185,9,"Vaginal"
"10249.C009.09SS",246,9,"Vaginal"
"10249.C009.13SS",366,9,"Vaginal"
"10249.C009.14SS",429,9,"Vaginal"
"10249.C009.17SS",613,9,"Vaginal"
"10249.C027.02SS",35,27,"Vaginal"
"10249.C027.04SS",91,27,"Vaginal"
"10249.C027.10SS",275,27,"Vaginal"
"10249.C027.12SS",289,27,"Vaginal"
"10249.C027.15SS",370,27,"Vaginal"
"10249.C046.05SS",124,46,"Cesarean"
"10249.C046.08SS",211,46,"Cesarean"
"10249.C046.10SS",274,46,"Cesarean"
"10249.C046.11SS",306,46,"Cesarean"
"10249.C046.13SS",366,46,"Cesarean"
"10249.C030.06SS",122,30,"Vaginal"
"10249.C030.12SS",303,30,"Vaginal"
"10249.C030.13SS",334,30,"Vaginal"
"10249.C030.14SS",365,30,"Vaginal"
"10249.C030.18SS",554,30,"Vaginal"
"10249.C033.08SS",230,33,"Vaginal"
"10249.C033.09SS",236,33,"Vaginal"
"10249.C033.13SS",340,33,"Vaginal"
"10249.C033.15SS",427,33,"Vaginal"
"10249.C033.16SS",485,33,"Vaginal"
"10249.C042.05SS",122,42,"Vaginal"
"10249.C042.08SS",216,42,"Vaginal"
"10249.C042.11SS",310,42,"Vaginal"
"10249.C042.14SS",438,42,"Vaginal"
"10249.C042.15SS",493,42,"Vaginal"
"10249.C032.05SS",91,32,"Vaginal"
"10249.C032.13SS",337,32,"Vaginal"
"10249.C032.19SS",555,32,"Vaginal"
"10249.C032.20SS",609,32,"Vaginal"
"10249.C032.22SS",734,32,"Vaginal"
"10249.C004.06SS",154,4,"Cesarean"
"10249.C004.08SS",214,4,"Cesarean"
"10249.C004.10SS",257,4,"Cesarean"
"10249.C004.13SS",308,4,"Cesarean"
"10249.C004.15SS",366,4,"Cesarean"
"10249.C001.02SS",36,1,"Vaginal"
"10249.C001.09SS",153,1,"Vaginal"
"10249.C001.17SS",337,1,"Vaginal"
"10249.C001.30SS",551,1,"Vaginal"
"10249.C001.32SS",677,1,"Vaginal"
"10249.C034.02SS",34,34,"Cesarean"
"10249.C034.03SS",45,34,"Cesarean"
"10249.C034.14SS",369,34,"Cesarean"
"10249.C034.15SS",424,34,"Cesarean"
"10249.C034.16SS",483,34,"Cesarean"
"10249.C057.05SS",125,57,"Cesarean"
"10249.C057.08SS",215,57,"Cesarean"
"10249.C057.09SS",238,57,"Cesarean"
"10249.C057.10SS",244,57,"Cesarean"
"10249.C057.11SS",277,57,"Cesarean"
"10249.C041.03SS",64,41,"Vaginal"
"10249.C041.11SS",246,41,"Vaginal"
"10249.C041.14SS",339,41,"Vaginal"
"10249.C041.16SS",424,41,"Vaginal"
"10249.C041.19SS",618,41,"Vaginal"
"10249.C011.01SS",1,11,"Cesarean"
"10249.C011.04SS",120,11,"Cesarean"
"10249.C011.05SS",156,11,"Cesarean"
"10249.C011.10SS",303,11,"Cesarean"
"10249.C011.19SS",737,11,"Cesarean"
"10249.C010.03SS",39,10,"Vaginal"
"10249.C010.10SS",219,10,"Vaginal"
"10249.C010.13SS",305,10,"Vaginal"
"10249.C010.16SS",431,10,"Vaginal"
"10249.C010.18SS",613,10,"Vaginal"
"10249.C056.01SS",0,56,"Cesarean"
"10249.C056.05SS",65,56,"Cesarean"
"10249.C056.06SS",93,56,"Cesarean"
"10249.C056.09SS",184,56,"Cesarean"
"10249.C056.10SS",215,56,"Cesarean"
"10249.C014.03SS",71,14,"Vaginal"
"10249.C014.04SS",92,14,"Vaginal"
"10249.C014.13SS",368,14,"Vaginal"
"10249.C014.15SS",426,14,"Vaginal"
"10249.C014.17SS",549,14,"Vaginal"
"10249.C007.01SS",1,7,"Cesarean"
"10249.C007.05SS",93,7,"Cesarean"
"10249.C007.07SS",155,7,"Cesarean"
"10249.C007.21SS",608,7,"Cesarean"
"10249.C007.23SS",729,7,"Cesarean"
"10249.C021.03SS",37,21,"Cesarean"
"10249.C021.04SS",94,21,"Cesarean"
"10249.C021.08SS",306,21,"Cesarean"
"10249.C021.09SS",347,21,"Cesarean"
"10249.C021.12SS",499,21,"Cesarean"
"10249.C012.04SS",62,12,"Cesarean"
"10249.C012.09SS",188,12,"Cesarean"
"10249.C012.15SS",365,12,"Cesarean"
"10249.C012.18SS",560,12,"Cesarean"
"10249.C012.22SS",739,12,"Cesarean"
"10249.C022.04SS",96,22,"Vaginal"
"10249.C022.06SS",153,22,"Vaginal"
"10249.C022.10SS",273,22,"Vaginal"
"10249.C022.18SS",671,22,"Vaginal"
"10249.C022.19SS",737,22,"Vaginal"
"10249.C044.04SS",62,44,"Vaginal"
"10249.C044.06SS",127,44,"Vaginal"
"10249.C044.07SS",155,44,"Vaginal"
"10249.C044.08SS",186,44,"Vaginal"
"10249.C044.17SS",553,44,"Vaginal"
"10249.C035.03SS",61,35,"Vaginal"
"10249.C035.05SS",122,35,"Vaginal"
"10249.C035.08SS",214,35,"Vaginal"
"10249.C035.09SS",244,35,"Vaginal"
"10249.C035.13SS",367,35,"Vaginal"
"10249.C037.01SS",1,37,"Cesarean"
"10249.C037.07SS",199,37,"Cesarean"
"10249.C037.13SS",375,37,"Cesarean"
"10249.C037.14SS",426,37,"Cesarean"
"10249.C037.15SS",497,37,"Cesarean"
"10249.C005.03SS",43,5,"Cesarean"
"10249.C005.04SS",63,5,"Cesarean"
"10249.C005.15SS",428,5,"Cesarean"
"10249.C005.18SS",612,5,"Cesarean"
"10249.C005.19SS",667,5,"Cesarean"
"10249.C038.01SS",2,38,"Vaginal"
"10249.C038.08SS",187,38,"Vaginal"
"10249.C038.09SS",215,38,"Vaginal"
"10249.C038.12SS",305,38,"Vaginal"
"10249.C038.14SS",365,38,"Vaginal"
"10249.C053.02SS",30,53,"Cesarean"
"10249.C053.04SS",62,53,"Cesarean"
"10249.C053.07SS",153,53,"Cesarean"
"10249.C053.08SS",183,53,"Cesarean"
"10249.C053.09SS",214,53,"Cesarean"
"10249.C025.04SS",60,25,"Cesarean"
"10249.C025.06SS",124,25,"Cesarean"
"10249.C025.08SS",183,25,"Cesarean"
"10249.C025.17SS",548,25,"Cesarean"
"10249.C025.20SS",734,25,"Cesarean"
"10249.C002.03SS",53,2,"Cesarean"
"10249.C002.08SS",190,2,"Cesarean"
"10249.C002.15SS",488,2,"Cesarean"
"10249.C002.16SS",555,2,"Cesarean"
"10249.C002.18SS",678,2,"Cesarean"
"10249.C055.04SS",64,55,"Cesarean"
"10249.C055.05SS",91,55,"Cesarean"
"10249.C055.07SS",155,55,"Cesarean"
"10249.C055.08SS",183,55,"Cesarean"
"10249.C055.09SS",211,55,"Cesarean"
"10249.C031.09SS",210,31,"Vaginal"
"10249.C031.16SS",428,31,"Vaginal"
"10249.C031.17SS",491,31,"Vaginal"
"10249.C031.18SS",547,31,"Vaginal"
"10249.C031.20SS",666,31,"Vaginal"
"10249.C052.03SS",32,52,"Vaginal"
"10249.C052.04SS",62,52,"Vaginal"
"10249.C052.06SS",127,52,"Vaginal"
"10249.C052.08SS",188,52,"Vaginal"
"10249.C052.09SS",245,52,"Vaginal"
"10249.C049.03SS",32,49,"Vaginal"
"10249.C049.04SS",60,49,"Vaginal"
"10249.C049.08SS",154,49,"Vaginal"
"10249.C049.12SS",274,49,"Vaginal"
"10249.C049.14SS",337,49,"Vaginal"
"10249.C008.01SS",1,8,"Vaginal"
"10249.C008.05SS",159,8,"Vaginal"
"10249.C008.13SS",437,8,"Vaginal"
"10249.C008.14SS",490,8,"Vaginal"
"10249.C008.15SS",552,8,"Vaginal"
"10249.C016.01SS",1,16,"Vaginal"
"10249.C016.07SS",124,16,"Vaginal"
"10249.C016.11SS",242,16,"Vaginal"
"10249.C016.15SS",366,16,"Vaginal"
"10249.C016.22SS",733,16,"Vaginal"
"10249.C045.02SS",31,45,"Vaginal"
"10249.C045.04SS",91,45,"Vaginal"
"10249.C045.05SS",120,45,"Vaginal"
"10249.C045.10SS",276,45,"Vaginal"
"10249.C045.11SS",304,45,"Vaginal"
"10249.C047.02SS",32,47,"Cesarean"
"10249.C047.07SS",156,47,"Cesarean"
"10249.C047.10SS",249,47,"Cesarean"
"10249.C047.11SS",277,47,"Cesarean"
"10249.C047.13SS",347,47,"Cesarean"
