"","day_of_life","studyid","delivery"
"10249.C018.04SS",125,18,"Vaginal"
"10249.C018.07SS",214,18,"Vaginal"
"10249.C018.08SS",244,18,"Vaginal"
"10249.C018.15SS",548,18,"Vaginal"
"10249.C036.02SS",42,36,"Cesarean"
"10249.C036.04SS",126,36,"Cesarean"
"10249.C036.08SS",243,36,"Cesarean"
"10249.C036.16SS",610,36,"Cesarean"
"10249.C020.04SS",11,20,"Cesarean"
"10249.C020.09SS",95,20,"Cesarean"
"10249.C020.20SS",487,20,"Cesarean"
"10249.C020.24SS",599,20,"Cesarean"
"10249.C024.08SS",150,24,"Vaginal"
"10249.C024.17SS",490,24,"Vaginal"
"10249.C024.19SS",611,24,"Vaginal"
"10249.C024.20SS",673,24,"Vaginal"
"10249.C043.04SS",96,43,"Vaginal"
"10249.C043.07SS",189,43,"Vaginal"
"10249.C043.14SS",364,43,"Vaginal"
"10249.C043.16SS",490,43,"Vaginal"
"10249.C017.01SS",0,17,"Vaginal"
"10249.C017.05SS",45,17,"Vaginal"
"10249.C017.09SS",152,17,"Vaginal"
"10249.C017.12SS",247,17,"Vaginal"
"10249.C009.01SS",1,9,"Vaginal"
"10249.C009.02SS",31,9,"Vaginal"
"10249.C009.05SS",122,9,"Vaginal"
"10249.C009.09SS",246,9,"Vaginal"
"10249.C027.02SS",35,27,"Vaginal"
"10249.C027.07SS",181,27,"Vaginal"
"10249.C027.17SS",489,27,"Vaginal"
"10249.C027.19SS",607,27,"Vaginal"
"10249.C046.01SS",1,46,"Cesarean"
"10249.C046.03SS",54,46,"Cesarean"
"10249.C046.08SS",211,46,"Cesarean"
"10249.C046.14SS",433,46,"Cesarean"
"10249.C030.04SS",61,30,"Vaginal"
"10249.C030.08SS",183,30,"Vaginal"
"10249.C030.17SS",495,30,"Vaginal"
"10249.C030.18SS",554,30,"Vaginal"
"10249.C033.01SS",0,33,"Vaginal"
"10249.C033.02SS",32,33,"Vaginal"
"10249.C033.13SS",340,33,"Vaginal"
"10249.C033.16SS",485,33,"Vaginal"
"10249.C042.01SS",0,42,"Vaginal"
"10249.C042.05SS",122,42,"Vaginal"
"10249.C042.07SS",182,42,"Vaginal"
"10249.C042.16SS",557,42,"Vaginal"
"10249.C032.05SS",91,32,"Vaginal"
"10249.C032.07SS",153,32,"Vaginal"
"10249.C032.14SS",342,32,"Vaginal"
"10249.C032.16SS",422,32,"Vaginal"
"10249.C004.06SS",154,4,"Cesarean"
"10249.C004.07SS",186,4,"Cesarean"
"10249.C004.09SS",245,4,"Cesarean"
"10249.C004.10SS",257,4,"Cesarean"
"10249.C001.07SS",92,1,"Vaginal"
"10249.C001.19SS",375,1,"Vaginal"
"10249.C001.20SS",378,1,"Vaginal"
"10249.C001.29SS",488,1,"Vaginal"
"10249.C034.07SS",166,34,"Cesarean"
"10249.C034.10SS",243,34,"Cesarean"
"10249.C034.13SS",335,34,"Cesarean"
"10249.C034.15SS",424,34,"Cesarean"
"10249.C057.05SS",125,57,"Cesarean"
"10249.C057.06SS",157,57,"Cesarean"
"10249.C057.09SS",238,57,"Cesarean"
"10249.C057.10SS",244,57,"Cesarean"
"10249.C041.04SS",96,41,"Vaginal"
"10249.C041.06SS",157,41,"Vaginal"
"10249.C041.10SS",232,41,"Vaginal"
"10249.C041.19SS",618,41,"Vaginal"
"10249.C011.04SS",120,11,"Cesarean"
"10249.C011.05SS",156,11,"Cesarean"
"10249.C011.10SS",303,11,"Cesarean"
"10249.C011.16SS",553,11,"Cesarean"
"10249.C010.02SS",30,10,"Vaginal"
"10249.C010.04SS",43,10,"Vaginal"
"10249.C010.08SS",152,10,"Vaginal"
"10249.C010.12SS",275,10,"Vaginal"
"10249.C056.04SS",31,56,"Cesarean"
"10249.C056.06SS",93,56,"Cesarean"
"10249.C056.07SS",122,56,"Cesarean"
"10249.C056.10SS",215,56,"Cesarean"
"10249.C014.03SS",71,14,"Vaginal"
"10249.C014.13SS",368,14,"Vaginal"
"10249.C014.15SS",426,14,"Vaginal"
"10249.C014.19SS",675,14,"Vaginal"
"10249.C007.06SS",127,7,"Cesarean"
"10249.C007.07SS",155,7,"Cesarean"
"10249.C007.18SS",427,7,"Cesarean"
"10249.C007.21SS",608,7,"Cesarean"
"10249.C021.02SS",2,21,"Cesarean"
"10249.C021.05SS",161,21,"Cesarean"
"10249.C021.09SS",347,21,"Cesarean"
"10249.C021.13SS",559,21,"Cesarean"
"10249.C012.01SS",2,12,"Cesarean"
"10249.C012.07SS",146,12,"Cesarean"
"10249.C012.12SS",272,12,"Cesarean"
"10249.C012.16SS",426,12,"Cesarean"
"10249.C022.05SS",122,22,"Vaginal"
"10249.C022.13SS",370,22,"Vaginal"
"10249.C022.18SS",671,22,"Vaginal"
"10249.C022.19SS",737,22,"Vaginal"
"10249.C044.03SS",41,44,"Vaginal"
"10249.C044.06SS",127,44,"Vaginal"
"10249.C044.13SS",334,44,"Vaginal"
"10249.C044.17SS",553,44,"Vaginal"
"10249.C035.10SS",277,35,"Vaginal"
"10249.C035.12SS",334,35,"Vaginal"
"10249.C035.13SS",367,35,"Vaginal"
"10249.C035.16SS",551,35,"Vaginal"
"10249.C037.10SS",274,37,"Cesarean"
"10249.C037.14SS",426,37,"Cesarean"
"10249.C037.17SS",612,37,"Cesarean"
"10249.C037.18SS",674,37,"Cesarean"
"10249.C005.11SS",276,5,"Cesarean"
"10249.C005.13SS",332,5,"Cesarean"
"10249.C005.14SS",367,5,"Cesarean"
"10249.C005.20SS",735,5,"Cesarean"
"10249.C038.06SS",123,38,"Vaginal"
"10249.C038.11SS",278,38,"Vaginal"
"10249.C038.13SS",334,38,"Vaginal"
"10249.C038.15SS",428,38,"Vaginal"
"10249.C053.04SS",62,53,"Cesarean"
"10249.C053.05SS",95,53,"Cesarean"
"10249.C053.06SS",123,53,"Cesarean"
"10249.C053.07SS",153,53,"Cesarean"
"10249.C025.03SS",42,25,"Cesarean"
"10249.C025.08SS",183,25,"Cesarean"
"10249.C025.17SS",548,25,"Cesarean"
"10249.C025.19SS",666,25,"Cesarean"
"10249.C002.03SS",53,2,"Cesarean"
"10249.C002.08SS",190,2,"Cesarean"
"10249.C002.15SS",488,2,"Cesarean"
"10249.C002.19SS",731,2,"Cesarean"
"10249.C055.01SS",0,55,"Cesarean"
"10249.C055.02SS",30,55,"Cesarean"
"10249.C055.05SS",91,55,"Cesarean"
"10249.C055.09SS",211,55,"Cesarean"
"10249.C031.16SS",428,31,"Vaginal"
"10249.C031.18SS",547,31,"Vaginal"
"10249.C031.19SS",618,31,"Vaginal"
"10249.C031.20SS",666,31,"Vaginal"
"10249.C052.02SS",1,52,"Vaginal"
"10249.C052.03SS",32,52,"Vaginal"
"10249.C052.07SS",154,52,"Vaginal"
"10249.C052.08SS",188,52,"Vaginal"
"10249.C049.02SS",5,49,"Vaginal"
"10249.C049.03SS",32,49,"Vaginal"
"10249.C049.07SS",124,49,"Vaginal"
"10249.C049.09SS",181,49,"Vaginal"
"10249.C008.01SS",1,8,"Vaginal"
"10249.C008.07SS",194,8,"Vaginal"
"10249.C008.14SS",490,8,"Vaginal"
"10249.C008.16SS",615,8,"Vaginal"
"10249.C016.03SS",31,16,"Vaginal"
"10249.C016.07SS",124,16,"Vaginal"
"10249.C016.14SS",333,16,"Vaginal"
"10249.C016.21SS",672,16,"Vaginal"
"10249.C045.03SS",61,45,"Vaginal"
"10249.C045.05SS",120,45,"Vaginal"
"10249.C045.11SS",304,45,"Vaginal"
"10249.C045.12SS",344,45,"Vaginal"
"10249.C047.02SS",32,47,"Cesarean"
"10249.C047.06SS",126,47,"Cesarean"
"10249.C047.07SS",156,47,"Cesarean"
"10249.C047.10SS",249,47,"Cesarean"
