"","day_of_life","studyid","delivery"
"10249.C018.01SS",2,18,"Vaginal"
"10249.C018.07SS",214,18,"Vaginal"
"10249.C018.12SS",373,18,"Vaginal"
"10249.C036.13SS",425,36,"Cesarean"
"10249.C036.15SS",559,36,"Cesarean"
"10249.C036.16SS",610,36,"Cesarean"
"10249.C020.10SS",123,20,"Cesarean"
"10249.C020.17SS",334,20,"Cesarean"
"10249.C020.21SS",551,20,"Cesarean"
"10249.C024.03SS",43,24,"Vaginal"
"10249.C024.09SS",182,24,"Vaginal"
"10249.C024.17SS",490,24,"Vaginal"
"10249.C043.07SS",189,43,"Vaginal"
"10249.C043.17SS",550,43,"Vaginal"
"10249.C043.20SS",616,43,"Vaginal"
"10249.C017.02SS",2,17,"Vaginal"
"10249.C017.04SS",32,17,"Vaginal"
"10249.C017.06SS",63,17,"Vaginal"
"10249.C009.08SS",214,9,"Vaginal"
"10249.C009.10SS",273,9,"Vaginal"
"10249.C009.17SS",613,9,"Vaginal"
"10249.C027.16SS",429,27,"Vaginal"
"10249.C027.20SS",673,27,"Vaginal"
"10249.C027.21SS",736,27,"Vaginal"
"10249.C046.08SS",211,46,"Cesarean"
"10249.C046.10SS",274,46,"Cesarean"
"10249.C046.13SS",366,46,"Cesarean"
"10249.C030.06SS",122,30,"Vaginal"
"10249.C030.17SS",495,30,"Vaginal"
"10249.C030.20SS",674,30,"Vaginal"
"10249.C033.08SS",230,33,"Vaginal"
"10249.C033.15SS",427,33,"Vaginal"
"10249.C033.17SS",547,33,"Vaginal"
"10249.C042.05SS",122,42,"Vaginal"
"10249.C042.10SS",277,42,"Vaginal"
"10249.C042.14SS",438,42,"Vaginal"
"10249.C032.01SS",1,32,"Vaginal"
"10249.C032.10SS",246,32,"Vaginal"
"10249.C032.20SS",609,32,"Vaginal"
"10249.C004.09SS",245,4,"Cesarean"
"10249.C004.14SS",340,4,"Cesarean"
"10249.C004.15SS",366,4,"Cesarean"
"10249.C001.09SS",153,1,"Vaginal"
"10249.C001.16SS",307,1,"Vaginal"
"10249.C001.29SS",488,1,"Vaginal"
"10249.C034.10SS",243,34,"Cesarean"
"10249.C034.11SS",273,34,"Cesarean"
"10249.C034.15SS",424,34,"Cesarean"
"10249.C057.03SS",62,57,"Cesarean"
"10249.C057.08SS",215,57,"Cesarean"
"10249.C057.09SS",238,57,"Cesarean"
"10249.C041.01SS",0,41,"Vaginal"
"10249.C041.08SS",186,41,"Vaginal"
"10249.C041.19SS",618,41,"Vaginal"
"10249.C011.05SS",156,11,"Cesarean"
"10249.C011.18SS",676,11,"Cesarean"
"10249.C011.19SS",737,11,"Cesarean"
"10249.C010.01SS",2,10,"Vaginal"
"10249.C010.11SS",246,10,"Vaginal"
"10249.C010.16SS",431,10,"Vaginal"
"10249.C056.05SS",65,56,"Cesarean"
"10249.C056.09SS",184,56,"Cesarean"
"10249.C056.10SS",215,56,"Cesarean"
"10249.C014.01SS",1,14,"Vaginal"
"10249.C014.18SS",614,14,"Vaginal"
"10249.C014.19SS",675,14,"Vaginal"
"10249.C007.10SS",219,7,"Cesarean"
"10249.C007.18SS",427,7,"Cesarean"
"10249.C007.22SS",669,7,"Cesarean"
"10249.C021.04SS",94,21,"Cesarean"
"10249.C021.09SS",347,21,"Cesarean"
"10249.C021.12SS",499,21,"Cesarean"
"10249.C012.10SS",215,12,"Cesarean"
"10249.C012.16SS",426,12,"Cesarean"
"10249.C012.22SS",739,12,"Cesarean"
"10249.C022.05SS",122,22,"Vaginal"
"10249.C022.16SS",551,22,"Vaginal"
"10249.C022.19SS",737,22,"Vaginal"
"10249.C044.08SS",186,44,"Vaginal"
"10249.C044.11SS",276,44,"Vaginal"
"10249.C044.17SS",553,44,"Vaginal"
"10249.C035.01SS",0,35,"Vaginal"
"10249.C035.03SS",61,35,"Vaginal"
"10249.C035.17SS",608,35,"Vaginal"
"10249.C037.01SS",1,37,"Cesarean"
"10249.C037.04SS",92,37,"Cesarean"
"10249.C037.13SS",375,37,"Cesarean"
"10249.C005.09SS",213,5,"Cesarean"
"10249.C005.16SS",485,5,"Cesarean"
"10249.C005.20SS",735,5,"Cesarean"
"10249.C038.01SS",2,38,"Vaginal"
"10249.C038.04SS",61,38,"Vaginal"
"10249.C038.05SS",98,38,"Vaginal"
"10249.C053.07SS",153,53,"Cesarean"
"10249.C053.08SS",183,53,"Cesarean"
"10249.C053.09SS",214,53,"Cesarean"
"10249.C025.03SS",42,25,"Cesarean"
"10249.C025.08SS",183,25,"Cesarean"
"10249.C025.20SS",734,25,"Cesarean"
"10249.C002.02SS",32,2,"Cesarean"
"10249.C002.04SS",60,2,"Cesarean"
"10249.C002.15SS",488,2,"Cesarean"
"10249.C055.03SS",41,55,"Cesarean"
"10249.C055.08SS",183,55,"Cesarean"
"10249.C055.09SS",211,55,"Cesarean"
"10249.C031.04SS",54,31,"Vaginal"
"10249.C031.18SS",547,31,"Vaginal"
"10249.C031.19SS",618,31,"Vaginal"
"10249.C052.04SS",62,52,"Vaginal"
"10249.C052.07SS",154,52,"Vaginal"
"10249.C052.09SS",245,52,"Vaginal"
"10249.C049.07SS",124,49,"Vaginal"
"10249.C049.12SS",274,49,"Vaginal"
"10249.C049.13SS",305,49,"Vaginal"
"10249.C008.03SS",72,8,"Vaginal"
"10249.C008.08SS",212,8,"Vaginal"
"10249.C008.13SS",437,8,"Vaginal"
"10249.C016.03SS",31,16,"Vaginal"
"10249.C016.04SS",45,16,"Vaginal"
"10249.C016.22SS",733,16,"Vaginal"
"10249.C045.05SS",120,45,"Vaginal"
"10249.C045.10SS",276,45,"Vaginal"
"10249.C045.11SS",304,45,"Vaginal"
"10249.C047.06SS",126,47,"Cesarean"
"10249.C047.11SS",277,47,"Cesarean"
"10249.C047.13SS",347,47,"Cesarean"
