"","day_of_life","studyid","delivery"
"10249.C018.03SS",90,18,"Vaginal"
"10249.C018.07SS",214,18,"Vaginal"
"10249.C036.01SS",0,36,"Cesarean"
"10249.C036.10SS",308,36,"Cesarean"
"10249.C020.01SS",0,20,"Cesarean"
"10249.C020.26SS",670,20,"Cesarean"
"10249.C024.07SS",129,24,"Vaginal"
"10249.C024.18SS",551,24,"Vaginal"
"10249.C043.10SS",275,43,"Vaginal"
"10249.C043.15SS",428,43,"Vaginal"
"10249.C017.05SS",45,17,"Vaginal"
"10249.C017.07SS",91,17,"Vaginal"
"10249.C009.04SS",94,9,"Vaginal"
"10249.C009.18SS",681,9,"Vaginal"
"10249.C027.08SS",211,27,"Vaginal"
"10249.C027.17SS",489,27,"Vaginal"
"10249.C046.02SS",31,46,"Cesarean"
"10249.C046.13SS",366,46,"Cesarean"
"10249.C030.07SS",150,30,"Vaginal"
"10249.C030.12SS",303,30,"Vaginal"
"10249.C033.03SS",61,33,"Vaginal"
"10249.C033.18SS",608,33,"Vaginal"
"10249.C042.02SS",31,42,"Vaginal"
"10249.C042.11SS",310,42,"Vaginal"
"10249.C032.01SS",1,32,"Vaginal"
"10249.C032.21SS",674,32,"Vaginal"
"10249.C004.02SS",31,4,"Cesarean"
"10249.C004.12SS",278,4,"Cesarean"
"10249.C001.06SS",61,1,"Vaginal"
"10249.C001.32SS",677,1,"Vaginal"
"10249.C034.07SS",166,34,"Cesarean"
"10249.C034.17SS",539,34,"Cesarean"
"10249.C057.08SS",215,57,"Cesarean"
"10249.C057.11SS",277,57,"Cesarean"
"10249.C041.12SS",278,41,"Vaginal"
"10249.C041.19SS",618,41,"Vaginal"
"10249.C011.09SS",273,11,"Cesarean"
"10249.C011.18SS",676,11,"Cesarean"
"10249.C010.13SS",305,10,"Vaginal"
"10249.C010.19SS",677,10,"Vaginal"
"10249.C056.08SS",153,56,"Cesarean"
"10249.C056.10SS",215,56,"Cesarean"
"10249.C014.03SS",71,14,"Vaginal"
"10249.C014.19SS",675,14,"Vaginal"
"10249.C007.10SS",219,7,"Cesarean"
"10249.C007.13SS",266,7,"Cesarean"
"10249.C021.06SS",188,21,"Cesarean"
"10249.C021.12SS",499,21,"Cesarean"
"10249.C012.01SS",2,12,"Cesarean"
"10249.C012.08SS",154,12,"Cesarean"
"10249.C022.13SS",370,22,"Vaginal"
"10249.C022.16SS",551,22,"Vaginal"
"10249.C044.02SS",33,44,"Vaginal"
"10249.C044.10SS",244,44,"Vaginal"
"10249.C035.10SS",277,35,"Vaginal"
"10249.C035.13SS",367,35,"Vaginal"
"10249.C037.04SS",92,37,"Cesarean"
"10249.C037.13SS",375,37,"Cesarean"
"10249.C005.12SS",304,5,"Cesarean"
"10249.C005.13SS",332,5,"Cesarean"
"10249.C038.02SS",33,38,"Vaginal"
"10249.C038.12SS",305,38,"Vaginal"
"10249.C053.08SS",183,53,"Cesarean"
"10249.C053.09SS",214,53,"Cesarean"
"10249.C025.12SS",303,25,"Cesarean"
"10249.C025.20SS",734,25,"Cesarean"
"10249.C002.11SS",315,2,"Cesarean"
"10249.C002.18SS",678,2,"Cesarean"
"10249.C055.01SS",0,55,"Cesarean"
"10249.C055.06SS",120,55,"Cesarean"
"10249.C031.06SS",119,31,"Vaginal"
"10249.C031.12SS",307,31,"Vaginal"
"10249.C052.03SS",32,52,"Vaginal"
"10249.C052.06SS",127,52,"Vaginal"
"10249.C049.04SS",60,49,"Vaginal"
"10249.C049.09SS",181,49,"Vaginal"
"10249.C008.12SS",364,8,"Vaginal"
"10249.C008.13SS",437,8,"Vaginal"
"10249.C016.05SS",64,16,"Vaginal"
"10249.C016.15SS",366,16,"Vaginal"
"10249.C045.03SS",61,45,"Vaginal"
"10249.C045.12SS",344,45,"Vaginal"
"10249.C047.10SS",249,47,"Cesarean"
"10249.C047.11SS",277,47,"Cesarean"
