"","day_of_life","studyid","delivery"
"10249.C018.08SS",244,18,"Vaginal"
"10249.C018.12SS",373,18,"Vaginal"
"10249.C018.14SS",489,18,"Vaginal"
"10249.C018.15SS",548,18,"Vaginal"
"10249.C018.17SS",732,18,"Vaginal"
"10249.C036.01SS",0,36,"Cesarean"
"10249.C036.05SS",162,36,"Cesarean"
"10249.C036.08SS",243,36,"Cesarean"
"10249.C036.14SS",490,36,"Cesarean"
"10249.C036.16SS",610,36,"Cesarean"
"10249.C020.05SS",13,20,"Cesarean"
"10249.C020.17SS",334,20,"Cesarean"
"10249.C020.19SS",426,20,"Cesarean"
"10249.C020.20SS",487,20,"Cesarean"
"10249.C020.25SS",604,20,"Cesarean"
"10249.C024.04SS",61,24,"Vaginal"
"10249.C024.05SS",75,24,"Vaginal"
"10249.C024.15SS",373,24,"Vaginal"
"10249.C024.18SS",551,24,"Vaginal"
"10249.C024.19SS",611,24,"Vaginal"
"10249.C043.05SS",126,43,"Vaginal"
"10249.C043.11SS",306,43,"Vaginal"
"10249.C043.15SS",428,43,"Vaginal"
"10249.C043.16SS",490,43,"Vaginal"
"10249.C043.20SS",616,43,"Vaginal"
"10249.C017.02SS",2,17,"Vaginal"
"10249.C017.07SS",91,17,"Vaginal"
"10249.C017.08SS",123,17,"Vaginal"
"10249.C017.10SS",179,17,"Vaginal"
"10249.C017.12SS",247,17,"Vaginal"
"10249.C009.06SS",155,9,"Vaginal"
"10249.C009.07SS",185,9,"Vaginal"
"10249.C009.13SS",366,9,"Vaginal"
"10249.C009.16SS",555,9,"Vaginal"
"10249.C009.18SS",681,9,"Vaginal"
"10249.C027.06SS",155,27,"Vaginal"
"10249.C027.09SS",243,27,"Vaginal"
"10249.C027.15SS",370,27,"Vaginal"
"10249.C027.16SS",429,27,"Vaginal"
"10249.C027.19SS",607,27,"Vaginal"
"10249.C046.04SS",93,46,"Cesarean"
"10249.C046.11SS",306,46,"Cesarean"
"10249.C046.12SS",336,46,"Cesarean"
"10249.C046.13SS",366,46,"Cesarean"
"10249.C046.14SS",433,46,"Cesarean"
"10249.C030.04SS",61,30,"Vaginal"
"10249.C030.05SS",90,30,"Vaginal"
"10249.C030.08SS",183,30,"Vaginal"
"10249.C030.17SS",495,30,"Vaginal"
"10249.C030.20SS",674,30,"Vaginal"
"10249.C033.03SS",61,33,"Vaginal"
"10249.C033.07SS",211,33,"Vaginal"
"10249.C033.10SS",240,33,"Vaginal"
"10249.C033.15SS",427,33,"Vaginal"
"10249.C033.18SS",608,33,"Vaginal"
"10249.C042.06SS",154,42,"Vaginal"
"10249.C042.08SS",216,42,"Vaginal"
"10249.C042.11SS",310,42,"Vaginal"
"10249.C042.15SS",493,42,"Vaginal"
"10249.C042.16SS",557,42,"Vaginal"
"10249.C032.01SS",1,32,"Vaginal"
"10249.C032.02SS",31,32,"Vaginal"
"10249.C032.13SS",337,32,"Vaginal"
"10249.C032.15SS",370,32,"Vaginal"
"10249.C032.19SS",555,32,"Vaginal"
"10249.C004.02SS",31,4,"Cesarean"
"10249.C004.04SS",91,4,"Cesarean"
"10249.C004.07SS",186,4,"Cesarean"
"10249.C004.09SS",245,4,"Cesarean"
"10249.C004.13SS",308,4,"Cesarean"
"10249.C001.12SS",244,1,"Vaginal"
"10249.C001.26SS",427,1,"Vaginal"
"10249.C001.27SS",435,1,"Vaginal"
"10249.C001.29SS",488,1,"Vaginal"
"10249.C001.31SS",613,1,"Vaginal"
"10249.C034.02SS",34,34,"Cesarean"
"10249.C034.06SS",119,34,"Cesarean"
"10249.C034.09SS",214,34,"Cesarean"
"10249.C034.15SS",424,34,"Cesarean"
"10249.C034.16SS",483,34,"Cesarean"
"10249.C057.02SS",31,57,"Cesarean"
"10249.C057.04SS",91,57,"Cesarean"
"10249.C057.08SS",215,57,"Cesarean"
"10249.C057.09SS",238,57,"Cesarean"
"10249.C057.11SS",277,57,"Cesarean"
"10249.C041.04SS",96,41,"Vaginal"
"10249.C041.05SS",126,41,"Vaginal"
"10249.C041.06SS",157,41,"Vaginal"
"10249.C041.09SS",214,41,"Vaginal"
"10249.C041.12SS",278,41,"Vaginal"
"10249.C011.02SS",36,11,"Cesarean"
"10249.C011.10SS",303,11,"Cesarean"
"10249.C011.12SS",373,11,"Cesarean"
"10249.C011.14SS",486,11,"Cesarean"
"10249.C011.16SS",553,11,"Cesarean"
"10249.C010.07SS",123,10,"Vaginal"
"10249.C010.14SS",337,10,"Vaginal"
"10249.C010.15SS",368,10,"Vaginal"
"10249.C010.16SS",431,10,"Vaginal"
"10249.C010.19SS",677,10,"Vaginal"
"10249.C056.02SS",1,56,"Cesarean"
"10249.C056.05SS",65,56,"Cesarean"
"10249.C056.06SS",93,56,"Cesarean"
"10249.C056.08SS",153,56,"Cesarean"
"10249.C056.10SS",215,56,"Cesarean"
"10249.C014.01SS",1,14,"Vaginal"
"10249.C014.13SS",368,14,"Vaginal"
"10249.C014.16SS",486,14,"Vaginal"
"10249.C014.17SS",549,14,"Vaginal"
"10249.C014.18SS",614,14,"Vaginal"
"10249.C007.02SS",30,7,"Cesarean"
"10249.C007.03SS",49,7,"Cesarean"
"10249.C007.05SS",93,7,"Cesarean"
"10249.C007.12SS",258,7,"Cesarean"
"10249.C007.13SS",266,7,"Cesarean"
"10249.C021.02SS",2,21,"Cesarean"
"10249.C021.03SS",37,21,"Cesarean"
"10249.C021.06SS",188,21,"Cesarean"
"10249.C021.08SS",306,21,"Cesarean"
"10249.C021.12SS",499,21,"Cesarean"
"10249.C012.04SS",62,12,"Cesarean"
"10249.C012.06SS",123,12,"Cesarean"
"10249.C012.07SS",146,12,"Cesarean"
"10249.C012.13SS",305,12,"Cesarean"
"10249.C012.22SS",739,12,"Cesarean"
"10249.C022.07SS",182,22,"Vaginal"
"10249.C022.10SS",273,22,"Vaginal"
"10249.C022.11SS",304,22,"Vaginal"
"10249.C022.12SS",342,22,"Vaginal"
"10249.C022.18SS",671,22,"Vaginal"
"10249.C044.01SS",1,44,"Vaginal"
"10249.C044.04SS",62,44,"Vaginal"
"10249.C044.09SS",222,44,"Vaginal"
"10249.C044.11SS",276,44,"Vaginal"
"10249.C044.16SS",497,44,"Vaginal"
"10249.C035.03SS",61,35,"Vaginal"
"10249.C035.06SS",153,35,"Vaginal"
"10249.C035.08SS",214,35,"Vaginal"
"10249.C035.09SS",244,35,"Vaginal"
"10249.C035.17SS",608,35,"Vaginal"
"10249.C037.10SS",274,37,"Cesarean"
"10249.C037.11SS",307,37,"Cesarean"
"10249.C037.14SS",426,37,"Cesarean"
"10249.C037.15SS",497,37,"Cesarean"
"10249.C037.16SS",554,37,"Cesarean"
"10249.C005.01SS",1,5,"Cesarean"
"10249.C005.07SS",155,5,"Cesarean"
"10249.C005.15SS",428,5,"Cesarean"
"10249.C005.16SS",485,5,"Cesarean"
"10249.C005.18SS",612,5,"Cesarean"
"10249.C038.01SS",2,38,"Vaginal"
"10249.C038.11SS",278,38,"Vaginal"
"10249.C038.13SS",334,38,"Vaginal"
"10249.C038.15SS",428,38,"Vaginal"
"10249.C038.16SS",487,38,"Vaginal"
"10249.C053.02SS",30,53,"Cesarean"
"10249.C053.03SS",45,53,"Cesarean"
"10249.C053.06SS",123,53,"Cesarean"
"10249.C053.08SS",183,53,"Cesarean"
"10249.C053.09SS",214,53,"Cesarean"
"10249.C025.07SS",158,25,"Cesarean"
"10249.C025.10SS",240,25,"Cesarean"
"10249.C025.15SS",428,25,"Cesarean"
"10249.C025.16SS",489,25,"Cesarean"
"10249.C025.19SS",666,25,"Cesarean"
"10249.C002.01SS",0,2,"Cesarean"
"10249.C002.08SS",190,2,"Cesarean"
"10249.C002.09SS",249,2,"Cesarean"
"10249.C002.10SS",284,2,"Cesarean"
"10249.C002.16SS",555,2,"Cesarean"
"10249.C055.02SS",30,55,"Cesarean"
"10249.C055.03SS",41,55,"Cesarean"
"10249.C055.05SS",91,55,"Cesarean"
"10249.C055.07SS",155,55,"Cesarean"
"10249.C055.08SS",183,55,"Cesarean"
"10249.C031.11SS",275,31,"Vaginal"
"10249.C031.12SS",307,31,"Vaginal"
"10249.C031.16SS",428,31,"Vaginal"
"10249.C031.17SS",491,31,"Vaginal"
"10249.C031.18SS",547,31,"Vaginal"
"10249.C052.02SS",1,52,"Vaginal"
"10249.C052.03SS",32,52,"Vaginal"
"10249.C052.04SS",62,52,"Vaginal"
"10249.C052.07SS",154,52,"Vaginal"
"10249.C052.09SS",245,52,"Vaginal"
"10249.C049.01SS",4,49,"Vaginal"
"10249.C049.02SS",5,49,"Vaginal"
"10249.C049.07SS",124,49,"Vaginal"
"10249.C049.08SS",154,49,"Vaginal"
"10249.C049.11SS",243,49,"Vaginal"
"10249.C008.01SS",1,8,"Vaginal"
"10249.C008.02SS",31,8,"Vaginal"
"10249.C008.11SS",308,8,"Vaginal"
"10249.C008.13SS",437,8,"Vaginal"
"10249.C008.16SS",615,8,"Vaginal"
"10249.C016.02SS",8,16,"Vaginal"
"10249.C016.03SS",31,16,"Vaginal"
"10249.C016.17SS",428,16,"Vaginal"
"10249.C016.20SS",608,16,"Vaginal"
"10249.C016.22SS",733,16,"Vaginal"
"10249.C045.01SS",0,45,"Vaginal"
"10249.C045.04SS",91,45,"Vaginal"
"10249.C045.05SS",120,45,"Vaginal"
"10249.C045.09SS",245,45,"Vaginal"
"10249.C045.10SS",276,45,"Vaginal"
"10249.C047.05SS",94,47,"Cesarean"
"10249.C047.07SS",156,47,"Cesarean"
"10249.C047.10SS",249,47,"Cesarean"
"10249.C047.11SS",277,47,"Cesarean"
"10249.C047.13SS",347,47,"Cesarean"
