"","day_of_life","studyid","delivery"
"10249.C018.04SS",125,18,"Vaginal"
"10249.C018.08SS",244,18,"Vaginal"
"10249.C018.14SS",489,18,"Vaginal"
"10249.C018.15SS",548,18,"Vaginal"
"10249.C036.02SS",42,36,"Cesarean"
"10249.C036.05SS",162,36,"Cesarean"
"10249.C036.07SS",216,36,"Cesarean"
"10249.C036.14SS",490,36,"Cesarean"
"10249.C020.08SS",69,20,"Cesarean"
"10249.C020.14SS",243,20,"Cesarean"
"10249.C020.24SS",599,20,"Cesarean"
"10249.C020.26SS",670,20,"Cesarean"
"10249.C024.13SS",310,24,"Vaginal"
"10249.C024.16SS",416,24,"Vaginal"
"10249.C024.19SS",611,24,"Vaginal"
"10249.C024.20SS",673,24,"Vaginal"
"10249.C043.05SS",126,43,"Vaginal"
"10249.C043.09SS",245,43,"Vaginal"
"10249.C043.11SS",306,43,"Vaginal"
"10249.C043.16SS",490,43,"Vaginal"
"10249.C017.04SS",32,17,"Vaginal"
"10249.C017.05SS",45,17,"Vaginal"
"10249.C017.06SS",63,17,"Vaginal"
"10249.C017.10SS",179,17,"Vaginal"
"10249.C009.04SS",94,9,"Vaginal"
"10249.C009.10SS",273,9,"Vaginal"
"10249.C009.11SS",305,9,"Vaginal"
"10249.C009.16SS",555,9,"Vaginal"
"10249.C027.03SS",69,27,"Vaginal"
"10249.C027.04SS",91,27,"Vaginal"
"10249.C027.09SS",243,27,"Vaginal"
"10249.C027.19SS",607,27,"Vaginal"
"10249.C046.03SS",54,46,"Cesarean"
"10249.C046.05SS",124,46,"Cesarean"
"10249.C046.07SS",184,46,"Cesarean"
"10249.C046.13SS",366,46,"Cesarean"
"10249.C030.11SS",276,30,"Vaginal"
"10249.C030.18SS",554,30,"Vaginal"
"10249.C030.19SS",606,30,"Vaginal"
"10249.C030.20SS",674,30,"Vaginal"
"10249.C033.08SS",230,33,"Vaginal"
"10249.C033.09SS",236,33,"Vaginal"
"10249.C033.11SS",272,33,"Vaginal"
"10249.C033.15SS",427,33,"Vaginal"
"10249.C042.04SS",91,42,"Vaginal"
"10249.C042.05SS",122,42,"Vaginal"
"10249.C042.11SS",310,42,"Vaginal"
"10249.C042.13SS",374,42,"Vaginal"
"10249.C032.11SS",272,32,"Vaginal"
"10249.C032.15SS",370,32,"Vaginal"
"10249.C032.16SS",422,32,"Vaginal"
"10249.C032.19SS",555,32,"Vaginal"
"10249.C004.05SS",124,4,"Cesarean"
"10249.C004.07SS",186,4,"Cesarean"
"10249.C004.09SS",245,4,"Cesarean"
"10249.C004.15SS",366,4,"Cesarean"
"10249.C001.09SS",153,1,"Vaginal"
"10249.C001.18SS",367,1,"Vaginal"
"10249.C001.26SS",427,1,"Vaginal"
"10249.C001.27SS",435,1,"Vaginal"
"10249.C034.04SS",63,34,"Cesarean"
"10249.C034.05SS",90,34,"Cesarean"
"10249.C034.08SS",183,34,"Cesarean"
"10249.C034.15SS",424,34,"Cesarean"
"10249.C057.06SS",157,57,"Cesarean"
"10249.C057.08SS",215,57,"Cesarean"
"10249.C057.09SS",238,57,"Cesarean"
"10249.C057.11SS",277,57,"Cesarean"
"10249.C041.02SS",32,41,"Vaginal"
"10249.C041.08SS",186,41,"Vaginal"
"10249.C041.17SS",488,41,"Vaginal"
"10249.C041.18SS",556,41,"Vaginal"
"10249.C011.07SS",210,11,"Cesarean"
"10249.C011.11SS",338,11,"Cesarean"
"10249.C011.16SS",553,11,"Cesarean"
"10249.C011.19SS",737,11,"Cesarean"
"10249.C010.01SS",2,10,"Vaginal"
"10249.C010.09SS",183,10,"Vaginal"
"10249.C010.12SS",275,10,"Vaginal"
"10249.C010.20SS",737,10,"Vaginal"
"10249.C056.02SS",1,56,"Cesarean"
"10249.C056.05SS",65,56,"Cesarean"
"10249.C056.06SS",93,56,"Cesarean"
"10249.C056.10SS",215,56,"Cesarean"
"10249.C014.01SS",1,14,"Vaginal"
"10249.C014.08SS",211,14,"Vaginal"
"10249.C014.17SS",549,14,"Vaginal"
"10249.C014.20SS",737,14,"Vaginal"
"10249.C007.02SS",30,7,"Cesarean"
"10249.C007.13SS",266,7,"Cesarean"
"10249.C007.18SS",427,7,"Cesarean"
"10249.C007.23SS",729,7,"Cesarean"
"10249.C021.02SS",2,21,"Cesarean"
"10249.C021.09SS",347,21,"Cesarean"
"10249.C021.10SS",351,21,"Cesarean"
"10249.C021.13SS",559,21,"Cesarean"
"10249.C012.10SS",215,12,"Cesarean"
"10249.C012.11SS",244,12,"Cesarean"
"10249.C012.16SS",426,12,"Cesarean"
"10249.C012.20SS",675,12,"Cesarean"
"10249.C022.02SS",32,22,"Vaginal"
"10249.C022.09SS",243,22,"Vaginal"
"10249.C022.15SS",489,22,"Vaginal"
"10249.C022.19SS",737,22,"Vaginal"
"10249.C044.02SS",33,44,"Vaginal"
"10249.C044.10SS",244,44,"Vaginal"
"10249.C044.15SS",424,44,"Vaginal"
"10249.C044.16SS",497,44,"Vaginal"
"10249.C035.08SS",214,35,"Vaginal"
"10249.C035.09SS",244,35,"Vaginal"
"10249.C035.14SS",427,35,"Vaginal"
"10249.C035.16SS",551,35,"Vaginal"
"10249.C037.08SS",215,37,"Cesarean"
"10249.C037.13SS",375,37,"Cesarean"
"10249.C037.14SS",426,37,"Cesarean"
"10249.C037.15SS",497,37,"Cesarean"
"10249.C005.10SS",245,5,"Cesarean"
"10249.C005.15SS",428,5,"Cesarean"
"10249.C005.17SS",549,5,"Cesarean"
"10249.C005.20SS",735,5,"Cesarean"
"10249.C038.04SS",61,38,"Vaginal"
"10249.C038.05SS",98,38,"Vaginal"
"10249.C038.16SS",487,38,"Vaginal"
"10249.C038.18SS",610,38,"Vaginal"
"10249.C053.05SS",95,53,"Cesarean"
"10249.C053.07SS",153,53,"Cesarean"
"10249.C053.08SS",183,53,"Cesarean"
"10249.C053.09SS",214,53,"Cesarean"
"10249.C025.13SS",337,25,"Cesarean"
"10249.C025.14SS",365,25,"Cesarean"
"10249.C025.15SS",428,25,"Cesarean"
"10249.C025.16SS",489,25,"Cesarean"
"10249.C002.02SS",32,2,"Cesarean"
"10249.C002.03SS",53,2,"Cesarean"
"10249.C002.11SS",315,2,"Cesarean"
"10249.C002.18SS",678,2,"Cesarean"
"10249.C055.01SS",0,55,"Cesarean"
"10249.C055.02SS",30,55,"Cesarean"
"10249.C055.08SS",183,55,"Cesarean"
"10249.C055.09SS",211,55,"Cesarean"
"10249.C031.08SS",184,31,"Vaginal"
"10249.C031.12SS",307,31,"Vaginal"
"10249.C031.16SS",428,31,"Vaginal"
"10249.C031.21SS",729,31,"Vaginal"
"10249.C052.04SS",62,52,"Vaginal"
"10249.C052.07SS",154,52,"Vaginal"
"10249.C052.08SS",188,52,"Vaginal"
"10249.C052.09SS",245,52,"Vaginal"
"10249.C049.04SS",60,49,"Vaginal"
"10249.C049.11SS",243,49,"Vaginal"
"10249.C049.13SS",305,49,"Vaginal"
"10249.C049.14SS",337,49,"Vaginal"
"10249.C008.01SS",1,8,"Vaginal"
"10249.C008.02SS",31,8,"Vaginal"
"10249.C008.15SS",552,8,"Vaginal"
"10249.C008.16SS",615,8,"Vaginal"
"10249.C016.05SS",64,16,"Vaginal"
"10249.C016.15SS",366,16,"Vaginal"
"10249.C016.21SS",672,16,"Vaginal"
"10249.C016.22SS",733,16,"Vaginal"
"10249.C045.01SS",0,45,"Vaginal"
"10249.C045.05SS",120,45,"Vaginal"
"10249.C045.09SS",245,45,"Vaginal"
"10249.C045.12SS",344,45,"Vaginal"
"10249.C047.07SS",156,47,"Cesarean"
"10249.C047.08SS",185,47,"Cesarean"
"10249.C047.09SS",221,47,"Cesarean"
"10249.C047.13SS",347,47,"Cesarean"
