"","day_of_life","studyid","delivery"
"10249.C018.10SS",312,18,"Vaginal"
"10249.C018.15SS",548,18,"Vaginal"
"10249.C018.17SS",732,18,"Vaginal"
"10249.C036.03SS",65,36,"Cesarean"
"10249.C036.04SS",126,36,"Cesarean"
"10249.C036.16SS",610,36,"Cesarean"
"10249.C020.19SS",426,20,"Cesarean"
"10249.C020.21SS",551,20,"Cesarean"
"10249.C020.26SS",670,20,"Cesarean"
"10249.C024.12SS",272,24,"Vaginal"
"10249.C024.14SS",337,24,"Vaginal"
"10249.C024.16SS",416,24,"Vaginal"
"10249.C043.14SS",364,43,"Vaginal"
"10249.C043.16SS",490,43,"Vaginal"
"10249.C043.18SS",555,43,"Vaginal"
"10249.C017.08SS",123,17,"Vaginal"
"10249.C017.10SS",179,17,"Vaginal"
"10249.C017.12SS",247,17,"Vaginal"
"10249.C009.13SS",366,9,"Vaginal"
"10249.C009.16SS",555,9,"Vaginal"
"10249.C009.17SS",613,9,"Vaginal"
"10249.C027.08SS",211,27,"Vaginal"
"10249.C027.15SS",370,27,"Vaginal"
"10249.C027.21SS",736,27,"Vaginal"
"10249.C046.05SS",124,46,"Cesarean"
"10249.C046.06SS",151,46,"Cesarean"
"10249.C046.09SS",244,46,"Cesarean"
"10249.C030.09SS",214,30,"Vaginal"
"10249.C030.17SS",495,30,"Vaginal"
"10249.C030.19SS",606,30,"Vaginal"
"10249.C033.01SS",0,33,"Vaginal"
"10249.C033.03SS",61,33,"Vaginal"
"10249.C033.19SS",670,33,"Vaginal"
"10249.C042.03SS",61,42,"Vaginal"
"10249.C042.14SS",438,42,"Vaginal"
"10249.C042.17SS",616,42,"Vaginal"
"10249.C032.05SS",91,32,"Vaginal"
"10249.C032.14SS",342,32,"Vaginal"
"10249.C032.19SS",555,32,"Vaginal"
"10249.C004.02SS",31,4,"Cesarean"
"10249.C004.03SS",55,4,"Cesarean"
"10249.C004.14SS",340,4,"Cesarean"
"10249.C001.05SS",57,1,"Vaginal"
"10249.C001.06SS",61,1,"Vaginal"
"10249.C001.26SS",427,1,"Vaginal"
"10249.C034.05SS",90,34,"Cesarean"
"10249.C034.15SS",424,34,"Cesarean"
"10249.C034.17SS",539,34,"Cesarean"
"10249.C057.03SS",62,57,"Cesarean"
"10249.C057.06SS",157,57,"Cesarean"
"10249.C057.08SS",215,57,"Cesarean"
"10249.C041.03SS",64,41,"Vaginal"
"10249.C041.17SS",488,41,"Vaginal"
"10249.C041.18SS",556,41,"Vaginal"
"10249.C011.01SS",1,11,"Cesarean"
"10249.C011.05SS",156,11,"Cesarean"
"10249.C011.16SS",553,11,"Cesarean"
"10249.C010.14SS",337,10,"Vaginal"
"10249.C010.18SS",613,10,"Vaginal"
"10249.C010.20SS",737,10,"Vaginal"
"10249.C056.02SS",1,56,"Cesarean"
"10249.C056.04SS",31,56,"Cesarean"
"10249.C056.08SS",153,56,"Cesarean"
"10249.C014.15SS",426,14,"Vaginal"
"10249.C014.17SS",549,14,"Vaginal"
"10249.C014.20SS",737,14,"Vaginal"
"10249.C007.01SS",1,7,"Cesarean"
"10249.C007.18SS",427,7,"Cesarean"
"10249.C007.20SS",551,7,"Cesarean"
"10249.C021.01SS",1,21,"Cesarean"
"10249.C021.06SS",188,21,"Cesarean"
"10249.C021.07SS",245,21,"Cesarean"
"10249.C012.01SS",2,12,"Cesarean"
"10249.C012.17SS",490,12,"Cesarean"
"10249.C012.22SS",739,12,"Cesarean"
"10249.C022.03SS",63,22,"Vaginal"
"10249.C022.10SS",273,22,"Vaginal"
"10249.C022.15SS",489,22,"Vaginal"
"10249.C044.06SS",127,44,"Vaginal"
"10249.C044.07SS",155,44,"Vaginal"
"10249.C044.17SS",553,44,"Vaginal"
"10249.C035.02SS",31,35,"Vaginal"
"10249.C035.13SS",367,35,"Vaginal"
"10249.C035.16SS",551,35,"Vaginal"
"10249.C037.08SS",215,37,"Cesarean"
"10249.C037.14SS",426,37,"Cesarean"
"10249.C037.17SS",612,37,"Cesarean"
"10249.C005.04SS",63,5,"Cesarean"
"10249.C005.15SS",428,5,"Cesarean"
"10249.C005.19SS",667,5,"Cesarean"
"10249.C038.02SS",33,38,"Vaginal"
"10249.C038.04SS",61,38,"Vaginal"
"10249.C038.11SS",278,38,"Vaginal"
"10249.C053.03SS",45,53,"Cesarean"
"10249.C053.07SS",153,53,"Cesarean"
"10249.C053.08SS",183,53,"Cesarean"
"10249.C025.15SS",428,25,"Cesarean"
"10249.C025.16SS",489,25,"Cesarean"
"10249.C025.17SS",548,25,"Cesarean"
"10249.C002.07SS",158,2,"Cesarean"
"10249.C002.11SS",315,2,"Cesarean"
"10249.C002.16SS",555,2,"Cesarean"
"10249.C055.03SS",41,55,"Cesarean"
"10249.C055.04SS",64,55,"Cesarean"
"10249.C055.08SS",183,55,"Cesarean"
"10249.C031.07SS",152,31,"Vaginal"
"10249.C031.11SS",275,31,"Vaginal"
"10249.C031.16SS",428,31,"Vaginal"
"10249.C052.04SS",62,52,"Vaginal"
"10249.C052.06SS",127,52,"Vaginal"
"10249.C052.09SS",245,52,"Vaginal"
"10249.C049.04SS",60,49,"Vaginal"
"10249.C049.08SS",154,49,"Vaginal"
"10249.C049.12SS",274,49,"Vaginal"
"10249.C008.02SS",31,8,"Vaginal"
"10249.C008.06SS",189,8,"Vaginal"
"10249.C008.16SS",615,8,"Vaginal"
"10249.C016.11SS",242,16,"Vaginal"
"10249.C016.18SS",489,16,"Vaginal"
"10249.C016.22SS",733,16,"Vaginal"
"10249.C045.05SS",120,45,"Vaginal"
"10249.C045.08SS",213,45,"Vaginal"
"10249.C045.11SS",304,45,"Vaginal"
"10249.C047.06SS",126,47,"Cesarean"
"10249.C047.10SS",249,47,"Cesarean"
"10249.C047.11SS",277,47,"Cesarean"
