"","day_of_life","studyid","delivery"
"10249.C018.07SS",214,18,"Vaginal"
"10249.C018.10SS",312,18,"Vaginal"
"10249.C036.10SS",308,36,"Cesarean"
"10249.C036.11SS",334,36,"Cesarean"
"10249.C020.17SS",334,20,"Cesarean"
"10249.C020.25SS",604,20,"Cesarean"
"10249.C024.10SS",213,24,"Vaginal"
"10249.C024.15SS",373,24,"Vaginal"
"10249.C043.06SS",154,43,"Vaginal"
"10249.C043.17SS",550,43,"Vaginal"
"10249.C017.01SS",0,17,"Vaginal"
"10249.C017.07SS",91,17,"Vaginal"
"10249.C009.12SS",339,9,"Vaginal"
"10249.C009.14SS",429,9,"Vaginal"
"10249.C027.16SS",429,27,"Vaginal"
"10249.C027.19SS",607,27,"Vaginal"
"10249.C046.09SS",244,46,"Cesarean"
"10249.C046.12SS",336,46,"Cesarean"
"10249.C030.16SS",429,30,"Vaginal"
"10249.C030.19SS",606,30,"Vaginal"
"10249.C033.04SS",119,33,"Vaginal"
"10249.C033.09SS",236,33,"Vaginal"
"10249.C042.05SS",122,42,"Vaginal"
"10249.C042.16SS",557,42,"Vaginal"
"10249.C032.15SS",370,32,"Vaginal"
"10249.C032.16SS",422,32,"Vaginal"
"10249.C004.02SS",31,4,"Cesarean"
"10249.C004.15SS",366,4,"Cesarean"
"10249.C001.11SS",214,1,"Vaginal"
"10249.C001.20SS",378,1,"Vaginal"
"10249.C034.04SS",63,34,"Cesarean"
"10249.C034.16SS",483,34,"Cesarean"
"10249.C057.02SS",31,57,"Cesarean"
"10249.C057.04SS",91,57,"Cesarean"
"10249.C041.08SS",186,41,"Vaginal"
"10249.C041.11SS",246,41,"Vaginal"
"10249.C011.04SS",120,11,"Cesarean"
"10249.C011.09SS",273,11,"Cesarean"
"10249.C010.09SS",183,10,"Vaginal"
"10249.C010.16SS",431,10,"Vaginal"
"10249.C056.07SS",122,56,"Cesarean"
"10249.C056.10SS",215,56,"Cesarean"
"10249.C014.08SS",211,14,"Vaginal"
"10249.C014.16SS",486,14,"Vaginal"
"10249.C007.10SS",219,7,"Cesarean"
"10249.C007.19SS",490,7,"Cesarean"
"10249.C021.10SS",351,21,"Cesarean"
"10249.C021.12SS",499,21,"Cesarean"
"10249.C012.18SS",560,12,"Cesarean"
"10249.C012.19SS",609,12,"Cesarean"
"10249.C022.03SS",63,22,"Vaginal"
"10249.C022.19SS",737,22,"Vaginal"
"10249.C044.11SS",276,44,"Vaginal"
"10249.C044.16SS",497,44,"Vaginal"
"10249.C035.01SS",0,35,"Vaginal"
"10249.C035.17SS",608,35,"Vaginal"
"10249.C037.12SS",335,37,"Cesarean"
"10249.C037.14SS",426,37,"Cesarean"
"10249.C005.13SS",332,5,"Cesarean"
"10249.C005.19SS",667,5,"Cesarean"
"10249.C038.12SS",305,38,"Vaginal"
"10249.C038.16SS",487,38,"Vaginal"
"10249.C053.02SS",30,53,"Cesarean"
"10249.C053.04SS",62,53,"Cesarean"
"10249.C025.03SS",42,25,"Cesarean"
"10249.C025.20SS",734,25,"Cesarean"
"10249.C002.03SS",53,2,"Cesarean"
"10249.C002.16SS",555,2,"Cesarean"
"10249.C055.02SS",30,55,"Cesarean"
"10249.C055.06SS",120,55,"Cesarean"
"10249.C031.16SS",428,31,"Vaginal"
"10249.C031.21SS",729,31,"Vaginal"
"10249.C052.06SS",127,52,"Vaginal"
"10249.C052.08SS",188,52,"Vaginal"
"10249.C049.08SS",154,49,"Vaginal"
"10249.C049.10SS",213,49,"Vaginal"
"10249.C008.03SS",72,8,"Vaginal"
"10249.C008.14SS",490,8,"Vaginal"
"10249.C016.08SS",152,16,"Vaginal"
"10249.C016.17SS",428,16,"Vaginal"
"10249.C045.04SS",91,45,"Vaginal"
"10249.C045.06SS",154,45,"Vaginal"
"10249.C047.11SS",277,47,"Cesarean"
"10249.C047.13SS",347,47,"Cesarean"
