"","day_of_life","studyid","delivery"
"10249.C018.03SS",90,18,"Vaginal"
"10249.C018.09SS",282,18,"Vaginal"
"10249.C018.12SS",373,18,"Vaginal"
"10249.C018.13SS",425,18,"Vaginal"
"10249.C018.17SS",732,18,"Vaginal"
"10249.C036.03SS",65,36,"Cesarean"
"10249.C036.08SS",243,36,"Cesarean"
"10249.C036.09SS",276,36,"Cesarean"
"10249.C036.15SS",559,36,"Cesarean"
"10249.C036.16SS",610,36,"Cesarean"
"10249.C020.08SS",69,20,"Cesarean"
"10249.C020.10SS",123,20,"Cesarean"
"10249.C020.16SS",305,20,"Cesarean"
"10249.C020.24SS",599,20,"Cesarean"
"10249.C020.26SS",670,20,"Cesarean"
"10249.C024.06SS",86,24,"Vaginal"
"10249.C024.08SS",150,24,"Vaginal"
"10249.C024.13SS",310,24,"Vaginal"
"10249.C024.16SS",416,24,"Vaginal"
"10249.C024.17SS",490,24,"Vaginal"
"10249.C043.02SS",35,43,"Vaginal"
"10249.C043.04SS",96,43,"Vaginal"
"10249.C043.05SS",126,43,"Vaginal"
"10249.C043.07SS",189,43,"Vaginal"
"10249.C043.18SS",555,43,"Vaginal"
"10249.C017.06SS",63,17,"Vaginal"
"10249.C017.07SS",91,17,"Vaginal"
"10249.C017.08SS",123,17,"Vaginal"
"10249.C017.10SS",179,17,"Vaginal"
"10249.C017.11SS",216,17,"Vaginal"
"10249.C009.06SS",155,9,"Vaginal"
"10249.C009.10SS",273,9,"Vaginal"
"10249.C009.11SS",305,9,"Vaginal"
"10249.C009.16SS",555,9,"Vaginal"
"10249.C009.19SS",739,9,"Vaginal"
"10249.C027.03SS",69,27,"Vaginal"
"10249.C027.04SS",91,27,"Vaginal"
"10249.C027.09SS",243,27,"Vaginal"
"10249.C027.17SS",489,27,"Vaginal"
"10249.C027.18SS",551,27,"Vaginal"
"10249.C046.04SS",93,46,"Cesarean"
"10249.C046.05SS",124,46,"Cesarean"
"10249.C046.07SS",184,46,"Cesarean"
"10249.C046.11SS",306,46,"Cesarean"
"10249.C046.14SS",433,46,"Cesarean"
"10249.C030.07SS",150,30,"Vaginal"
"10249.C030.11SS",276,30,"Vaginal"
"10249.C030.16SS",429,30,"Vaginal"
"10249.C030.18SS",554,30,"Vaginal"
"10249.C030.20SS",674,30,"Vaginal"
"10249.C033.01SS",0,33,"Vaginal"
"10249.C033.08SS",230,33,"Vaginal"
"10249.C033.11SS",272,33,"Vaginal"
"10249.C033.12SS",305,33,"Vaginal"
"10249.C033.15SS",427,33,"Vaginal"
"10249.C042.03SS",61,42,"Vaginal"
"10249.C042.08SS",216,42,"Vaginal"
"10249.C042.10SS",277,42,"Vaginal"
"10249.C042.12SS",337,42,"Vaginal"
"10249.C042.15SS",493,42,"Vaginal"
"10249.C032.10SS",246,32,"Vaginal"
"10249.C032.11SS",272,32,"Vaginal"
"10249.C032.17SS",485,32,"Vaginal"
"10249.C032.19SS",555,32,"Vaginal"
"10249.C032.21SS",674,32,"Vaginal"
"10249.C004.01SS",0,4,"Cesarean"
"10249.C004.05SS",124,4,"Cesarean"
"10249.C004.06SS",154,4,"Cesarean"
"10249.C004.12SS",278,4,"Cesarean"
"10249.C004.15SS",366,4,"Cesarean"
"10249.C001.15SS",300,1,"Vaginal"
"10249.C001.18SS",367,1,"Vaginal"
"10249.C001.25SS",411,1,"Vaginal"
"10249.C001.29SS",488,1,"Vaginal"
"10249.C001.32SS",677,1,"Vaginal"
"10249.C034.03SS",45,34,"Cesarean"
"10249.C034.09SS",214,34,"Cesarean"
"10249.C034.10SS",243,34,"Cesarean"
"10249.C034.16SS",483,34,"Cesarean"
"10249.C034.17SS",539,34,"Cesarean"
"10249.C057.02SS",31,57,"Cesarean"
"10249.C057.03SS",62,57,"Cesarean"
"10249.C057.05SS",125,57,"Cesarean"
"10249.C057.10SS",244,57,"Cesarean"
"10249.C057.11SS",277,57,"Cesarean"
"10249.C041.01SS",0,41,"Vaginal"
"10249.C041.09SS",214,41,"Vaginal"
"10249.C041.11SS",246,41,"Vaginal"
"10249.C041.14SS",339,41,"Vaginal"
"10249.C041.17SS",488,41,"Vaginal"
"10249.C011.03SS",65,11,"Cesarean"
"10249.C011.05SS",156,11,"Cesarean"
"10249.C011.09SS",273,11,"Cesarean"
"10249.C011.11SS",338,11,"Cesarean"
"10249.C011.17SS",610,11,"Cesarean"
"10249.C010.01SS",2,10,"Vaginal"
"10249.C010.02SS",30,10,"Vaginal"
"10249.C010.10SS",219,10,"Vaginal"
"10249.C010.18SS",613,10,"Vaginal"
"10249.C010.19SS",677,10,"Vaginal"
"10249.C056.01SS",0,56,"Cesarean"
"10249.C056.02SS",1,56,"Cesarean"
"10249.C056.06SS",93,56,"Cesarean"
"10249.C056.08SS",153,56,"Cesarean"
"10249.C056.09SS",184,56,"Cesarean"
"10249.C014.15SS",426,14,"Vaginal"
"10249.C014.16SS",486,14,"Vaginal"
"10249.C014.18SS",614,14,"Vaginal"
"10249.C014.19SS",675,14,"Vaginal"
"10249.C014.20SS",737,14,"Vaginal"
"10249.C007.02SS",30,7,"Cesarean"
"10249.C007.06SS",127,7,"Cesarean"
"10249.C007.14SS",274,7,"Cesarean"
"10249.C007.15SS",303,7,"Cesarean"
"10249.C007.18SS",427,7,"Cesarean"
"10249.C021.06SS",188,21,"Cesarean"
"10249.C021.07SS",245,21,"Cesarean"
"10249.C021.10SS",351,21,"Cesarean"
"10249.C021.12SS",499,21,"Cesarean"
"10249.C021.13SS",559,21,"Cesarean"
"10249.C012.03SS",40,12,"Cesarean"
"10249.C012.16SS",426,12,"Cesarean"
"10249.C012.17SS",490,12,"Cesarean"
"10249.C012.21SS",732,12,"Cesarean"
"10249.C012.22SS",739,12,"Cesarean"
"10249.C022.02SS",32,22,"Vaginal"
"10249.C022.04SS",96,22,"Vaginal"
"10249.C022.06SS",153,22,"Vaginal"
"10249.C022.08SS",217,22,"Vaginal"
"10249.C022.13SS",370,22,"Vaginal"
"10249.C044.09SS",222,44,"Vaginal"
"10249.C044.11SS",276,44,"Vaginal"
"10249.C044.13SS",334,44,"Vaginal"
"10249.C044.15SS",424,44,"Vaginal"
"10249.C044.17SS",553,44,"Vaginal"
"10249.C035.05SS",122,35,"Vaginal"
"10249.C035.07SS",182,35,"Vaginal"
"10249.C035.09SS",244,35,"Vaginal"
"10249.C035.14SS",427,35,"Vaginal"
"10249.C035.16SS",551,35,"Vaginal"
"10249.C037.02SS",33,37,"Cesarean"
"10249.C037.06SS",156,37,"Cesarean"
"10249.C037.14SS",426,37,"Cesarean"
"10249.C037.15SS",497,37,"Cesarean"
"10249.C037.18SS",674,37,"Cesarean"
"10249.C005.01SS",1,5,"Cesarean"
"10249.C005.03SS",43,5,"Cesarean"
"10249.C005.09SS",213,5,"Cesarean"
"10249.C005.15SS",428,5,"Cesarean"
"10249.C005.20SS",735,5,"Cesarean"
"10249.C038.01SS",2,38,"Vaginal"
"10249.C038.13SS",334,38,"Vaginal"
"10249.C038.14SS",365,38,"Vaginal"
"10249.C038.15SS",428,38,"Vaginal"
"10249.C038.18SS",610,38,"Vaginal"
"10249.C053.02SS",30,53,"Cesarean"
"10249.C053.03SS",45,53,"Cesarean"
"10249.C053.04SS",62,53,"Cesarean"
"10249.C053.08SS",183,53,"Cesarean"
"10249.C053.09SS",214,53,"Cesarean"
"10249.C025.02SS",30,25,"Cesarean"
"10249.C025.05SS",94,25,"Cesarean"
"10249.C025.14SS",365,25,"Cesarean"
"10249.C025.17SS",548,25,"Cesarean"
"10249.C025.18SS",615,25,"Cesarean"
"10249.C002.06SS",123,2,"Cesarean"
"10249.C002.09SS",249,2,"Cesarean"
"10249.C002.15SS",488,2,"Cesarean"
"10249.C002.16SS",555,2,"Cesarean"
"10249.C002.18SS",678,2,"Cesarean"
"10249.C055.02SS",30,55,"Cesarean"
"10249.C055.03SS",41,55,"Cesarean"
"10249.C055.04SS",64,55,"Cesarean"
"10249.C055.05SS",91,55,"Cesarean"
"10249.C055.07SS",155,55,"Cesarean"
"10249.C031.07SS",152,31,"Vaginal"
"10249.C031.08SS",184,31,"Vaginal"
"10249.C031.14SS",365,31,"Vaginal"
"10249.C031.16SS",428,31,"Vaginal"
"10249.C031.20SS",666,31,"Vaginal"
"10249.C052.02SS",1,52,"Vaginal"
"10249.C052.03SS",32,52,"Vaginal"
"10249.C052.04SS",62,52,"Vaginal"
"10249.C052.07SS",154,52,"Vaginal"
"10249.C052.09SS",245,52,"Vaginal"
"10249.C049.08SS",154,49,"Vaginal"
"10249.C049.09SS",181,49,"Vaginal"
"10249.C049.10SS",213,49,"Vaginal"
"10249.C049.13SS",305,49,"Vaginal"
"10249.C049.14SS",337,49,"Vaginal"
"10249.C008.02SS",31,8,"Vaginal"
"10249.C008.05SS",159,8,"Vaginal"
"10249.C008.13SS",437,8,"Vaginal"
"10249.C008.14SS",490,8,"Vaginal"
"10249.C008.16SS",615,8,"Vaginal"
"10249.C016.07SS",124,16,"Vaginal"
"10249.C016.12SS",272,16,"Vaginal"
"10249.C016.15SS",366,16,"Vaginal"
"10249.C016.21SS",672,16,"Vaginal"
"10249.C016.22SS",733,16,"Vaginal"
"10249.C045.01SS",0,45,"Vaginal"
"10249.C045.02SS",31,45,"Vaginal"
"10249.C045.06SS",154,45,"Vaginal"
"10249.C045.08SS",213,45,"Vaginal"
"10249.C045.10SS",276,45,"Vaginal"
"10249.C047.02SS",32,47,"Cesarean"
"10249.C047.09SS",221,47,"Cesarean"
"10249.C047.10SS",249,47,"Cesarean"
"10249.C047.11SS",277,47,"Cesarean"
"10249.C047.13SS",347,47,"Cesarean"
