"","day_of_life","studyid","delivery"
"10249.C018.10SS",312,18,"Vaginal"
"10249.C018.14SS",489,18,"Vaginal"
"10249.C018.16SS",606,18,"Vaginal"
"10249.C018.17SS",732,18,"Vaginal"
"10249.C036.02SS",42,36,"Cesarean"
"10249.C036.04SS",126,36,"Cesarean"
"10249.C036.08SS",243,36,"Cesarean"
"10249.C036.14SS",490,36,"Cesarean"
"10249.C020.05SS",13,20,"Cesarean"
"10249.C020.10SS",123,20,"Cesarean"
"10249.C020.11SS",153,20,"Cesarean"
"10249.C020.26SS",670,20,"Cesarean"
"10249.C024.06SS",86,24,"Vaginal"
"10249.C024.14SS",337,24,"Vaginal"
"10249.C024.15SS",373,24,"Vaginal"
"10249.C024.20SS",673,24,"Vaginal"
"10249.C043.01SS",0,43,"Vaginal"
"10249.C043.03SS",61,43,"Vaginal"
"10249.C043.09SS",245,43,"Vaginal"
"10249.C043.18SS",555,43,"Vaginal"
"10249.C017.01SS",0,17,"Vaginal"
"10249.C017.04SS",32,17,"Vaginal"
"10249.C017.05SS",45,17,"Vaginal"
"10249.C017.10SS",179,17,"Vaginal"
"10249.C009.01SS",1,9,"Vaginal"
"10249.C009.03SS",64,9,"Vaginal"
"10249.C009.09SS",246,9,"Vaginal"
"10249.C009.19SS",739,9,"Vaginal"
"10249.C027.06SS",155,27,"Vaginal"
"10249.C027.10SS",275,27,"Vaginal"
"10249.C027.17SS",489,27,"Vaginal"
"10249.C027.21SS",736,27,"Vaginal"
"10249.C046.03SS",54,46,"Cesarean"
"10249.C046.09SS",244,46,"Cesarean"
"10249.C046.10SS",274,46,"Cesarean"
"10249.C046.14SS",433,46,"Cesarean"
"10249.C030.03SS",44,30,"Vaginal"
"10249.C030.05SS",90,30,"Vaginal"
"10249.C030.06SS",122,30,"Vaginal"
"10249.C030.10SS",243,30,"Vaginal"
"10249.C033.06SS",180,33,"Vaginal"
"10249.C033.07SS",211,33,"Vaginal"
"10249.C033.09SS",236,33,"Vaginal"
"10249.C033.15SS",427,33,"Vaginal"
"10249.C042.01SS",0,42,"Vaginal"
"10249.C042.10SS",277,42,"Vaginal"
"10249.C042.15SS",493,42,"Vaginal"
"10249.C042.16SS",557,42,"Vaginal"
"10249.C032.07SS",153,32,"Vaginal"
"10249.C032.11SS",272,32,"Vaginal"
"10249.C032.13SS",337,32,"Vaginal"
"10249.C032.20SS",609,32,"Vaginal"
"10249.C004.02SS",31,4,"Cesarean"
"10249.C004.05SS",124,4,"Cesarean"
"10249.C004.09SS",245,4,"Cesarean"
"10249.C004.13SS",308,4,"Cesarean"
"10249.C001.02SS",36,1,"Vaginal"
"10249.C001.10SS",183,1,"Vaginal"
"10249.C001.18SS",367,1,"Vaginal"
"10249.C001.19SS",375,1,"Vaginal"
"10249.C034.03SS",45,34,"Cesarean"
"10249.C034.08SS",183,34,"Cesarean"
"10249.C034.09SS",214,34,"Cesarean"
"10249.C034.12SS",308,34,"Cesarean"
"10249.C057.03SS",62,57,"Cesarean"
"10249.C057.04SS",91,57,"Cesarean"
"10249.C057.06SS",157,57,"Cesarean"
"10249.C057.10SS",244,57,"Cesarean"
"10249.C041.04SS",96,41,"Vaginal"
"10249.C041.05SS",126,41,"Vaginal"
"10249.C041.06SS",157,41,"Vaginal"
"10249.C041.18SS",556,41,"Vaginal"
"10249.C011.01SS",1,11,"Cesarean"
"10249.C011.04SS",120,11,"Cesarean"
"10249.C011.08SS",247,11,"Cesarean"
"10249.C011.19SS",737,11,"Cesarean"
"10249.C010.13SS",305,10,"Vaginal"
"10249.C010.15SS",368,10,"Vaginal"
"10249.C010.19SS",677,10,"Vaginal"
"10249.C010.20SS",737,10,"Vaginal"
"10249.C056.01SS",0,56,"Cesarean"
"10249.C056.05SS",65,56,"Cesarean"
"10249.C056.06SS",93,56,"Cesarean"
"10249.C056.10SS",215,56,"Cesarean"
"10249.C014.02SS",31,14,"Vaginal"
"10249.C014.07SS",184,14,"Vaginal"
"10249.C014.19SS",675,14,"Vaginal"
"10249.C014.20SS",737,14,"Vaginal"
"10249.C007.09SS",214,7,"Cesarean"
"10249.C007.11SS",243,7,"Cesarean"
"10249.C007.15SS",303,7,"Cesarean"
"10249.C007.21SS",608,7,"Cesarean"
"10249.C021.01SS",1,21,"Cesarean"
"10249.C021.04SS",94,21,"Cesarean"
"10249.C021.09SS",347,21,"Cesarean"
"10249.C021.12SS",499,21,"Cesarean"
"10249.C012.02SS",29,12,"Cesarean"
"10249.C012.07SS",146,12,"Cesarean"
"10249.C012.10SS",215,12,"Cesarean"
"10249.C012.18SS",560,12,"Cesarean"
"10249.C022.08SS",217,22,"Vaginal"
"10249.C022.11SS",304,22,"Vaginal"
"10249.C022.16SS",551,22,"Vaginal"
"10249.C022.18SS",671,22,"Vaginal"
"10249.C044.03SS",41,44,"Vaginal"
"10249.C044.09SS",222,44,"Vaginal"
"10249.C044.15SS",424,44,"Vaginal"
"10249.C044.17SS",553,44,"Vaginal"
"10249.C035.01SS",0,35,"Vaginal"
"10249.C035.03SS",61,35,"Vaginal"
"10249.C035.07SS",182,35,"Vaginal"
"10249.C035.11SS",307,35,"Vaginal"
"10249.C037.04SS",92,37,"Cesarean"
"10249.C037.05SS",123,37,"Cesarean"
"10249.C037.12SS",335,37,"Cesarean"
"10249.C037.13SS",375,37,"Cesarean"
"10249.C005.03SS",43,5,"Cesarean"
"10249.C005.05SS",93,5,"Cesarean"
"10249.C005.09SS",213,5,"Cesarean"
"10249.C005.19SS",667,5,"Cesarean"
"10249.C038.04SS",61,38,"Vaginal"
"10249.C038.11SS",278,38,"Vaginal"
"10249.C038.14SS",365,38,"Vaginal"
"10249.C038.16SS",487,38,"Vaginal"
"10249.C053.02SS",30,53,"Cesarean"
"10249.C053.03SS",45,53,"Cesarean"
"10249.C053.05SS",95,53,"Cesarean"
"10249.C053.09SS",214,53,"Cesarean"
"10249.C025.10SS",240,25,"Cesarean"
"10249.C025.15SS",428,25,"Cesarean"
"10249.C025.16SS",489,25,"Cesarean"
"10249.C025.19SS",666,25,"Cesarean"
"10249.C002.04SS",60,2,"Cesarean"
"10249.C002.07SS",158,2,"Cesarean"
"10249.C002.15SS",488,2,"Cesarean"
"10249.C002.19SS",731,2,"Cesarean"
"10249.C055.04SS",64,55,"Cesarean"
"10249.C055.05SS",91,55,"Cesarean"
"10249.C055.06SS",120,55,"Cesarean"
"10249.C055.09SS",211,55,"Cesarean"
"10249.C031.11SS",275,31,"Vaginal"
"10249.C031.18SS",547,31,"Vaginal"
"10249.C031.19SS",618,31,"Vaginal"
"10249.C031.21SS",729,31,"Vaginal"
"10249.C052.02SS",1,52,"Vaginal"
"10249.C052.06SS",127,52,"Vaginal"
"10249.C052.07SS",154,52,"Vaginal"
"10249.C052.08SS",188,52,"Vaginal"
"10249.C049.03SS",32,49,"Vaginal"
"10249.C049.07SS",124,49,"Vaginal"
"10249.C049.11SS",243,49,"Vaginal"
"10249.C049.13SS",305,49,"Vaginal"
"10249.C008.02SS",31,8,"Vaginal"
"10249.C008.03SS",72,8,"Vaginal"
"10249.C008.07SS",194,8,"Vaginal"
"10249.C008.15SS",552,8,"Vaginal"
"10249.C016.02SS",8,16,"Vaginal"
"10249.C016.08SS",152,16,"Vaginal"
"10249.C016.12SS",272,16,"Vaginal"
"10249.C016.13SS",303,16,"Vaginal"
"10249.C045.01SS",0,45,"Vaginal"
"10249.C045.04SS",91,45,"Vaginal"
"10249.C045.10SS",276,45,"Vaginal"
"10249.C045.11SS",304,45,"Vaginal"
"10249.C047.02SS",32,47,"Cesarean"
"10249.C047.07SS",156,47,"Cesarean"
"10249.C047.09SS",221,47,"Cesarean"
"10249.C047.13SS",347,47,"Cesarean"
