"","day_of_life","studyid","delivery"
"10249.C018.02SS",33,18,"Vaginal"
"10249.C018.03SS",90,18,"Vaginal"
"10249.C018.08SS",244,18,"Vaginal"
"10249.C018.16SS",606,18,"Vaginal"
"10249.C036.01SS",0,36,"Cesarean"
"10249.C036.02SS",42,36,"Cesarean"
"10249.C036.07SS",216,36,"Cesarean"
"10249.C036.15SS",559,36,"Cesarean"
"10249.C020.13SS",211,20,"Cesarean"
"10249.C020.15SS",273,20,"Cesarean"
"10249.C020.24SS",599,20,"Cesarean"
"10249.C020.25SS",604,20,"Cesarean"
"10249.C024.12SS",272,24,"Vaginal"
"10249.C024.14SS",337,24,"Vaginal"
"10249.C024.16SS",416,24,"Vaginal"
"10249.C024.19SS",611,24,"Vaginal"
"10249.C043.01SS",0,43,"Vaginal"
"10249.C043.03SS",61,43,"Vaginal"
"10249.C043.10SS",275,43,"Vaginal"
"10249.C043.15SS",428,43,"Vaginal"
"10249.C017.01SS",0,17,"Vaginal"
"10249.C017.04SS",32,17,"Vaginal"
"10249.C017.09SS",152,17,"Vaginal"
"10249.C017.12SS",247,17,"Vaginal"
"10249.C009.05SS",122,9,"Vaginal"
"10249.C009.08SS",214,9,"Vaginal"
"10249.C009.16SS",555,9,"Vaginal"
"10249.C009.17SS",613,9,"Vaginal"
"10249.C027.12SS",289,27,"Vaginal"
"10249.C027.15SS",370,27,"Vaginal"
"10249.C027.19SS",607,27,"Vaginal"
"10249.C027.20SS",673,27,"Vaginal"
"10249.C046.01SS",1,46,"Cesarean"
"10249.C046.06SS",151,46,"Cesarean"
"10249.C046.12SS",336,46,"Cesarean"
"10249.C046.14SS",433,46,"Cesarean"
"10249.C030.05SS",90,30,"Vaginal"
"10249.C030.08SS",183,30,"Vaginal"
"10249.C030.18SS",554,30,"Vaginal"
"10249.C030.19SS",606,30,"Vaginal"
"10249.C033.03SS",61,33,"Vaginal"
"10249.C033.06SS",180,33,"Vaginal"
"10249.C033.12SS",305,33,"Vaginal"
"10249.C033.18SS",608,33,"Vaginal"
"10249.C042.02SS",31,42,"Vaginal"
"10249.C042.03SS",61,42,"Vaginal"
"10249.C042.06SS",154,42,"Vaginal"
"10249.C042.16SS",557,42,"Vaginal"
"10249.C032.03SS",52,32,"Vaginal"
"10249.C032.05SS",91,32,"Vaginal"
"10249.C032.15SS",370,32,"Vaginal"
"10249.C032.22SS",734,32,"Vaginal"
"10249.C004.02SS",31,4,"Cesarean"
"10249.C004.05SS",124,4,"Cesarean"
"10249.C004.08SS",214,4,"Cesarean"
"10249.C004.15SS",366,4,"Cesarean"
"10249.C001.10SS",183,1,"Vaginal"
"10249.C001.18SS",367,1,"Vaginal"
"10249.C001.29SS",488,1,"Vaginal"
"10249.C001.32SS",677,1,"Vaginal"
"10249.C034.02SS",34,34,"Cesarean"
"10249.C034.04SS",63,34,"Cesarean"
"10249.C034.08SS",183,34,"Cesarean"
"10249.C034.17SS",539,34,"Cesarean"
"10249.C057.06SS",157,57,"Cesarean"
"10249.C057.08SS",215,57,"Cesarean"
"10249.C057.09SS",238,57,"Cesarean"
"10249.C057.11SS",277,57,"Cesarean"
"10249.C041.04SS",96,41,"Vaginal"
"10249.C041.14SS",339,41,"Vaginal"
"10249.C041.16SS",424,41,"Vaginal"
"10249.C041.17SS",488,41,"Vaginal"
"10249.C011.11SS",338,11,"Cesarean"
"10249.C011.14SS",486,11,"Cesarean"
"10249.C011.17SS",610,11,"Cesarean"
"10249.C011.18SS",676,11,"Cesarean"
"10249.C010.03SS",39,10,"Vaginal"
"10249.C010.07SS",123,10,"Vaginal"
"10249.C010.18SS",613,10,"Vaginal"
"10249.C010.20SS",737,10,"Vaginal"
"10249.C056.05SS",65,56,"Cesarean"
"10249.C056.06SS",93,56,"Cesarean"
"10249.C056.09SS",184,56,"Cesarean"
"10249.C056.10SS",215,56,"Cesarean"
"10249.C014.04SS",92,14,"Vaginal"
"10249.C014.07SS",184,14,"Vaginal"
"10249.C014.15SS",426,14,"Vaginal"
"10249.C014.17SS",549,14,"Vaginal"
"10249.C007.03SS",49,7,"Cesarean"
"10249.C007.04SS",66,7,"Cesarean"
"10249.C007.07SS",155,7,"Cesarean"
"10249.C007.21SS",608,7,"Cesarean"
"10249.C021.01SS",1,21,"Cesarean"
"10249.C021.03SS",37,21,"Cesarean"
"10249.C021.08SS",306,21,"Cesarean"
"10249.C021.12SS",499,21,"Cesarean"
"10249.C012.01SS",2,12,"Cesarean"
"10249.C012.17SS",490,12,"Cesarean"
"10249.C012.20SS",675,12,"Cesarean"
"10249.C012.22SS",739,12,"Cesarean"
"10249.C022.06SS",153,22,"Vaginal"
"10249.C022.10SS",273,22,"Vaginal"
"10249.C022.13SS",370,22,"Vaginal"
"10249.C022.16SS",551,22,"Vaginal"
"10249.C044.03SS",41,44,"Vaginal"
"10249.C044.06SS",127,44,"Vaginal"
"10249.C044.10SS",244,44,"Vaginal"
"10249.C044.11SS",276,44,"Vaginal"
"10249.C035.01SS",0,35,"Vaginal"
"10249.C035.07SS",182,35,"Vaginal"
"10249.C035.11SS",307,35,"Vaginal"
"10249.C035.15SS",488,35,"Vaginal"
"10249.C037.01SS",1,37,"Cesarean"
"10249.C037.06SS",156,37,"Cesarean"
"10249.C037.14SS",426,37,"Cesarean"
"10249.C037.16SS",554,37,"Cesarean"
"10249.C005.01SS",1,5,"Cesarean"
"10249.C005.05SS",93,5,"Cesarean"
"10249.C005.07SS",155,5,"Cesarean"
"10249.C005.11SS",276,5,"Cesarean"
"10249.C038.07SS",153,38,"Vaginal"
"10249.C038.13SS",334,38,"Vaginal"
"10249.C038.14SS",365,38,"Vaginal"
"10249.C038.15SS",428,38,"Vaginal"
"10249.C053.02SS",30,53,"Cesarean"
"10249.C053.03SS",45,53,"Cesarean"
"10249.C053.08SS",183,53,"Cesarean"
"10249.C053.09SS",214,53,"Cesarean"
"10249.C025.05SS",94,25,"Cesarean"
"10249.C025.06SS",124,25,"Cesarean"
"10249.C025.14SS",365,25,"Cesarean"
"10249.C025.16SS",489,25,"Cesarean"
"10249.C002.10SS",284,2,"Cesarean"
"10249.C002.12SS",338,2,"Cesarean"
"10249.C002.15SS",488,2,"Cesarean"
"10249.C002.18SS",678,2,"Cesarean"
"10249.C055.01SS",0,55,"Cesarean"
"10249.C055.03SS",41,55,"Cesarean"
"10249.C055.04SS",64,55,"Cesarean"
"10249.C055.07SS",155,55,"Cesarean"
"10249.C031.03SS",41,31,"Vaginal"
"10249.C031.18SS",547,31,"Vaginal"
"10249.C031.19SS",618,31,"Vaginal"
"10249.C031.20SS",666,31,"Vaginal"
"10249.C052.03SS",32,52,"Vaginal"
"10249.C052.04SS",62,52,"Vaginal"
"10249.C052.06SS",127,52,"Vaginal"
"10249.C052.09SS",245,52,"Vaginal"
"10249.C049.08SS",154,49,"Vaginal"
"10249.C049.09SS",181,49,"Vaginal"
"10249.C049.12SS",274,49,"Vaginal"
"10249.C049.13SS",305,49,"Vaginal"
"10249.C008.01SS",1,8,"Vaginal"
"10249.C008.03SS",72,8,"Vaginal"
"10249.C008.08SS",212,8,"Vaginal"
"10249.C008.16SS",615,8,"Vaginal"
"10249.C016.05SS",64,16,"Vaginal"
"10249.C016.11SS",242,16,"Vaginal"
"10249.C016.14SS",333,16,"Vaginal"
"10249.C016.20SS",608,16,"Vaginal"
"10249.C045.01SS",0,45,"Vaginal"
"10249.C045.02SS",31,45,"Vaginal"
"10249.C045.06SS",154,45,"Vaginal"
"10249.C045.12SS",344,45,"Vaginal"
"10249.C047.02SS",32,47,"Cesarean"
"10249.C047.05SS",94,47,"Cesarean"
"10249.C047.07SS",156,47,"Cesarean"
"10249.C047.10SS",249,47,"Cesarean"
