"","day_of_life","studyid","delivery"
"10249.C018.06SS",189,18,"Vaginal"
"10249.C018.08SS",244,18,"Vaginal"
"10249.C018.09SS",282,18,"Vaginal"
"10249.C018.10SS",312,18,"Vaginal"
"10249.C018.14SS",489,18,"Vaginal"
"10249.C036.03SS",65,36,"Cesarean"
"10249.C036.07SS",216,36,"Cesarean"
"10249.C036.13SS",425,36,"Cesarean"
"10249.C036.14SS",490,36,"Cesarean"
"10249.C036.16SS",610,36,"Cesarean"
"10249.C020.04SS",11,20,"Cesarean"
"10249.C020.10SS",123,20,"Cesarean"
"10249.C020.14SS",243,20,"Cesarean"
"10249.C020.16SS",305,20,"Cesarean"
"10249.C020.23SS",594,20,"Cesarean"
"10249.C024.06SS",86,24,"Vaginal"
"10249.C024.14SS",337,24,"Vaginal"
"10249.C024.15SS",373,24,"Vaginal"
"10249.C024.17SS",490,24,"Vaginal"
"10249.C024.19SS",611,24,"Vaginal"
"10249.C043.03SS",61,43,"Vaginal"
"10249.C043.10SS",275,43,"Vaginal"
"10249.C043.15SS",428,43,"Vaginal"
"10249.C043.16SS",490,43,"Vaginal"
"10249.C043.17SS",550,43,"Vaginal"
"10249.C017.02SS",2,17,"Vaginal"
"10249.C017.06SS",63,17,"Vaginal"
"10249.C017.08SS",123,17,"Vaginal"
"10249.C017.10SS",179,17,"Vaginal"
"10249.C017.12SS",247,17,"Vaginal"
"10249.C009.07SS",185,9,"Vaginal"
"10249.C009.12SS",339,9,"Vaginal"
"10249.C009.16SS",555,9,"Vaginal"
"10249.C009.17SS",613,9,"Vaginal"
"10249.C009.18SS",681,9,"Vaginal"
"10249.C027.06SS",155,27,"Vaginal"
"10249.C027.07SS",181,27,"Vaginal"
"10249.C027.15SS",370,27,"Vaginal"
"10249.C027.16SS",429,27,"Vaginal"
"10249.C027.21SS",736,27,"Vaginal"
"10249.C046.04SS",93,46,"Cesarean"
"10249.C046.08SS",211,46,"Cesarean"
"10249.C046.11SS",306,46,"Cesarean"
"10249.C046.13SS",366,46,"Cesarean"
"10249.C046.14SS",433,46,"Cesarean"
"10249.C030.02SS",34,30,"Vaginal"
"10249.C030.03SS",44,30,"Vaginal"
"10249.C030.09SS",214,30,"Vaginal"
"10249.C030.13SS",334,30,"Vaginal"
"10249.C030.14SS",365,30,"Vaginal"
"10249.C033.02SS",32,33,"Vaginal"
"10249.C033.09SS",236,33,"Vaginal"
"10249.C033.11SS",272,33,"Vaginal"
"10249.C033.16SS",485,33,"Vaginal"
"10249.C033.17SS",547,33,"Vaginal"
"10249.C042.02SS",31,42,"Vaginal"
"10249.C042.06SS",154,42,"Vaginal"
"10249.C042.07SS",182,42,"Vaginal"
"10249.C042.16SS",557,42,"Vaginal"
"10249.C042.17SS",616,42,"Vaginal"
"10249.C032.01SS",1,32,"Vaginal"
"10249.C032.04SS",59,32,"Vaginal"
"10249.C032.10SS",246,32,"Vaginal"
"10249.C032.15SS",370,32,"Vaginal"
"10249.C032.21SS",674,32,"Vaginal"
"10249.C004.01SS",0,4,"Cesarean"
"10249.C004.07SS",186,4,"Cesarean"
"10249.C004.09SS",245,4,"Cesarean"
"10249.C004.13SS",308,4,"Cesarean"
"10249.C004.15SS",366,4,"Cesarean"
"10249.C001.01SS",0,1,"Vaginal"
"10249.C001.08SS",122,1,"Vaginal"
"10249.C001.17SS",337,1,"Vaginal"
"10249.C001.18SS",367,1,"Vaginal"
"10249.C001.20SS",378,1,"Vaginal"
"10249.C034.04SS",63,34,"Cesarean"
"10249.C034.05SS",90,34,"Cesarean"
"10249.C034.06SS",119,34,"Cesarean"
"10249.C034.11SS",273,34,"Cesarean"
"10249.C034.12SS",308,34,"Cesarean"
"10249.C057.02SS",31,57,"Cesarean"
"10249.C057.03SS",62,57,"Cesarean"
"10249.C057.06SS",157,57,"Cesarean"
"10249.C057.08SS",215,57,"Cesarean"
"10249.C057.09SS",238,57,"Cesarean"
"10249.C041.06SS",157,41,"Vaginal"
"10249.C041.16SS",424,41,"Vaginal"
"10249.C041.17SS",488,41,"Vaginal"
"10249.C041.18SS",556,41,"Vaginal"
"10249.C041.19SS",618,41,"Vaginal"
"10249.C011.07SS",210,11,"Cesarean"
"10249.C011.09SS",273,11,"Cesarean"
"10249.C011.12SS",373,11,"Cesarean"
"10249.C011.16SS",553,11,"Cesarean"
"10249.C011.19SS",737,11,"Cesarean"
"10249.C010.04SS",43,10,"Vaginal"
"10249.C010.09SS",183,10,"Vaginal"
"10249.C010.16SS",431,10,"Vaginal"
"10249.C010.18SS",613,10,"Vaginal"
"10249.C010.19SS",677,10,"Vaginal"
"10249.C056.01SS",0,56,"Cesarean"
"10249.C056.06SS",93,56,"Cesarean"
"10249.C056.07SS",122,56,"Cesarean"
"10249.C056.08SS",153,56,"Cesarean"
"10249.C056.10SS",215,56,"Cesarean"
"10249.C014.02SS",31,14,"Vaginal"
"10249.C014.06SS",154,14,"Vaginal"
"10249.C014.08SS",211,14,"Vaginal"
"10249.C014.16SS",486,14,"Vaginal"
"10249.C014.18SS",614,14,"Vaginal"
"10249.C007.07SS",155,7,"Cesarean"
"10249.C007.09SS",214,7,"Cesarean"
"10249.C007.10SS",219,7,"Cesarean"
"10249.C007.19SS",490,7,"Cesarean"
"10249.C007.22SS",669,7,"Cesarean"
"10249.C021.01SS",1,21,"Cesarean"
"10249.C021.04SS",94,21,"Cesarean"
"10249.C021.05SS",161,21,"Cesarean"
"10249.C021.12SS",499,21,"Cesarean"
"10249.C021.13SS",559,21,"Cesarean"
"10249.C012.01SS",2,12,"Cesarean"
"10249.C012.10SS",215,12,"Cesarean"
"10249.C012.15SS",365,12,"Cesarean"
"10249.C012.16SS",426,12,"Cesarean"
"10249.C012.22SS",739,12,"Cesarean"
"10249.C022.07SS",182,22,"Vaginal"
"10249.C022.13SS",370,22,"Vaginal"
"10249.C022.15SS",489,22,"Vaginal"
"10249.C022.16SS",551,22,"Vaginal"
"10249.C022.18SS",671,22,"Vaginal"
"10249.C044.03SS",41,44,"Vaginal"
"10249.C044.04SS",62,44,"Vaginal"
"10249.C044.05SS",92,44,"Vaginal"
"10249.C044.10SS",244,44,"Vaginal"
"10249.C044.15SS",424,44,"Vaginal"
"10249.C035.03SS",61,35,"Vaginal"
"10249.C035.07SS",182,35,"Vaginal"
"10249.C035.10SS",277,35,"Vaginal"
"10249.C035.16SS",551,35,"Vaginal"
"10249.C035.17SS",608,35,"Vaginal"
"10249.C037.06SS",156,37,"Cesarean"
"10249.C037.09SS",253,37,"Cesarean"
"10249.C037.11SS",307,37,"Cesarean"
"10249.C037.14SS",426,37,"Cesarean"
"10249.C037.15SS",497,37,"Cesarean"
"10249.C005.03SS",43,5,"Cesarean"
"10249.C005.05SS",93,5,"Cesarean"
"10249.C005.07SS",155,5,"Cesarean"
"10249.C005.10SS",245,5,"Cesarean"
"10249.C005.11SS",276,5,"Cesarean"
"10249.C038.01SS",2,38,"Vaginal"
"10249.C038.04SS",61,38,"Vaginal"
"10249.C038.13SS",334,38,"Vaginal"
"10249.C038.15SS",428,38,"Vaginal"
"10249.C038.18SS",610,38,"Vaginal"
"10249.C053.03SS",45,53,"Cesarean"
"10249.C053.04SS",62,53,"Cesarean"
"10249.C053.07SS",153,53,"Cesarean"
"10249.C053.08SS",183,53,"Cesarean"
"10249.C053.09SS",214,53,"Cesarean"
"10249.C025.11SS",280,25,"Cesarean"
"10249.C025.14SS",365,25,"Cesarean"
"10249.C025.15SS",428,25,"Cesarean"
"10249.C025.19SS",666,25,"Cesarean"
"10249.C025.20SS",734,25,"Cesarean"
"10249.C002.03SS",53,2,"Cesarean"
"10249.C002.05SS",89,2,"Cesarean"
"10249.C002.15SS",488,2,"Cesarean"
"10249.C002.18SS",678,2,"Cesarean"
"10249.C002.19SS",731,2,"Cesarean"
"10249.C055.02SS",30,55,"Cesarean"
"10249.C055.03SS",41,55,"Cesarean"
"10249.C055.04SS",64,55,"Cesarean"
"10249.C055.06SS",120,55,"Cesarean"
"10249.C055.07SS",155,55,"Cesarean"
"10249.C031.06SS",119,31,"Vaginal"
"10249.C031.16SS",428,31,"Vaginal"
"10249.C031.19SS",618,31,"Vaginal"
"10249.C031.20SS",666,31,"Vaginal"
"10249.C031.21SS",729,31,"Vaginal"
"10249.C052.02SS",1,52,"Vaginal"
"10249.C052.03SS",32,52,"Vaginal"
"10249.C052.04SS",62,52,"Vaginal"
"10249.C052.06SS",127,52,"Vaginal"
"10249.C052.08SS",188,52,"Vaginal"
"10249.C049.01SS",4,49,"Vaginal"
"10249.C049.04SS",60,49,"Vaginal"
"10249.C049.10SS",213,49,"Vaginal"
"10249.C049.12SS",274,49,"Vaginal"
"10249.C049.14SS",337,49,"Vaginal"
"10249.C008.03SS",72,8,"Vaginal"
"10249.C008.04SS",126,8,"Vaginal"
"10249.C008.05SS",159,8,"Vaginal"
"10249.C008.06SS",189,8,"Vaginal"
"10249.C008.09SS",250,8,"Vaginal"
"10249.C016.03SS",31,16,"Vaginal"
"10249.C016.08SS",152,16,"Vaginal"
"10249.C016.14SS",333,16,"Vaginal"
"10249.C016.15SS",366,16,"Vaginal"
"10249.C016.22SS",733,16,"Vaginal"
"10249.C045.06SS",154,45,"Vaginal"
"10249.C045.08SS",213,45,"Vaginal"
"10249.C045.09SS",245,45,"Vaginal"
"10249.C045.11SS",304,45,"Vaginal"
"10249.C045.12SS",344,45,"Vaginal"
"10249.C047.05SS",94,47,"Cesarean"
"10249.C047.07SS",156,47,"Cesarean"
"10249.C047.09SS",221,47,"Cesarean"
"10249.C047.11SS",277,47,"Cesarean"
"10249.C047.13SS",347,47,"Cesarean"
