"","day_of_life","studyid","delivery"
"10249.C018.02SS",33,18,"Vaginal"
"10249.C018.03SS",90,18,"Vaginal"
"10249.C018.06SS",189,18,"Vaginal"
"10249.C018.17SS",732,18,"Vaginal"
"10249.C036.02SS",42,36,"Cesarean"
"10249.C036.04SS",126,36,"Cesarean"
"10249.C036.10SS",308,36,"Cesarean"
"10249.C036.15SS",559,36,"Cesarean"
"10249.C020.07SS",33,20,"Cesarean"
"10249.C020.09SS",95,20,"Cesarean"
"10249.C020.14SS",243,20,"Cesarean"
"10249.C020.24SS",599,20,"Cesarean"
"10249.C024.02SS",33,24,"Vaginal"
"10249.C024.06SS",86,24,"Vaginal"
"10249.C024.10SS",213,24,"Vaginal"
"10249.C024.12SS",272,24,"Vaginal"
"10249.C043.03SS",61,43,"Vaginal"
"10249.C043.05SS",126,43,"Vaginal"
"10249.C043.17SS",550,43,"Vaginal"
"10249.C043.20SS",616,43,"Vaginal"
"10249.C017.01SS",0,17,"Vaginal"
"10249.C017.05SS",45,17,"Vaginal"
"10249.C017.07SS",91,17,"Vaginal"
"10249.C017.08SS",123,17,"Vaginal"
"10249.C009.13SS",366,9,"Vaginal"
"10249.C009.17SS",613,9,"Vaginal"
"10249.C009.18SS",681,9,"Vaginal"
"10249.C009.19SS",739,9,"Vaginal"
"10249.C027.03SS",69,27,"Vaginal"
"10249.C027.07SS",181,27,"Vaginal"
"10249.C027.18SS",551,27,"Vaginal"
"10249.C027.20SS",673,27,"Vaginal"
"10249.C046.02SS",31,46,"Cesarean"
"10249.C046.09SS",244,46,"Cesarean"
"10249.C046.13SS",366,46,"Cesarean"
"10249.C046.14SS",433,46,"Cesarean"
"10249.C030.07SS",150,30,"Vaginal"
"10249.C030.13SS",334,30,"Vaginal"
"10249.C030.17SS",495,30,"Vaginal"
"10249.C030.19SS",606,30,"Vaginal"
"10249.C033.07SS",211,33,"Vaginal"
"10249.C033.11SS",272,33,"Vaginal"
"10249.C033.16SS",485,33,"Vaginal"
"10249.C033.17SS",547,33,"Vaginal"
"10249.C042.12SS",337,42,"Vaginal"
"10249.C042.15SS",493,42,"Vaginal"
"10249.C042.16SS",557,42,"Vaginal"
"10249.C042.17SS",616,42,"Vaginal"
"10249.C032.01SS",1,32,"Vaginal"
"10249.C032.03SS",52,32,"Vaginal"
"10249.C032.14SS",342,32,"Vaginal"
"10249.C032.17SS",485,32,"Vaginal"
"10249.C004.02SS",31,4,"Cesarean"
"10249.C004.03SS",55,4,"Cesarean"
"10249.C004.04SS",91,4,"Cesarean"
"10249.C004.09SS",245,4,"Cesarean"
"10249.C001.05SS",57,1,"Vaginal"
"10249.C001.14SS",294,1,"Vaginal"
"10249.C001.30SS",551,1,"Vaginal"
"10249.C001.32SS",677,1,"Vaginal"
"10249.C034.11SS",273,34,"Cesarean"
"10249.C034.15SS",424,34,"Cesarean"
"10249.C034.16SS",483,34,"Cesarean"
"10249.C034.17SS",539,34,"Cesarean"
"10249.C057.02SS",31,57,"Cesarean"
"10249.C057.03SS",62,57,"Cesarean"
"10249.C057.05SS",125,57,"Cesarean"
"10249.C057.06SS",157,57,"Cesarean"
"10249.C041.01SS",0,41,"Vaginal"
"10249.C041.10SS",232,41,"Vaginal"
"10249.C041.14SS",339,41,"Vaginal"
"10249.C041.19SS",618,41,"Vaginal"
"10249.C011.02SS",36,11,"Cesarean"
"10249.C011.05SS",156,11,"Cesarean"
"10249.C011.16SS",553,11,"Cesarean"
"10249.C011.17SS",610,11,"Cesarean"
"10249.C010.09SS",183,10,"Vaginal"
"10249.C010.12SS",275,10,"Vaginal"
"10249.C010.16SS",431,10,"Vaginal"
"10249.C010.20SS",737,10,"Vaginal"
"10249.C056.05SS",65,56,"Cesarean"
"10249.C056.08SS",153,56,"Cesarean"
"10249.C056.09SS",184,56,"Cesarean"
"10249.C056.10SS",215,56,"Cesarean"
"10249.C014.03SS",71,14,"Vaginal"
"10249.C014.13SS",368,14,"Vaginal"
"10249.C014.18SS",614,14,"Vaginal"
"10249.C014.19SS",675,14,"Vaginal"
"10249.C007.04SS",66,7,"Cesarean"
"10249.C007.07SS",155,7,"Cesarean"
"10249.C007.13SS",266,7,"Cesarean"
"10249.C007.20SS",551,7,"Cesarean"
"10249.C021.01SS",1,21,"Cesarean"
"10249.C021.03SS",37,21,"Cesarean"
"10249.C021.04SS",94,21,"Cesarean"
"10249.C021.12SS",499,21,"Cesarean"
"10249.C012.07SS",146,12,"Cesarean"
"10249.C012.14SS",335,12,"Cesarean"
"10249.C012.16SS",426,12,"Cesarean"
"10249.C012.20SS",675,12,"Cesarean"
"10249.C022.13SS",370,22,"Vaginal"
"10249.C022.16SS",551,22,"Vaginal"
"10249.C022.18SS",671,22,"Vaginal"
"10249.C022.19SS",737,22,"Vaginal"
"10249.C044.02SS",33,44,"Vaginal"
"10249.C044.04SS",62,44,"Vaginal"
"10249.C044.10SS",244,44,"Vaginal"
"10249.C044.17SS",553,44,"Vaginal"
"10249.C035.03SS",61,35,"Vaginal"
"10249.C035.14SS",427,35,"Vaginal"
"10249.C035.15SS",488,35,"Vaginal"
"10249.C035.16SS",551,35,"Vaginal"
"10249.C037.04SS",92,37,"Cesarean"
"10249.C037.06SS",156,37,"Cesarean"
"10249.C037.13SS",375,37,"Cesarean"
"10249.C037.15SS",497,37,"Cesarean"
"10249.C005.03SS",43,5,"Cesarean"
"10249.C005.07SS",155,5,"Cesarean"
"10249.C005.19SS",667,5,"Cesarean"
"10249.C005.20SS",735,5,"Cesarean"
"10249.C038.08SS",187,38,"Vaginal"
"10249.C038.14SS",365,38,"Vaginal"
"10249.C038.15SS",428,38,"Vaginal"
"10249.C038.16SS",487,38,"Vaginal"
"10249.C053.02SS",30,53,"Cesarean"
"10249.C053.05SS",95,53,"Cesarean"
"10249.C053.07SS",153,53,"Cesarean"
"10249.C053.09SS",214,53,"Cesarean"
"10249.C025.01SS",1,25,"Cesarean"
"10249.C025.02SS",30,25,"Cesarean"
"10249.C025.05SS",94,25,"Cesarean"
"10249.C025.19SS",666,25,"Cesarean"
"10249.C002.02SS",32,2,"Cesarean"
"10249.C002.03SS",53,2,"Cesarean"
"10249.C002.05SS",89,2,"Cesarean"
"10249.C002.18SS",678,2,"Cesarean"
"10249.C055.01SS",0,55,"Cesarean"
"10249.C055.02SS",30,55,"Cesarean"
"10249.C055.03SS",41,55,"Cesarean"
"10249.C055.04SS",64,55,"Cesarean"
"10249.C031.09SS",210,31,"Vaginal"
"10249.C031.13SS",341,31,"Vaginal"
"10249.C031.16SS",428,31,"Vaginal"
"10249.C031.21SS",729,31,"Vaginal"
"10249.C052.03SS",32,52,"Vaginal"
"10249.C052.04SS",62,52,"Vaginal"
"10249.C052.06SS",127,52,"Vaginal"
"10249.C052.08SS",188,52,"Vaginal"
"10249.C049.03SS",32,49,"Vaginal"
"10249.C049.04SS",60,49,"Vaginal"
"10249.C049.08SS",154,49,"Vaginal"
"10249.C049.13SS",305,49,"Vaginal"
"10249.C008.02SS",31,8,"Vaginal"
"10249.C008.06SS",189,8,"Vaginal"
"10249.C008.08SS",212,8,"Vaginal"
"10249.C008.10SS",273,8,"Vaginal"
"10249.C016.04SS",45,16,"Vaginal"
"10249.C016.08SS",152,16,"Vaginal"
"10249.C016.15SS",366,16,"Vaginal"
"10249.C016.22SS",733,16,"Vaginal"
"10249.C045.01SS",0,45,"Vaginal"
"10249.C045.02SS",31,45,"Vaginal"
"10249.C045.03SS",61,45,"Vaginal"
"10249.C045.09SS",245,45,"Vaginal"
"10249.C047.05SS",94,47,"Cesarean"
"10249.C047.09SS",221,47,"Cesarean"
"10249.C047.10SS",249,47,"Cesarean"
"10249.C047.11SS",277,47,"Cesarean"
