"","day_of_life","studyid","delivery"
"10249.C018.02SS",33,18,"Vaginal"
"10249.C018.03SS",90,18,"Vaginal"
"10249.C018.11SS",336,18,"Vaginal"
"10249.C018.17SS",732,18,"Vaginal"
"10249.C036.08SS",243,36,"Cesarean"
"10249.C036.13SS",425,36,"Cesarean"
"10249.C036.15SS",559,36,"Cesarean"
"10249.C036.16SS",610,36,"Cesarean"
"10249.C020.03SS",9,20,"Cesarean"
"10249.C020.05SS",13,20,"Cesarean"
"10249.C020.14SS",243,20,"Cesarean"
"10249.C020.26SS",670,20,"Cesarean"
"10249.C024.02SS",33,24,"Vaginal"
"10249.C024.05SS",75,24,"Vaginal"
"10249.C024.17SS",490,24,"Vaginal"
"10249.C024.21SS",734,24,"Vaginal"
"10249.C043.01SS",0,43,"Vaginal"
"10249.C043.06SS",154,43,"Vaginal"
"10249.C043.09SS",245,43,"Vaginal"
"10249.C043.16SS",490,43,"Vaginal"
"10249.C017.01SS",0,17,"Vaginal"
"10249.C017.02SS",2,17,"Vaginal"
"10249.C017.05SS",45,17,"Vaginal"
"10249.C017.11SS",216,17,"Vaginal"
"10249.C009.02SS",31,9,"Vaginal"
"10249.C009.07SS",185,9,"Vaginal"
"10249.C009.14SS",429,9,"Vaginal"
"10249.C009.16SS",555,9,"Vaginal"
"10249.C027.04SS",91,27,"Vaginal"
"10249.C027.05SS",119,27,"Vaginal"
"10249.C027.17SS",489,27,"Vaginal"
"10249.C027.19SS",607,27,"Vaginal"
"10249.C046.04SS",93,46,"Cesarean"
"10249.C046.09SS",244,46,"Cesarean"
"10249.C046.10SS",274,46,"Cesarean"
"10249.C046.14SS",433,46,"Cesarean"
"10249.C030.08SS",183,30,"Vaginal"
"10249.C030.10SS",243,30,"Vaginal"
"10249.C030.12SS",303,30,"Vaginal"
"10249.C030.19SS",606,30,"Vaginal"
"10249.C033.03SS",61,33,"Vaginal"
"10249.C033.06SS",180,33,"Vaginal"
"10249.C033.17SS",547,33,"Vaginal"
"10249.C033.18SS",608,33,"Vaginal"
"10249.C042.05SS",122,42,"Vaginal"
"10249.C042.08SS",216,42,"Vaginal"
"10249.C042.09SS",247,42,"Vaginal"
"10249.C042.10SS",277,42,"Vaginal"
"10249.C032.01SS",1,32,"Vaginal"
"10249.C032.11SS",272,32,"Vaginal"
"10249.C032.15SS",370,32,"Vaginal"
"10249.C032.19SS",555,32,"Vaginal"
"10249.C004.01SS",0,4,"Cesarean"
"10249.C004.04SS",91,4,"Cesarean"
"10249.C004.12SS",278,4,"Cesarean"
"10249.C004.13SS",308,4,"Cesarean"
"10249.C001.07SS",92,1,"Vaginal"
"10249.C001.20SS",378,1,"Vaginal"
"10249.C001.30SS",551,1,"Vaginal"
"10249.C001.34SS",733,1,"Vaginal"
"10249.C034.02SS",34,34,"Cesarean"
"10249.C034.06SS",119,34,"Cesarean"
"10249.C034.09SS",214,34,"Cesarean"
"10249.C034.16SS",483,34,"Cesarean"
"10249.C057.03SS",62,57,"Cesarean"
"10249.C057.04SS",91,57,"Cesarean"
"10249.C057.08SS",215,57,"Cesarean"
"10249.C057.10SS",244,57,"Cesarean"
"10249.C041.04SS",96,41,"Vaginal"
"10249.C041.06SS",157,41,"Vaginal"
"10249.C041.17SS",488,41,"Vaginal"
"10249.C041.19SS",618,41,"Vaginal"
"10249.C011.09SS",273,11,"Cesarean"
"10249.C011.10SS",303,11,"Cesarean"
"10249.C011.16SS",553,11,"Cesarean"
"10249.C011.18SS",676,11,"Cesarean"
"10249.C010.04SS",43,10,"Vaginal"
"10249.C010.12SS",275,10,"Vaginal"
"10249.C010.14SS",337,10,"Vaginal"
"10249.C010.20SS",737,10,"Vaginal"
"10249.C056.02SS",1,56,"Cesarean"
"10249.C056.06SS",93,56,"Cesarean"
"10249.C056.07SS",122,56,"Cesarean"
"10249.C056.08SS",153,56,"Cesarean"
"10249.C014.02SS",31,14,"Vaginal"
"10249.C014.07SS",184,14,"Vaginal"
"10249.C014.08SS",211,14,"Vaginal"
"10249.C014.16SS",486,14,"Vaginal"
"10249.C007.05SS",93,7,"Cesarean"
"10249.C007.16SS",334,7,"Cesarean"
"10249.C007.18SS",427,7,"Cesarean"
"10249.C007.20SS",551,7,"Cesarean"
"10249.C021.01SS",1,21,"Cesarean"
"10249.C021.07SS",245,21,"Cesarean"
"10249.C021.12SS",499,21,"Cesarean"
"10249.C021.13SS",559,21,"Cesarean"
"10249.C012.10SS",215,12,"Cesarean"
"10249.C012.12SS",272,12,"Cesarean"
"10249.C012.16SS",426,12,"Cesarean"
"10249.C012.22SS",739,12,"Cesarean"
"10249.C022.04SS",96,22,"Vaginal"
"10249.C022.11SS",304,22,"Vaginal"
"10249.C022.13SS",370,22,"Vaginal"
"10249.C022.15SS",489,22,"Vaginal"
"10249.C044.04SS",62,44,"Vaginal"
"10249.C044.07SS",155,44,"Vaginal"
"10249.C044.09SS",222,44,"Vaginal"
"10249.C044.10SS",244,44,"Vaginal"
"10249.C035.02SS",31,35,"Vaginal"
"10249.C035.03SS",61,35,"Vaginal"
"10249.C035.13SS",367,35,"Vaginal"
"10249.C035.17SS",608,35,"Vaginal"
"10249.C037.12SS",335,37,"Cesarean"
"10249.C037.13SS",375,37,"Cesarean"
"10249.C037.16SS",554,37,"Cesarean"
"10249.C037.17SS",612,37,"Cesarean"
"10249.C005.02SS",29,5,"Cesarean"
"10249.C005.03SS",43,5,"Cesarean"
"10249.C005.12SS",304,5,"Cesarean"
"10249.C005.20SS",735,5,"Cesarean"
"10249.C038.02SS",33,38,"Vaginal"
"10249.C038.05SS",98,38,"Vaginal"
"10249.C038.13SS",334,38,"Vaginal"
"10249.C038.18SS",610,38,"Vaginal"
"10249.C053.03SS",45,53,"Cesarean"
"10249.C053.05SS",95,53,"Cesarean"
"10249.C053.06SS",123,53,"Cesarean"
"10249.C053.09SS",214,53,"Cesarean"
"10249.C025.07SS",158,25,"Cesarean"
"10249.C025.14SS",365,25,"Cesarean"
"10249.C025.17SS",548,25,"Cesarean"
"10249.C025.19SS",666,25,"Cesarean"
"10249.C002.05SS",89,2,"Cesarean"
"10249.C002.06SS",123,2,"Cesarean"
"10249.C002.08SS",190,2,"Cesarean"
"10249.C002.09SS",249,2,"Cesarean"
"10249.C055.01SS",0,55,"Cesarean"
"10249.C055.03SS",41,55,"Cesarean"
"10249.C055.05SS",91,55,"Cesarean"
"10249.C055.09SS",211,55,"Cesarean"
"10249.C031.02SS",32,31,"Vaginal"
"10249.C031.08SS",184,31,"Vaginal"
"10249.C031.16SS",428,31,"Vaginal"
"10249.C031.18SS",547,31,"Vaginal"
"10249.C052.02SS",1,52,"Vaginal"
"10249.C052.03SS",32,52,"Vaginal"
"10249.C052.06SS",127,52,"Vaginal"
"10249.C052.08SS",188,52,"Vaginal"
"10249.C049.01SS",4,49,"Vaginal"
"10249.C049.08SS",154,49,"Vaginal"
"10249.C049.10SS",213,49,"Vaginal"
"10249.C049.12SS",274,49,"Vaginal"
"10249.C008.05SS",159,8,"Vaginal"
"10249.C008.07SS",194,8,"Vaginal"
"10249.C008.12SS",364,8,"Vaginal"
"10249.C008.13SS",437,8,"Vaginal"
"10249.C016.05SS",64,16,"Vaginal"
"10249.C016.08SS",152,16,"Vaginal"
"10249.C016.13SS",303,16,"Vaginal"
"10249.C016.17SS",428,16,"Vaginal"
"10249.C045.02SS",31,45,"Vaginal"
"10249.C045.05SS",120,45,"Vaginal"
"10249.C045.10SS",276,45,"Vaginal"
"10249.C045.11SS",304,45,"Vaginal"
"10249.C047.07SS",156,47,"Cesarean"
"10249.C047.09SS",221,47,"Cesarean"
"10249.C047.11SS",277,47,"Cesarean"
"10249.C047.13SS",347,47,"Cesarean"
