"","day_of_life","studyid","delivery"
"10249.C018.04SS",125,18,"Vaginal"
"10249.C018.13SS",425,18,"Vaginal"
"10249.C018.17SS",732,18,"Vaginal"
"10249.C036.08SS",243,36,"Cesarean"
"10249.C036.10SS",308,36,"Cesarean"
"10249.C036.15SS",559,36,"Cesarean"
"10249.C020.13SS",211,20,"Cesarean"
"10249.C020.18SS",365,20,"Cesarean"
"10249.C020.20SS",487,20,"Cesarean"
"10249.C024.01SS",0,24,"Vaginal"
"10249.C024.03SS",43,24,"Vaginal"
"10249.C024.20SS",673,24,"Vaginal"
"10249.C043.06SS",154,43,"Vaginal"
"10249.C043.09SS",245,43,"Vaginal"
"10249.C043.14SS",364,43,"Vaginal"
"10249.C017.04SS",32,17,"Vaginal"
"10249.C017.07SS",91,17,"Vaginal"
"10249.C017.09SS",152,17,"Vaginal"
"10249.C009.05SS",122,9,"Vaginal"
"10249.C009.17SS",613,9,"Vaginal"
"10249.C009.19SS",739,9,"Vaginal"
"10249.C027.15SS",370,27,"Vaginal"
"10249.C027.18SS",551,27,"Vaginal"
"10249.C027.21SS",736,27,"Vaginal"
"10249.C046.01SS",1,46,"Cesarean"
"10249.C046.12SS",336,46,"Cesarean"
"10249.C046.14SS",433,46,"Cesarean"
"10249.C030.07SS",150,30,"Vaginal"
"10249.C030.10SS",243,30,"Vaginal"
"10249.C030.14SS",365,30,"Vaginal"
"10249.C033.06SS",180,33,"Vaginal"
"10249.C033.09SS",236,33,"Vaginal"
"10249.C033.15SS",427,33,"Vaginal"
"10249.C042.06SS",154,42,"Vaginal"
"10249.C042.10SS",277,42,"Vaginal"
"10249.C042.16SS",557,42,"Vaginal"
"10249.C032.13SS",337,32,"Vaginal"
"10249.C032.14SS",342,32,"Vaginal"
"10249.C032.19SS",555,32,"Vaginal"
"10249.C004.09SS",245,4,"Cesarean"
"10249.C004.12SS",278,4,"Cesarean"
"10249.C004.14SS",340,4,"Cesarean"
"10249.C001.18SS",367,1,"Vaginal"
"10249.C001.19SS",375,1,"Vaginal"
"10249.C001.29SS",488,1,"Vaginal"
"10249.C034.02SS",34,34,"Cesarean"
"10249.C034.15SS",424,34,"Cesarean"
"10249.C034.17SS",539,34,"Cesarean"
"10249.C057.05SS",125,57,"Cesarean"
"10249.C057.10SS",244,57,"Cesarean"
"10249.C057.11SS",277,57,"Cesarean"
"10249.C041.05SS",126,41,"Vaginal"
"10249.C041.08SS",186,41,"Vaginal"
"10249.C041.19SS",618,41,"Vaginal"
"10249.C011.10SS",303,11,"Cesarean"
"10249.C011.16SS",553,11,"Cesarean"
"10249.C011.19SS",737,11,"Cesarean"
"10249.C010.09SS",183,10,"Vaginal"
"10249.C010.12SS",275,10,"Vaginal"
"10249.C010.14SS",337,10,"Vaginal"
"10249.C056.04SS",31,56,"Cesarean"
"10249.C056.08SS",153,56,"Cesarean"
"10249.C056.09SS",184,56,"Cesarean"
"10249.C014.13SS",368,14,"Vaginal"
"10249.C014.15SS",426,14,"Vaginal"
"10249.C014.18SS",614,14,"Vaginal"
"10249.C007.06SS",127,7,"Cesarean"
"10249.C007.07SS",155,7,"Cesarean"
"10249.C007.22SS",669,7,"Cesarean"
"10249.C021.01SS",1,21,"Cesarean"
"10249.C021.04SS",94,21,"Cesarean"
"10249.C021.13SS",559,21,"Cesarean"
"10249.C012.16SS",426,12,"Cesarean"
"10249.C012.19SS",609,12,"Cesarean"
"10249.C012.22SS",739,12,"Cesarean"
"10249.C022.11SS",304,22,"Vaginal"
"10249.C022.18SS",671,22,"Vaginal"
"10249.C022.19SS",737,22,"Vaginal"
"10249.C044.07SS",155,44,"Vaginal"
"10249.C044.16SS",497,44,"Vaginal"
"10249.C044.17SS",553,44,"Vaginal"
"10249.C035.11SS",307,35,"Vaginal"
"10249.C035.12SS",334,35,"Vaginal"
"10249.C035.16SS",551,35,"Vaginal"
"10249.C037.05SS",123,37,"Cesarean"
"10249.C037.17SS",612,37,"Cesarean"
"10249.C037.18SS",674,37,"Cesarean"
"10249.C005.01SS",1,5,"Cesarean"
"10249.C005.16SS",485,5,"Cesarean"
"10249.C005.20SS",735,5,"Cesarean"
"10249.C038.08SS",187,38,"Vaginal"
"10249.C038.11SS",278,38,"Vaginal"
"10249.C038.18SS",610,38,"Vaginal"
"10249.C053.04SS",62,53,"Cesarean"
"10249.C053.06SS",123,53,"Cesarean"
"10249.C053.08SS",183,53,"Cesarean"
"10249.C025.12SS",303,25,"Cesarean"
"10249.C025.17SS",548,25,"Cesarean"
"10249.C025.20SS",734,25,"Cesarean"
"10249.C002.01SS",0,2,"Cesarean"
"10249.C002.13SS",369,2,"Cesarean"
"10249.C002.15SS",488,2,"Cesarean"
"10249.C055.02SS",30,55,"Cesarean"
"10249.C055.03SS",41,55,"Cesarean"
"10249.C055.08SS",183,55,"Cesarean"
"10249.C031.07SS",152,31,"Vaginal"
"10249.C031.18SS",547,31,"Vaginal"
"10249.C031.21SS",729,31,"Vaginal"
"10249.C052.03SS",32,52,"Vaginal"
"10249.C052.07SS",154,52,"Vaginal"
"10249.C052.09SS",245,52,"Vaginal"
"10249.C049.07SS",124,49,"Vaginal"
"10249.C049.09SS",181,49,"Vaginal"
"10249.C049.13SS",305,49,"Vaginal"
"10249.C008.05SS",159,8,"Vaginal"
"10249.C008.07SS",194,8,"Vaginal"
"10249.C008.16SS",615,8,"Vaginal"
"10249.C016.10SS",213,16,"Vaginal"
"10249.C016.13SS",303,16,"Vaginal"
"10249.C016.15SS",366,16,"Vaginal"
"10249.C045.01SS",0,45,"Vaginal"
"10249.C045.06SS",154,45,"Vaginal"
"10249.C045.12SS",344,45,"Vaginal"
"10249.C047.07SS",156,47,"Cesarean"
"10249.C047.08SS",185,47,"Cesarean"
"10249.C047.09SS",221,47,"Cesarean"
