"","day_of_life","studyid","delivery"
"10249.C018.03SS",90,18,"Vaginal"
"10249.C018.17SS",732,18,"Vaginal"
"10249.C036.13SS",425,36,"Cesarean"
"10249.C036.14SS",490,36,"Cesarean"
"10249.C020.19SS",426,20,"Cesarean"
"10249.C020.24SS",599,20,"Cesarean"
"10249.C024.09SS",182,24,"Vaginal"
"10249.C024.15SS",373,24,"Vaginal"
"10249.C043.15SS",428,43,"Vaginal"
"10249.C043.20SS",616,43,"Vaginal"
"10249.C017.05SS",45,17,"Vaginal"
"10249.C017.09SS",152,17,"Vaginal"
"10249.C009.05SS",122,9,"Vaginal"
"10249.C009.08SS",214,9,"Vaginal"
"10249.C027.07SS",181,27,"Vaginal"
"10249.C027.18SS",551,27,"Vaginal"
"10249.C046.06SS",151,46,"Cesarean"
"10249.C046.09SS",244,46,"Cesarean"
"10249.C030.14SS",365,30,"Vaginal"
"10249.C030.17SS",495,30,"Vaginal"
"10249.C033.03SS",61,33,"Vaginal"
"10249.C033.09SS",236,33,"Vaginal"
"10249.C042.13SS",374,42,"Vaginal"
"10249.C042.15SS",493,42,"Vaginal"
"10249.C032.14SS",342,32,"Vaginal"
"10249.C032.21SS",674,32,"Vaginal"
"10249.C004.06SS",154,4,"Cesarean"
"10249.C004.09SS",245,4,"Cesarean"
"10249.C001.30SS",551,1,"Vaginal"
"10249.C001.31SS",613,1,"Vaginal"
"10249.C034.10SS",243,34,"Cesarean"
"10249.C034.17SS",539,34,"Cesarean"
"10249.C057.04SS",91,57,"Cesarean"
"10249.C057.10SS",244,57,"Cesarean"
"10249.C041.05SS",126,41,"Vaginal"
"10249.C041.17SS",488,41,"Vaginal"
"10249.C011.04SS",120,11,"Cesarean"
"10249.C011.12SS",373,11,"Cesarean"
"10249.C010.05SS",60,10,"Vaginal"
"10249.C010.14SS",337,10,"Vaginal"
"10249.C056.09SS",184,56,"Cesarean"
"10249.C056.10SS",215,56,"Cesarean"
"10249.C014.18SS",614,14,"Vaginal"
"10249.C014.19SS",675,14,"Vaginal"
"10249.C007.04SS",66,7,"Cesarean"
"10249.C007.19SS",490,7,"Cesarean"
"10249.C021.04SS",94,21,"Cesarean"
"10249.C021.08SS",306,21,"Cesarean"
"10249.C012.15SS",365,12,"Cesarean"
"10249.C012.17SS",490,12,"Cesarean"
"10249.C022.15SS",489,22,"Vaginal"
"10249.C022.16SS",551,22,"Vaginal"
"10249.C044.02SS",33,44,"Vaginal"
"10249.C044.17SS",553,44,"Vaginal"
"10249.C035.07SS",182,35,"Vaginal"
"10249.C035.11SS",307,35,"Vaginal"
"10249.C037.01SS",1,37,"Cesarean"
"10249.C037.10SS",274,37,"Cesarean"
"10249.C005.09SS",213,5,"Cesarean"
"10249.C005.19SS",667,5,"Cesarean"
"10249.C038.15SS",428,38,"Vaginal"
"10249.C038.16SS",487,38,"Vaginal"
"10249.C053.07SS",153,53,"Cesarean"
"10249.C053.09SS",214,53,"Cesarean"
"10249.C025.08SS",183,25,"Cesarean"
"10249.C025.10SS",240,25,"Cesarean"
"10249.C002.03SS",53,2,"Cesarean"
"10249.C002.16SS",555,2,"Cesarean"
"10249.C055.01SS",0,55,"Cesarean"
"10249.C055.09SS",211,55,"Cesarean"
"10249.C031.04SS",54,31,"Vaginal"
"10249.C031.05SS",89,31,"Vaginal"
"10249.C052.04SS",62,52,"Vaginal"
"10249.C052.08SS",188,52,"Vaginal"
"10249.C049.01SS",4,49,"Vaginal"
"10249.C049.13SS",305,49,"Vaginal"
"10249.C008.05SS",159,8,"Vaginal"
"10249.C008.11SS",308,8,"Vaginal"
"10249.C016.02SS",8,16,"Vaginal"
"10249.C016.15SS",366,16,"Vaginal"
"10249.C045.06SS",154,45,"Vaginal"
"10249.C045.11SS",304,45,"Vaginal"
"10249.C047.08SS",185,47,"Cesarean"
"10249.C047.13SS",347,47,"Cesarean"
