"","day_of_life","studyid","delivery"
"10249.C018.07SS",214,18,"Vaginal"
"10249.C018.08SS",244,18,"Vaginal"
"10249.C018.10SS",312,18,"Vaginal"
"10249.C018.13SS",425,18,"Vaginal"
"10249.C018.15SS",548,18,"Vaginal"
"10249.C036.03SS",65,36,"Cesarean"
"10249.C036.11SS",334,36,"Cesarean"
"10249.C036.13SS",425,36,"Cesarean"
"10249.C036.14SS",490,36,"Cesarean"
"10249.C036.16SS",610,36,"Cesarean"
"10249.C020.01SS",0,20,"Cesarean"
"10249.C020.10SS",123,20,"Cesarean"
"10249.C020.13SS",211,20,"Cesarean"
"10249.C020.19SS",426,20,"Cesarean"
"10249.C020.23SS",594,20,"Cesarean"
"10249.C024.04SS",61,24,"Vaginal"
"10249.C024.06SS",86,24,"Vaginal"
"10249.C024.17SS",490,24,"Vaginal"
"10249.C024.18SS",551,24,"Vaginal"
"10249.C024.20SS",673,24,"Vaginal"
"10249.C043.01SS",0,43,"Vaginal"
"10249.C043.07SS",189,43,"Vaginal"
"10249.C043.09SS",245,43,"Vaginal"
"10249.C043.16SS",490,43,"Vaginal"
"10249.C043.20SS",616,43,"Vaginal"
"10249.C017.02SS",2,17,"Vaginal"
"10249.C017.05SS",45,17,"Vaginal"
"10249.C017.06SS",63,17,"Vaginal"
"10249.C017.07SS",91,17,"Vaginal"
"10249.C017.11SS",216,17,"Vaginal"
"10249.C009.01SS",1,9,"Vaginal"
"10249.C009.03SS",64,9,"Vaginal"
"10249.C009.07SS",185,9,"Vaginal"
"10249.C009.08SS",214,9,"Vaginal"
"10249.C009.13SS",366,9,"Vaginal"
"10249.C027.05SS",119,27,"Vaginal"
"10249.C027.08SS",211,27,"Vaginal"
"10249.C027.15SS",370,27,"Vaginal"
"10249.C027.18SS",551,27,"Vaginal"
"10249.C027.19SS",607,27,"Vaginal"
"10249.C046.07SS",184,46,"Cesarean"
"10249.C046.10SS",274,46,"Cesarean"
"10249.C046.11SS",306,46,"Cesarean"
"10249.C046.13SS",366,46,"Cesarean"
"10249.C046.14SS",433,46,"Cesarean"
"10249.C030.04SS",61,30,"Vaginal"
"10249.C030.10SS",243,30,"Vaginal"
"10249.C030.16SS",429,30,"Vaginal"
"10249.C030.19SS",606,30,"Vaginal"
"10249.C030.20SS",674,30,"Vaginal"
"10249.C033.05SS",147,33,"Vaginal"
"10249.C033.10SS",240,33,"Vaginal"
"10249.C033.16SS",485,33,"Vaginal"
"10249.C033.17SS",547,33,"Vaginal"
"10249.C033.18SS",608,33,"Vaginal"
"10249.C042.03SS",61,42,"Vaginal"
"10249.C042.12SS",337,42,"Vaginal"
"10249.C042.15SS",493,42,"Vaginal"
"10249.C042.16SS",557,42,"Vaginal"
"10249.C042.17SS",616,42,"Vaginal"
"10249.C032.01SS",1,32,"Vaginal"
"10249.C032.05SS",91,32,"Vaginal"
"10249.C032.15SS",370,32,"Vaginal"
"10249.C032.17SS",485,32,"Vaginal"
"10249.C032.20SS",609,32,"Vaginal"
"10249.C004.01SS",0,4,"Cesarean"
"10249.C004.03SS",55,4,"Cesarean"
"10249.C004.05SS",124,4,"Cesarean"
"10249.C004.07SS",186,4,"Cesarean"
"10249.C004.09SS",245,4,"Cesarean"
"10249.C001.05SS",57,1,"Vaginal"
"10249.C001.10SS",183,1,"Vaginal"
"10249.C001.16SS",307,1,"Vaginal"
"10249.C001.19SS",375,1,"Vaginal"
"10249.C001.30SS",551,1,"Vaginal"
"10249.C034.01SS",1,34,"Cesarean"
"10249.C034.02SS",34,34,"Cesarean"
"10249.C034.08SS",183,34,"Cesarean"
"10249.C034.14SS",369,34,"Cesarean"
"10249.C034.15SS",424,34,"Cesarean"
"10249.C057.02SS",31,57,"Cesarean"
"10249.C057.04SS",91,57,"Cesarean"
"10249.C057.05SS",125,57,"Cesarean"
"10249.C057.09SS",238,57,"Cesarean"
"10249.C057.10SS",244,57,"Cesarean"
"10249.C041.03SS",64,41,"Vaginal"
"10249.C041.08SS",186,41,"Vaginal"
"10249.C041.13SS",310,41,"Vaginal"
"10249.C041.17SS",488,41,"Vaginal"
"10249.C041.18SS",556,41,"Vaginal"
"10249.C011.07SS",210,11,"Cesarean"
"10249.C011.09SS",273,11,"Cesarean"
"10249.C011.10SS",303,11,"Cesarean"
"10249.C011.12SS",373,11,"Cesarean"
"10249.C011.16SS",553,11,"Cesarean"
"10249.C010.01SS",2,10,"Vaginal"
"10249.C010.10SS",219,10,"Vaginal"
"10249.C010.16SS",431,10,"Vaginal"
"10249.C010.19SS",677,10,"Vaginal"
"10249.C010.20SS",737,10,"Vaginal"
"10249.C056.01SS",0,56,"Cesarean"
"10249.C056.04SS",31,56,"Cesarean"
"10249.C056.06SS",93,56,"Cesarean"
"10249.C056.08SS",153,56,"Cesarean"
"10249.C056.09SS",184,56,"Cesarean"
"10249.C014.02SS",31,14,"Vaginal"
"10249.C014.04SS",92,14,"Vaginal"
"10249.C014.06SS",154,14,"Vaginal"
"10249.C014.18SS",614,14,"Vaginal"
"10249.C014.20SS",737,14,"Vaginal"
"10249.C007.09SS",214,7,"Cesarean"
"10249.C007.17SS",364,7,"Cesarean"
"10249.C007.18SS",427,7,"Cesarean"
"10249.C007.19SS",490,7,"Cesarean"
"10249.C007.22SS",669,7,"Cesarean"
"10249.C021.02SS",2,21,"Cesarean"
"10249.C021.06SS",188,21,"Cesarean"
"10249.C021.09SS",347,21,"Cesarean"
"10249.C021.10SS",351,21,"Cesarean"
"10249.C021.12SS",499,21,"Cesarean"
"10249.C012.02SS",29,12,"Cesarean"
"10249.C012.14SS",335,12,"Cesarean"
"10249.C012.17SS",490,12,"Cesarean"
"10249.C012.19SS",609,12,"Cesarean"
"10249.C012.22SS",739,12,"Cesarean"
"10249.C022.04SS",96,22,"Vaginal"
"10249.C022.11SS",304,22,"Vaginal"
"10249.C022.12SS",342,22,"Vaginal"
"10249.C022.15SS",489,22,"Vaginal"
"10249.C022.18SS",671,22,"Vaginal"
"10249.C044.03SS",41,44,"Vaginal"
"10249.C044.06SS",127,44,"Vaginal"
"10249.C044.11SS",276,44,"Vaginal"
"10249.C044.12SS",307,44,"Vaginal"
"10249.C044.17SS",553,44,"Vaginal"
"10249.C035.01SS",0,35,"Vaginal"
"10249.C035.03SS",61,35,"Vaginal"
"10249.C035.10SS",277,35,"Vaginal"
"10249.C035.11SS",307,35,"Vaginal"
"10249.C035.14SS",427,35,"Vaginal"
"10249.C037.02SS",33,37,"Cesarean"
"10249.C037.09SS",253,37,"Cesarean"
"10249.C037.12SS",335,37,"Cesarean"
"10249.C037.13SS",375,37,"Cesarean"
"10249.C037.15SS",497,37,"Cesarean"
"10249.C005.02SS",29,5,"Cesarean"
"10249.C005.05SS",93,5,"Cesarean"
"10249.C005.10SS",245,5,"Cesarean"
"10249.C005.16SS",485,5,"Cesarean"
"10249.C005.20SS",735,5,"Cesarean"
"10249.C038.01SS",2,38,"Vaginal"
"10249.C038.07SS",153,38,"Vaginal"
"10249.C038.12SS",305,38,"Vaginal"
"10249.C038.16SS",487,38,"Vaginal"
"10249.C038.18SS",610,38,"Vaginal"
"10249.C053.03SS",45,53,"Cesarean"
"10249.C053.04SS",62,53,"Cesarean"
"10249.C053.07SS",153,53,"Cesarean"
"10249.C053.08SS",183,53,"Cesarean"
"10249.C053.09SS",214,53,"Cesarean"
"10249.C025.09SS",211,25,"Cesarean"
"10249.C025.11SS",280,25,"Cesarean"
"10249.C025.14SS",365,25,"Cesarean"
"10249.C025.16SS",489,25,"Cesarean"
"10249.C025.20SS",734,25,"Cesarean"
"10249.C002.02SS",32,2,"Cesarean"
"10249.C002.06SS",123,2,"Cesarean"
"10249.C002.10SS",284,2,"Cesarean"
"10249.C002.12SS",338,2,"Cesarean"
"10249.C002.15SS",488,2,"Cesarean"
"10249.C055.02SS",30,55,"Cesarean"
"10249.C055.03SS",41,55,"Cesarean"
"10249.C055.06SS",120,55,"Cesarean"
"10249.C055.07SS",155,55,"Cesarean"
"10249.C055.09SS",211,55,"Cesarean"
"10249.C031.01SS",0,31,"Vaginal"
"10249.C031.07SS",152,31,"Vaginal"
"10249.C031.12SS",307,31,"Vaginal"
"10249.C031.18SS",547,31,"Vaginal"
"10249.C031.20SS",666,31,"Vaginal"
"10249.C052.02SS",1,52,"Vaginal"
"10249.C052.04SS",62,52,"Vaginal"
"10249.C052.07SS",154,52,"Vaginal"
"10249.C052.08SS",188,52,"Vaginal"
"10249.C052.09SS",245,52,"Vaginal"
"10249.C049.02SS",5,49,"Vaginal"
"10249.C049.09SS",181,49,"Vaginal"
"10249.C049.10SS",213,49,"Vaginal"
"10249.C049.12SS",274,49,"Vaginal"
"10249.C049.14SS",337,49,"Vaginal"
"10249.C008.04SS",126,8,"Vaginal"
"10249.C008.08SS",212,8,"Vaginal"
"10249.C008.10SS",273,8,"Vaginal"
"10249.C008.11SS",308,8,"Vaginal"
"10249.C008.14SS",490,8,"Vaginal"
"10249.C016.01SS",1,16,"Vaginal"
"10249.C016.05SS",64,16,"Vaginal"
"10249.C016.06SS",92,16,"Vaginal"
"10249.C016.13SS",303,16,"Vaginal"
"10249.C016.20SS",608,16,"Vaginal"
"10249.C045.01SS",0,45,"Vaginal"
"10249.C045.03SS",61,45,"Vaginal"
"10249.C045.04SS",91,45,"Vaginal"
"10249.C045.06SS",154,45,"Vaginal"
"10249.C045.12SS",344,45,"Vaginal"
"10249.C047.05SS",94,47,"Cesarean"
"10249.C047.06SS",126,47,"Cesarean"
"10249.C047.08SS",185,47,"Cesarean"
"10249.C047.10SS",249,47,"Cesarean"
"10249.C047.13SS",347,47,"Cesarean"
