"","day_of_life","studyid","delivery"
"10249.C018.05SS",154,18,"Vaginal"
"10249.C018.11SS",336,18,"Vaginal"
"10249.C018.12SS",373,18,"Vaginal"
"10249.C018.16SS",606,18,"Vaginal"
"10249.C018.17SS",732,18,"Vaginal"
"10249.C036.04SS",126,36,"Cesarean"
"10249.C036.05SS",162,36,"Cesarean"
"10249.C036.09SS",276,36,"Cesarean"
"10249.C036.14SS",490,36,"Cesarean"
"10249.C036.15SS",559,36,"Cesarean"
"10249.C020.08SS",69,20,"Cesarean"
"10249.C020.11SS",153,20,"Cesarean"
"10249.C020.13SS",211,20,"Cesarean"
"10249.C020.20SS",487,20,"Cesarean"
"10249.C020.23SS",594,20,"Cesarean"
"10249.C024.13SS",310,24,"Vaginal"
"10249.C024.16SS",416,24,"Vaginal"
"10249.C024.17SS",490,24,"Vaginal"
"10249.C024.20SS",673,24,"Vaginal"
"10249.C024.21SS",734,24,"Vaginal"
"10249.C043.07SS",189,43,"Vaginal"
"10249.C043.11SS",306,43,"Vaginal"
"10249.C043.15SS",428,43,"Vaginal"
"10249.C043.18SS",555,43,"Vaginal"
"10249.C043.20SS",616,43,"Vaginal"
"10249.C017.05SS",45,17,"Vaginal"
"10249.C017.06SS",63,17,"Vaginal"
"10249.C017.07SS",91,17,"Vaginal"
"10249.C017.10SS",179,17,"Vaginal"
"10249.C017.11SS",216,17,"Vaginal"
"10249.C009.06SS",155,9,"Vaginal"
"10249.C009.08SS",214,9,"Vaginal"
"10249.C009.14SS",429,9,"Vaginal"
"10249.C009.18SS",681,9,"Vaginal"
"10249.C009.19SS",739,9,"Vaginal"
"10249.C027.02SS",35,27,"Vaginal"
"10249.C027.07SS",181,27,"Vaginal"
"10249.C027.16SS",429,27,"Vaginal"
"10249.C027.18SS",551,27,"Vaginal"
"10249.C027.20SS",673,27,"Vaginal"
"10249.C046.03SS",54,46,"Cesarean"
"10249.C046.04SS",93,46,"Cesarean"
"10249.C046.10SS",274,46,"Cesarean"
"10249.C046.11SS",306,46,"Cesarean"
"10249.C046.13SS",366,46,"Cesarean"
"10249.C030.01SS",0,30,"Vaginal"
"10249.C030.06SS",122,30,"Vaginal"
"10249.C030.11SS",276,30,"Vaginal"
"10249.C030.13SS",334,30,"Vaginal"
"10249.C030.20SS",674,30,"Vaginal"
"10249.C033.04SS",119,33,"Vaginal"
"10249.C033.12SS",305,33,"Vaginal"
"10249.C033.15SS",427,33,"Vaginal"
"10249.C033.16SS",485,33,"Vaginal"
"10249.C033.17SS",547,33,"Vaginal"
"10249.C042.03SS",61,42,"Vaginal"
"10249.C042.06SS",154,42,"Vaginal"
"10249.C042.12SS",337,42,"Vaginal"
"10249.C042.13SS",374,42,"Vaginal"
"10249.C042.15SS",493,42,"Vaginal"
"10249.C032.01SS",1,32,"Vaginal"
"10249.C032.07SS",153,32,"Vaginal"
"10249.C032.16SS",422,32,"Vaginal"
"10249.C032.20SS",609,32,"Vaginal"
"10249.C032.22SS",734,32,"Vaginal"
"10249.C004.02SS",31,4,"Cesarean"
"10249.C004.03SS",55,4,"Cesarean"
"10249.C004.04SS",91,4,"Cesarean"
"10249.C004.08SS",214,4,"Cesarean"
"10249.C004.10SS",257,4,"Cesarean"
"10249.C001.03SS",42,1,"Vaginal"
"10249.C001.05SS",57,1,"Vaginal"
"10249.C001.08SS",122,1,"Vaginal"
"10249.C001.25SS",411,1,"Vaginal"
"10249.C001.26SS",427,1,"Vaginal"
"10249.C034.01SS",1,34,"Cesarean"
"10249.C034.11SS",273,34,"Cesarean"
"10249.C034.12SS",308,34,"Cesarean"
"10249.C034.15SS",424,34,"Cesarean"
"10249.C034.16SS",483,34,"Cesarean"
"10249.C057.02SS",31,57,"Cesarean"
"10249.C057.03SS",62,57,"Cesarean"
"10249.C057.06SS",157,57,"Cesarean"
"10249.C057.08SS",215,57,"Cesarean"
"10249.C057.10SS",244,57,"Cesarean"
"10249.C041.06SS",157,41,"Vaginal"
"10249.C041.08SS",186,41,"Vaginal"
"10249.C041.09SS",214,41,"Vaginal"
"10249.C041.17SS",488,41,"Vaginal"
"10249.C041.19SS",618,41,"Vaginal"
"10249.C011.04SS",120,11,"Cesarean"
"10249.C011.07SS",210,11,"Cesarean"
"10249.C011.16SS",553,11,"Cesarean"
"10249.C011.17SS",610,11,"Cesarean"
"10249.C011.19SS",737,11,"Cesarean"
"10249.C010.04SS",43,10,"Vaginal"
"10249.C010.05SS",60,10,"Vaginal"
"10249.C010.08SS",152,10,"Vaginal"
"10249.C010.12SS",275,10,"Vaginal"
"10249.C010.20SS",737,10,"Vaginal"
"10249.C056.01SS",0,56,"Cesarean"
"10249.C056.02SS",1,56,"Cesarean"
"10249.C056.04SS",31,56,"Cesarean"
"10249.C056.06SS",93,56,"Cesarean"
"10249.C056.07SS",122,56,"Cesarean"
"10249.C014.01SS",1,14,"Vaginal"
"10249.C014.08SS",211,14,"Vaginal"
"10249.C014.10SS",276,14,"Vaginal"
"10249.C014.12SS",333,14,"Vaginal"
"10249.C014.15SS",426,14,"Vaginal"
"10249.C007.06SS",127,7,"Cesarean"
"10249.C007.16SS",334,7,"Cesarean"
"10249.C007.19SS",490,7,"Cesarean"
"10249.C007.21SS",608,7,"Cesarean"
"10249.C007.23SS",729,7,"Cesarean"
"10249.C021.05SS",161,21,"Cesarean"
"10249.C021.09SS",347,21,"Cesarean"
"10249.C021.10SS",351,21,"Cesarean"
"10249.C021.12SS",499,21,"Cesarean"
"10249.C021.13SS",559,21,"Cesarean"
"10249.C012.03SS",40,12,"Cesarean"
"10249.C012.17SS",490,12,"Cesarean"
"10249.C012.19SS",609,12,"Cesarean"
"10249.C012.20SS",675,12,"Cesarean"
"10249.C012.21SS",732,12,"Cesarean"
"10249.C022.06SS",153,22,"Vaginal"
"10249.C022.08SS",217,22,"Vaginal"
"10249.C022.13SS",370,22,"Vaginal"
"10249.C022.15SS",489,22,"Vaginal"
"10249.C022.16SS",551,22,"Vaginal"
"10249.C044.01SS",1,44,"Vaginal"
"10249.C044.10SS",244,44,"Vaginal"
"10249.C044.12SS",307,44,"Vaginal"
"10249.C044.15SS",424,44,"Vaginal"
"10249.C044.16SS",497,44,"Vaginal"
"10249.C035.05SS",122,35,"Vaginal"
"10249.C035.06SS",153,35,"Vaginal"
"10249.C035.13SS",367,35,"Vaginal"
"10249.C035.15SS",488,35,"Vaginal"
"10249.C035.16SS",551,35,"Vaginal"
"10249.C037.04SS",92,37,"Cesarean"
"10249.C037.06SS",156,37,"Cesarean"
"10249.C037.12SS",335,37,"Cesarean"
"10249.C037.13SS",375,37,"Cesarean"
"10249.C037.17SS",612,37,"Cesarean"
"10249.C005.02SS",29,5,"Cesarean"
"10249.C005.04SS",63,5,"Cesarean"
"10249.C005.05SS",93,5,"Cesarean"
"10249.C005.14SS",367,5,"Cesarean"
"10249.C005.20SS",735,5,"Cesarean"
"10249.C038.02SS",33,38,"Vaginal"
"10249.C038.06SS",123,38,"Vaginal"
"10249.C038.09SS",215,38,"Vaginal"
"10249.C038.16SS",487,38,"Vaginal"
"10249.C038.18SS",610,38,"Vaginal"
"10249.C053.02SS",30,53,"Cesarean"
"10249.C053.04SS",62,53,"Cesarean"
"10249.C053.05SS",95,53,"Cesarean"
"10249.C053.06SS",123,53,"Cesarean"
"10249.C053.08SS",183,53,"Cesarean"
"10249.C025.02SS",30,25,"Cesarean"
"10249.C025.03SS",42,25,"Cesarean"
"10249.C025.07SS",158,25,"Cesarean"
"10249.C025.11SS",280,25,"Cesarean"
"10249.C025.12SS",303,25,"Cesarean"
"10249.C002.12SS",338,2,"Cesarean"
"10249.C002.13SS",369,2,"Cesarean"
"10249.C002.15SS",488,2,"Cesarean"
"10249.C002.16SS",555,2,"Cesarean"
"10249.C002.19SS",731,2,"Cesarean"
"10249.C055.01SS",0,55,"Cesarean"
"10249.C055.03SS",41,55,"Cesarean"
"10249.C055.04SS",64,55,"Cesarean"
"10249.C055.05SS",91,55,"Cesarean"
"10249.C055.08SS",183,55,"Cesarean"
"10249.C031.01SS",0,31,"Vaginal"
"10249.C031.07SS",152,31,"Vaginal"
"10249.C031.08SS",184,31,"Vaginal"
"10249.C031.10SS",243,31,"Vaginal"
"10249.C031.12SS",307,31,"Vaginal"
"10249.C052.02SS",1,52,"Vaginal"
"10249.C052.06SS",127,52,"Vaginal"
"10249.C052.07SS",154,52,"Vaginal"
"10249.C052.08SS",188,52,"Vaginal"
"10249.C052.09SS",245,52,"Vaginal"
"10249.C049.01SS",4,49,"Vaginal"
"10249.C049.08SS",154,49,"Vaginal"
"10249.C049.11SS",243,49,"Vaginal"
"10249.C049.12SS",274,49,"Vaginal"
"10249.C049.14SS",337,49,"Vaginal"
"10249.C008.06SS",189,8,"Vaginal"
"10249.C008.08SS",212,8,"Vaginal"
"10249.C008.10SS",273,8,"Vaginal"
"10249.C008.13SS",437,8,"Vaginal"
"10249.C008.14SS",490,8,"Vaginal"
"10249.C016.14SS",333,16,"Vaginal"
"10249.C016.18SS",489,16,"Vaginal"
"10249.C016.19SS",549,16,"Vaginal"
"10249.C016.21SS",672,16,"Vaginal"
"10249.C016.22SS",733,16,"Vaginal"
"10249.C045.03SS",61,45,"Vaginal"
"10249.C045.04SS",91,45,"Vaginal"
"10249.C045.05SS",120,45,"Vaginal"
"10249.C045.12SS",344,45,"Vaginal"
"10249.C045.13SS",365,45,"Vaginal"
"10249.C047.05SS",94,47,"Cesarean"
"10249.C047.06SS",126,47,"Cesarean"
"10249.C047.07SS",156,47,"Cesarean"
"10249.C047.11SS",277,47,"Cesarean"
"10249.C047.13SS",347,47,"Cesarean"
