"","day_of_life","studyid","delivery"
"10249.C018.07SS",214,18,"Vaginal"
"10249.C018.10SS",312,18,"Vaginal"
"10249.C018.12SS",373,18,"Vaginal"
"10249.C018.16SS",606,18,"Vaginal"
"10249.C018.17SS",732,18,"Vaginal"
"10249.C036.04SS",126,36,"Cesarean"
"10249.C036.11SS",334,36,"Cesarean"
"10249.C036.13SS",425,36,"Cesarean"
"10249.C036.15SS",559,36,"Cesarean"
"10249.C036.16SS",610,36,"Cesarean"
"10249.C020.02SS",7,20,"Cesarean"
"10249.C020.06SS",15,20,"Cesarean"
"10249.C020.09SS",95,20,"Cesarean"
"10249.C020.11SS",153,20,"Cesarean"
"10249.C020.26SS",670,20,"Cesarean"
"10249.C024.01SS",0,24,"Vaginal"
"10249.C024.12SS",272,24,"Vaginal"
"10249.C024.14SS",337,24,"Vaginal"
"10249.C024.16SS",416,24,"Vaginal"
"10249.C024.18SS",551,24,"Vaginal"
"10249.C043.06SS",154,43,"Vaginal"
"10249.C043.11SS",306,43,"Vaginal"
"10249.C043.12SS",312,43,"Vaginal"
"10249.C043.15SS",428,43,"Vaginal"
"10249.C043.20SS",616,43,"Vaginal"
"10249.C017.01SS",0,17,"Vaginal"
"10249.C017.08SS",123,17,"Vaginal"
"10249.C017.09SS",152,17,"Vaginal"
"10249.C017.10SS",179,17,"Vaginal"
"10249.C017.11SS",216,17,"Vaginal"
"10249.C009.13SS",366,9,"Vaginal"
"10249.C009.14SS",429,9,"Vaginal"
"10249.C009.16SS",555,9,"Vaginal"
"10249.C009.18SS",681,9,"Vaginal"
"10249.C009.19SS",739,9,"Vaginal"
"10249.C027.13SS",306,27,"Vaginal"
"10249.C027.16SS",429,27,"Vaginal"
"10249.C027.18SS",551,27,"Vaginal"
"10249.C027.19SS",607,27,"Vaginal"
"10249.C027.20SS",673,27,"Vaginal"
"10249.C046.01SS",1,46,"Cesarean"
"10249.C046.03SS",54,46,"Cesarean"
"10249.C046.09SS",244,46,"Cesarean"
"10249.C046.13SS",366,46,"Cesarean"
"10249.C046.14SS",433,46,"Cesarean"
"10249.C030.04SS",61,30,"Vaginal"
"10249.C030.10SS",243,30,"Vaginal"
"10249.C030.12SS",303,30,"Vaginal"
"10249.C030.16SS",429,30,"Vaginal"
"10249.C030.18SS",554,30,"Vaginal"
"10249.C033.01SS",0,33,"Vaginal"
"10249.C033.03SS",61,33,"Vaginal"
"10249.C033.08SS",230,33,"Vaginal"
"10249.C033.10SS",240,33,"Vaginal"
"10249.C033.11SS",272,33,"Vaginal"
"10249.C042.05SS",122,42,"Vaginal"
"10249.C042.06SS",154,42,"Vaginal"
"10249.C042.13SS",374,42,"Vaginal"
"10249.C042.16SS",557,42,"Vaginal"
"10249.C042.17SS",616,42,"Vaginal"
"10249.C032.10SS",246,32,"Vaginal"
"10249.C032.13SS",337,32,"Vaginal"
"10249.C032.15SS",370,32,"Vaginal"
"10249.C032.20SS",609,32,"Vaginal"
"10249.C032.22SS",734,32,"Vaginal"
"10249.C004.03SS",55,4,"Cesarean"
"10249.C004.07SS",186,4,"Cesarean"
"10249.C004.08SS",214,4,"Cesarean"
"10249.C004.11SS",266,4,"Cesarean"
"10249.C004.15SS",366,4,"Cesarean"
"10249.C001.01SS",0,1,"Vaginal"
"10249.C001.09SS",153,1,"Vaginal"
"10249.C001.12SS",244,1,"Vaginal"
"10249.C001.20SS",378,1,"Vaginal"
"10249.C001.34SS",733,1,"Vaginal"
"10249.C034.01SS",1,34,"Cesarean"
"10249.C034.04SS",63,34,"Cesarean"
"10249.C034.05SS",90,34,"Cesarean"
"10249.C034.12SS",308,34,"Cesarean"
"10249.C034.16SS",483,34,"Cesarean"
"10249.C057.03SS",62,57,"Cesarean"
"10249.C057.05SS",125,57,"Cesarean"
"10249.C057.08SS",215,57,"Cesarean"
"10249.C057.09SS",238,57,"Cesarean"
"10249.C057.11SS",277,57,"Cesarean"
"10249.C041.04SS",96,41,"Vaginal"
"10249.C041.06SS",157,41,"Vaginal"
"10249.C041.09SS",214,41,"Vaginal"
"10249.C041.18SS",556,41,"Vaginal"
"10249.C041.19SS",618,41,"Vaginal"
"10249.C011.08SS",247,11,"Cesarean"
"10249.C011.10SS",303,11,"Cesarean"
"10249.C011.11SS",338,11,"Cesarean"
"10249.C011.18SS",676,11,"Cesarean"
"10249.C011.19SS",737,11,"Cesarean"
"10249.C010.02SS",30,10,"Vaginal"
"10249.C010.04SS",43,10,"Vaginal"
"10249.C010.05SS",60,10,"Vaginal"
"10249.C010.14SS",337,10,"Vaginal"
"10249.C010.20SS",737,10,"Vaginal"
"10249.C056.01SS",0,56,"Cesarean"
"10249.C056.02SS",1,56,"Cesarean"
"10249.C056.04SS",31,56,"Cesarean"
"10249.C056.08SS",153,56,"Cesarean"
"10249.C056.10SS",215,56,"Cesarean"
"10249.C014.01SS",1,14,"Vaginal"
"10249.C014.05SS",121,14,"Vaginal"
"10249.C014.12SS",333,14,"Vaginal"
"10249.C014.15SS",426,14,"Vaginal"
"10249.C014.17SS",549,14,"Vaginal"
"10249.C007.06SS",127,7,"Cesarean"
"10249.C007.10SS",219,7,"Cesarean"
"10249.C007.17SS",364,7,"Cesarean"
"10249.C007.20SS",551,7,"Cesarean"
"10249.C007.22SS",669,7,"Cesarean"
"10249.C021.04SS",94,21,"Cesarean"
"10249.C021.09SS",347,21,"Cesarean"
"10249.C021.10SS",351,21,"Cesarean"
"10249.C021.12SS",499,21,"Cesarean"
"10249.C021.13SS",559,21,"Cesarean"
"10249.C012.09SS",188,12,"Cesarean"
"10249.C012.11SS",244,12,"Cesarean"
"10249.C012.16SS",426,12,"Cesarean"
"10249.C012.17SS",490,12,"Cesarean"
"10249.C012.20SS",675,12,"Cesarean"
"10249.C022.05SS",122,22,"Vaginal"
"10249.C022.07SS",182,22,"Vaginal"
"10249.C022.13SS",370,22,"Vaginal"
"10249.C022.15SS",489,22,"Vaginal"
"10249.C022.16SS",551,22,"Vaginal"
"10249.C044.04SS",62,44,"Vaginal"
"10249.C044.05SS",92,44,"Vaginal"
"10249.C044.08SS",186,44,"Vaginal"
"10249.C044.09SS",222,44,"Vaginal"
"10249.C044.10SS",244,44,"Vaginal"
"10249.C035.02SS",31,35,"Vaginal"
"10249.C035.05SS",122,35,"Vaginal"
"10249.C035.06SS",153,35,"Vaginal"
"10249.C035.12SS",334,35,"Vaginal"
"10249.C035.15SS",488,35,"Vaginal"
"10249.C037.01SS",1,37,"Cesarean"
"10249.C037.11SS",307,37,"Cesarean"
"10249.C037.14SS",426,37,"Cesarean"
"10249.C037.15SS",497,37,"Cesarean"
"10249.C037.17SS",612,37,"Cesarean"
"10249.C005.04SS",63,5,"Cesarean"
"10249.C005.14SS",367,5,"Cesarean"
"10249.C005.15SS",428,5,"Cesarean"
"10249.C005.19SS",667,5,"Cesarean"
"10249.C005.20SS",735,5,"Cesarean"
"10249.C038.02SS",33,38,"Vaginal"
"10249.C038.07SS",153,38,"Vaginal"
"10249.C038.09SS",215,38,"Vaginal"
"10249.C038.15SS",428,38,"Vaginal"
"10249.C038.16SS",487,38,"Vaginal"
"10249.C053.02SS",30,53,"Cesarean"
"10249.C053.03SS",45,53,"Cesarean"
"10249.C053.04SS",62,53,"Cesarean"
"10249.C053.08SS",183,53,"Cesarean"
"10249.C053.09SS",214,53,"Cesarean"
"10249.C025.03SS",42,25,"Cesarean"
"10249.C025.08SS",183,25,"Cesarean"
"10249.C025.09SS",211,25,"Cesarean"
"10249.C025.12SS",303,25,"Cesarean"
"10249.C025.17SS",548,25,"Cesarean"
"10249.C002.05SS",89,2,"Cesarean"
"10249.C002.06SS",123,2,"Cesarean"
"10249.C002.13SS",369,2,"Cesarean"
"10249.C002.18SS",678,2,"Cesarean"
"10249.C002.19SS",731,2,"Cesarean"
"10249.C055.01SS",0,55,"Cesarean"
"10249.C055.02SS",30,55,"Cesarean"
"10249.C055.04SS",64,55,"Cesarean"
"10249.C055.06SS",120,55,"Cesarean"
"10249.C055.09SS",211,55,"Cesarean"
"10249.C031.07SS",152,31,"Vaginal"
"10249.C031.14SS",365,31,"Vaginal"
"10249.C031.16SS",428,31,"Vaginal"
"10249.C031.17SS",491,31,"Vaginal"
"10249.C031.20SS",666,31,"Vaginal"
"10249.C052.02SS",1,52,"Vaginal"
"10249.C052.03SS",32,52,"Vaginal"
"10249.C052.07SS",154,52,"Vaginal"
"10249.C052.08SS",188,52,"Vaginal"
"10249.C052.09SS",245,52,"Vaginal"
"10249.C049.03SS",32,49,"Vaginal"
"10249.C049.09SS",181,49,"Vaginal"
"10249.C049.10SS",213,49,"Vaginal"
"10249.C049.13SS",305,49,"Vaginal"
"10249.C049.14SS",337,49,"Vaginal"
"10249.C008.01SS",1,8,"Vaginal"
"10249.C008.02SS",31,8,"Vaginal"
"10249.C008.07SS",194,8,"Vaginal"
"10249.C008.09SS",250,8,"Vaginal"
"10249.C008.15SS",552,8,"Vaginal"
"10249.C016.04SS",45,16,"Vaginal"
"10249.C016.10SS",213,16,"Vaginal"
"10249.C016.11SS",242,16,"Vaginal"
"10249.C016.18SS",489,16,"Vaginal"
"10249.C016.21SS",672,16,"Vaginal"
"10249.C045.01SS",0,45,"Vaginal"
"10249.C045.03SS",61,45,"Vaginal"
"10249.C045.04SS",91,45,"Vaginal"
"10249.C045.06SS",154,45,"Vaginal"
"10249.C045.09SS",245,45,"Vaginal"
"10249.C047.05SS",94,47,"Cesarean"
"10249.C047.07SS",156,47,"Cesarean"
"10249.C047.08SS",185,47,"Cesarean"
"10249.C047.10SS",249,47,"Cesarean"
"10249.C047.13SS",347,47,"Cesarean"
