"","day_of_life","studyid","delivery"
"10249.C018.10SS",312,18,"Vaginal"
"10249.C018.16SS",606,18,"Vaginal"
"10249.C036.11SS",334,36,"Cesarean"
"10249.C036.15SS",559,36,"Cesarean"
"10249.C020.07SS",33,20,"Cesarean"
"10249.C020.22SS",593,20,"Cesarean"
"10249.C024.02SS",33,24,"Vaginal"
"10249.C024.20SS",673,24,"Vaginal"
"10249.C043.14SS",364,43,"Vaginal"
"10249.C043.18SS",555,43,"Vaginal"
"10249.C017.09SS",152,17,"Vaginal"
"10249.C017.11SS",216,17,"Vaginal"
"10249.C009.02SS",31,9,"Vaginal"
"10249.C009.10SS",273,9,"Vaginal"
"10249.C027.18SS",551,27,"Vaginal"
"10249.C027.20SS",673,27,"Vaginal"
"10249.C046.03SS",54,46,"Cesarean"
"10249.C046.13SS",366,46,"Cesarean"
"10249.C030.07SS",150,30,"Vaginal"
"10249.C030.20SS",674,30,"Vaginal"
"10249.C033.01SS",0,33,"Vaginal"
"10249.C033.08SS",230,33,"Vaginal"
"10249.C042.13SS",374,42,"Vaginal"
"10249.C042.17SS",616,42,"Vaginal"
"10249.C032.13SS",337,32,"Vaginal"
"10249.C032.21SS",674,32,"Vaginal"
"10249.C004.05SS",124,4,"Cesarean"
"10249.C004.15SS",366,4,"Cesarean"
"10249.C001.18SS",367,1,"Vaginal"
"10249.C001.31SS",613,1,"Vaginal"
"10249.C034.08SS",183,34,"Cesarean"
"10249.C034.16SS",483,34,"Cesarean"
"10249.C057.03SS",62,57,"Cesarean"
"10249.C057.11SS",277,57,"Cesarean"
"10249.C041.17SS",488,41,"Vaginal"
"10249.C041.19SS",618,41,"Vaginal"
"10249.C011.14SS",486,11,"Cesarean"
"10249.C011.16SS",553,11,"Cesarean"
"10249.C010.01SS",2,10,"Vaginal"
"10249.C010.11SS",246,10,"Vaginal"
"10249.C056.05SS",65,56,"Cesarean"
"10249.C056.07SS",122,56,"Cesarean"
"10249.C014.08SS",211,14,"Vaginal"
"10249.C014.10SS",276,14,"Vaginal"
"10249.C007.19SS",490,7,"Cesarean"
"10249.C007.23SS",729,7,"Cesarean"
"10249.C021.01SS",1,21,"Cesarean"
"10249.C021.13SS",559,21,"Cesarean"
"10249.C012.04SS",62,12,"Cesarean"
"10249.C012.17SS",490,12,"Cesarean"
"10249.C022.13SS",370,22,"Vaginal"
"10249.C022.15SS",489,22,"Vaginal"
"10249.C044.04SS",62,44,"Vaginal"
"10249.C044.12SS",307,44,"Vaginal"
"10249.C035.05SS",122,35,"Vaginal"
"10249.C035.06SS",153,35,"Vaginal"
"10249.C037.16SS",554,37,"Cesarean"
"10249.C037.17SS",612,37,"Cesarean"
"10249.C005.14SS",367,5,"Cesarean"
"10249.C005.20SS",735,5,"Cesarean"
"10249.C038.12SS",305,38,"Vaginal"
"10249.C038.16SS",487,38,"Vaginal"
"10249.C053.07SS",153,53,"Cesarean"
"10249.C053.08SS",183,53,"Cesarean"
"10249.C025.15SS",428,25,"Cesarean"
"10249.C025.18SS",615,25,"Cesarean"
"10249.C002.02SS",32,2,"Cesarean"
"10249.C002.19SS",731,2,"Cesarean"
"10249.C055.04SS",64,55,"Cesarean"
"10249.C055.06SS",120,55,"Cesarean"
"10249.C031.16SS",428,31,"Vaginal"
"10249.C031.17SS",491,31,"Vaginal"
"10249.C052.07SS",154,52,"Vaginal"
"10249.C052.08SS",188,52,"Vaginal"
"10249.C049.01SS",4,49,"Vaginal"
"10249.C049.13SS",305,49,"Vaginal"
"10249.C008.13SS",437,8,"Vaginal"
"10249.C008.14SS",490,8,"Vaginal"
"10249.C016.13SS",303,16,"Vaginal"
"10249.C016.18SS",489,16,"Vaginal"
"10249.C045.03SS",61,45,"Vaginal"
"10249.C045.13SS",365,45,"Vaginal"
"10249.C047.07SS",156,47,"Cesarean"
"10249.C047.08SS",185,47,"Cesarean"
