"","day_of_life","studyid","delivery"
"10249.C018.12SS",373,18,"Vaginal"
"10249.C018.14SS",489,18,"Vaginal"
"10249.C018.15SS",548,18,"Vaginal"
"10249.C036.12SS",364,36,"Cesarean"
"10249.C036.14SS",490,36,"Cesarean"
"10249.C036.15SS",559,36,"Cesarean"
"10249.C020.01SS",0,20,"Cesarean"
"10249.C020.19SS",426,20,"Cesarean"
"10249.C020.20SS",487,20,"Cesarean"
"10249.C024.13SS",310,24,"Vaginal"
"10249.C024.19SS",611,24,"Vaginal"
"10249.C024.21SS",734,24,"Vaginal"
"10249.C043.05SS",126,43,"Vaginal"
"10249.C043.06SS",154,43,"Vaginal"
"10249.C043.14SS",364,43,"Vaginal"
"10249.C017.06SS",63,17,"Vaginal"
"10249.C017.08SS",123,17,"Vaginal"
"10249.C017.10SS",179,17,"Vaginal"
"10249.C009.06SS",155,9,"Vaginal"
"10249.C009.07SS",185,9,"Vaginal"
"10249.C009.12SS",339,9,"Vaginal"
"10249.C027.16SS",429,27,"Vaginal"
"10249.C027.17SS",489,27,"Vaginal"
"10249.C027.20SS",673,27,"Vaginal"
"10249.C046.04SS",93,46,"Cesarean"
"10249.C046.05SS",124,46,"Cesarean"
"10249.C046.14SS",433,46,"Cesarean"
"10249.C030.03SS",44,30,"Vaginal"
"10249.C030.08SS",183,30,"Vaginal"
"10249.C030.13SS",334,30,"Vaginal"
"10249.C033.06SS",180,33,"Vaginal"
"10249.C033.16SS",485,33,"Vaginal"
"10249.C033.19SS",670,33,"Vaginal"
"10249.C042.07SS",182,42,"Vaginal"
"10249.C042.11SS",310,42,"Vaginal"
"10249.C042.16SS",557,42,"Vaginal"
"10249.C032.10SS",246,32,"Vaginal"
"10249.C032.17SS",485,32,"Vaginal"
"10249.C032.19SS",555,32,"Vaginal"
"10249.C004.01SS",0,4,"Cesarean"
"10249.C004.10SS",257,4,"Cesarean"
"10249.C004.15SS",366,4,"Cesarean"
"10249.C001.18SS",367,1,"Vaginal"
"10249.C001.20SS",378,1,"Vaginal"
"10249.C001.26SS",427,1,"Vaginal"
"10249.C034.02SS",34,34,"Cesarean"
"10249.C034.04SS",63,34,"Cesarean"
"10249.C034.06SS",119,34,"Cesarean"
"10249.C057.05SS",125,57,"Cesarean"
"10249.C057.08SS",215,57,"Cesarean"
"10249.C057.10SS",244,57,"Cesarean"
"10249.C041.17SS",488,41,"Vaginal"
"10249.C041.18SS",556,41,"Vaginal"
"10249.C041.19SS",618,41,"Vaginal"
"10249.C011.07SS",210,11,"Cesarean"
"10249.C011.17SS",610,11,"Cesarean"
"10249.C011.19SS",737,11,"Cesarean"
"10249.C010.07SS",123,10,"Vaginal"
"10249.C010.18SS",613,10,"Vaginal"
"10249.C010.19SS",677,10,"Vaginal"
"10249.C056.02SS",1,56,"Cesarean"
"10249.C056.05SS",65,56,"Cesarean"
"10249.C056.10SS",215,56,"Cesarean"
"10249.C014.17SS",549,14,"Vaginal"
"10249.C014.18SS",614,14,"Vaginal"
"10249.C014.19SS",675,14,"Vaginal"
"10249.C007.10SS",219,7,"Cesarean"
"10249.C007.19SS",490,7,"Cesarean"
"10249.C007.23SS",729,7,"Cesarean"
"10249.C021.02SS",2,21,"Cesarean"
"10249.C021.05SS",161,21,"Cesarean"
"10249.C021.10SS",351,21,"Cesarean"
"10249.C012.09SS",188,12,"Cesarean"
"10249.C012.12SS",272,12,"Cesarean"
"10249.C012.18SS",560,12,"Cesarean"
"10249.C022.03SS",63,22,"Vaginal"
"10249.C022.08SS",217,22,"Vaginal"
"10249.C022.15SS",489,22,"Vaginal"
"10249.C044.08SS",186,44,"Vaginal"
"10249.C044.12SS",307,44,"Vaginal"
"10249.C044.17SS",553,44,"Vaginal"
"10249.C035.01SS",0,35,"Vaginal"
"10249.C035.13SS",367,35,"Vaginal"
"10249.C035.14SS",427,35,"Vaginal"
"10249.C037.11SS",307,37,"Cesarean"
"10249.C037.14SS",426,37,"Cesarean"
"10249.C037.17SS",612,37,"Cesarean"
"10249.C005.02SS",29,5,"Cesarean"
"10249.C005.16SS",485,5,"Cesarean"
"10249.C005.18SS",612,5,"Cesarean"
"10249.C038.01SS",2,38,"Vaginal"
"10249.C038.11SS",278,38,"Vaginal"
"10249.C038.18SS",610,38,"Vaginal"
"10249.C053.05SS",95,53,"Cesarean"
"10249.C053.06SS",123,53,"Cesarean"
"10249.C053.08SS",183,53,"Cesarean"
"10249.C025.04SS",60,25,"Cesarean"
"10249.C025.12SS",303,25,"Cesarean"
"10249.C025.16SS",489,25,"Cesarean"
"10249.C002.01SS",0,2,"Cesarean"
"10249.C002.10SS",284,2,"Cesarean"
"10249.C002.18SS",678,2,"Cesarean"
"10249.C055.05SS",91,55,"Cesarean"
"10249.C055.08SS",183,55,"Cesarean"
"10249.C055.09SS",211,55,"Cesarean"
"10249.C031.05SS",89,31,"Vaginal"
"10249.C031.16SS",428,31,"Vaginal"
"10249.C031.17SS",491,31,"Vaginal"
"10249.C052.02SS",1,52,"Vaginal"
"10249.C052.03SS",32,52,"Vaginal"
"10249.C052.04SS",62,52,"Vaginal"
"10249.C049.08SS",154,49,"Vaginal"
"10249.C049.12SS",274,49,"Vaginal"
"10249.C049.14SS",337,49,"Vaginal"
"10249.C008.07SS",194,8,"Vaginal"
"10249.C008.08SS",212,8,"Vaginal"
"10249.C008.16SS",615,8,"Vaginal"
"10249.C016.05SS",64,16,"Vaginal"
"10249.C016.18SS",489,16,"Vaginal"
"10249.C016.21SS",672,16,"Vaginal"
"10249.C045.01SS",0,45,"Vaginal"
"10249.C045.08SS",213,45,"Vaginal"
"10249.C045.10SS",276,45,"Vaginal"
"10249.C047.07SS",156,47,"Cesarean"
"10249.C047.11SS",277,47,"Cesarean"
"10249.C047.13SS",347,47,"Cesarean"
