"","day_of_life","studyid","delivery"
"10249.C018.13SS",425,18,"Vaginal"
"10249.C018.16SS",606,18,"Vaginal"
"10249.C018.17SS",732,18,"Vaginal"
"10249.C036.11SS",334,36,"Cesarean"
"10249.C036.12SS",364,36,"Cesarean"
"10249.C036.15SS",559,36,"Cesarean"
"10249.C020.06SS",15,20,"Cesarean"
"10249.C020.22SS",593,20,"Cesarean"
"10249.C020.25SS",604,20,"Cesarean"
"10249.C024.10SS",213,24,"Vaginal"
"10249.C024.16SS",416,24,"Vaginal"
"10249.C024.17SS",490,24,"Vaginal"
"10249.C043.01SS",0,43,"Vaginal"
"10249.C043.09SS",245,43,"Vaginal"
"10249.C043.12SS",312,43,"Vaginal"
"10249.C017.01SS",0,17,"Vaginal"
"10249.C017.04SS",32,17,"Vaginal"
"10249.C017.09SS",152,17,"Vaginal"
"10249.C009.10SS",273,9,"Vaginal"
"10249.C009.14SS",429,9,"Vaginal"
"10249.C009.16SS",555,9,"Vaginal"
"10249.C027.02SS",35,27,"Vaginal"
"10249.C027.14SS",338,27,"Vaginal"
"10249.C027.16SS",429,27,"Vaginal"
"10249.C046.02SS",31,46,"Cesarean"
"10249.C046.06SS",151,46,"Cesarean"
"10249.C046.10SS",274,46,"Cesarean"
"10249.C030.07SS",150,30,"Vaginal"
"10249.C030.14SS",365,30,"Vaginal"
"10249.C030.18SS",554,30,"Vaginal"
"10249.C033.02SS",32,33,"Vaginal"
"10249.C033.03SS",61,33,"Vaginal"
"10249.C033.13SS",340,33,"Vaginal"
"10249.C042.11SS",310,42,"Vaginal"
"10249.C042.16SS",557,42,"Vaginal"
"10249.C042.17SS",616,42,"Vaginal"
"10249.C032.05SS",91,32,"Vaginal"
"10249.C032.16SS",422,32,"Vaginal"
"10249.C032.20SS",609,32,"Vaginal"
"10249.C004.04SS",91,4,"Cesarean"
"10249.C004.11SS",266,4,"Cesarean"
"10249.C004.13SS",308,4,"Cesarean"
"10249.C001.07SS",92,1,"Vaginal"
"10249.C001.08SS",122,1,"Vaginal"
"10249.C001.25SS",411,1,"Vaginal"
"10249.C034.09SS",214,34,"Cesarean"
"10249.C034.11SS",273,34,"Cesarean"
"10249.C034.17SS",539,34,"Cesarean"
"10249.C057.08SS",215,57,"Cesarean"
"10249.C057.09SS",238,57,"Cesarean"
"10249.C057.10SS",244,57,"Cesarean"
"10249.C041.02SS",32,41,"Vaginal"
"10249.C041.04SS",96,41,"Vaginal"
"10249.C041.17SS",488,41,"Vaginal"
"10249.C011.10SS",303,11,"Cesarean"
"10249.C011.14SS",486,11,"Cesarean"
"10249.C011.19SS",737,11,"Cesarean"
"10249.C010.06SS",93,10,"Vaginal"
"10249.C010.07SS",123,10,"Vaginal"
"10249.C010.10SS",219,10,"Vaginal"
"10249.C056.01SS",0,56,"Cesarean"
"10249.C056.04SS",31,56,"Cesarean"
"10249.C056.07SS",122,56,"Cesarean"
"10249.C014.13SS",368,14,"Vaginal"
"10249.C014.15SS",426,14,"Vaginal"
"10249.C014.18SS",614,14,"Vaginal"
"10249.C007.10SS",219,7,"Cesarean"
"10249.C007.13SS",266,7,"Cesarean"
"10249.C007.19SS",490,7,"Cesarean"
"10249.C021.05SS",161,21,"Cesarean"
"10249.C021.10SS",351,21,"Cesarean"
"10249.C021.12SS",499,21,"Cesarean"
"10249.C012.02SS",29,12,"Cesarean"
"10249.C012.08SS",154,12,"Cesarean"
"10249.C012.21SS",732,12,"Cesarean"
"10249.C022.05SS",122,22,"Vaginal"
"10249.C022.06SS",153,22,"Vaginal"
"10249.C022.13SS",370,22,"Vaginal"
"10249.C044.04SS",62,44,"Vaginal"
"10249.C044.07SS",155,44,"Vaginal"
"10249.C044.17SS",553,44,"Vaginal"
"10249.C035.04SS",91,35,"Vaginal"
"10249.C035.14SS",427,35,"Vaginal"
"10249.C035.15SS",488,35,"Vaginal"
"10249.C037.02SS",33,37,"Cesarean"
"10249.C037.09SS",253,37,"Cesarean"
"10249.C037.18SS",674,37,"Cesarean"
"10249.C005.04SS",63,5,"Cesarean"
"10249.C005.14SS",367,5,"Cesarean"
"10249.C005.19SS",667,5,"Cesarean"
"10249.C038.01SS",2,38,"Vaginal"
"10249.C038.05SS",98,38,"Vaginal"
"10249.C038.08SS",187,38,"Vaginal"
"10249.C053.02SS",30,53,"Cesarean"
"10249.C053.03SS",45,53,"Cesarean"
"10249.C053.05SS",95,53,"Cesarean"
"10249.C025.05SS",94,25,"Cesarean"
"10249.C025.08SS",183,25,"Cesarean"
"10249.C025.15SS",428,25,"Cesarean"
"10249.C002.06SS",123,2,"Cesarean"
"10249.C002.13SS",369,2,"Cesarean"
"10249.C002.19SS",731,2,"Cesarean"
"10249.C055.01SS",0,55,"Cesarean"
"10249.C055.03SS",41,55,"Cesarean"
"10249.C055.06SS",120,55,"Cesarean"
"10249.C031.09SS",210,31,"Vaginal"
"10249.C031.16SS",428,31,"Vaginal"
"10249.C031.21SS",729,31,"Vaginal"
"10249.C052.02SS",1,52,"Vaginal"
"10249.C052.06SS",127,52,"Vaginal"
"10249.C052.07SS",154,52,"Vaginal"
"10249.C049.02SS",5,49,"Vaginal"
"10249.C049.07SS",124,49,"Vaginal"
"10249.C049.08SS",154,49,"Vaginal"
"10249.C008.04SS",126,8,"Vaginal"
"10249.C008.06SS",189,8,"Vaginal"
"10249.C008.07SS",194,8,"Vaginal"
"10249.C016.01SS",1,16,"Vaginal"
"10249.C016.11SS",242,16,"Vaginal"
"10249.C016.19SS",549,16,"Vaginal"
"10249.C045.01SS",0,45,"Vaginal"
"10249.C045.03SS",61,45,"Vaginal"
"10249.C045.09SS",245,45,"Vaginal"
"10249.C047.02SS",32,47,"Cesarean"
"10249.C047.06SS",126,47,"Cesarean"
"10249.C047.11SS",277,47,"Cesarean"
