"","day_of_life","studyid","delivery"
"10249.C018.01SS",2,18,"Vaginal"
"10249.C018.10SS",312,18,"Vaginal"
"10249.C018.13SS",425,18,"Vaginal"
"10249.C018.16SS",606,18,"Vaginal"
"10249.C036.03SS",65,36,"Cesarean"
"10249.C036.10SS",308,36,"Cesarean"
"10249.C036.14SS",490,36,"Cesarean"
"10249.C036.15SS",559,36,"Cesarean"
"10249.C020.02SS",7,20,"Cesarean"
"10249.C020.07SS",33,20,"Cesarean"
"10249.C020.22SS",593,20,"Cesarean"
"10249.C020.26SS",670,20,"Cesarean"
"10249.C024.06SS",86,24,"Vaginal"
"10249.C024.09SS",182,24,"Vaginal"
"10249.C024.15SS",373,24,"Vaginal"
"10249.C024.19SS",611,24,"Vaginal"
"10249.C043.03SS",61,43,"Vaginal"
"10249.C043.04SS",96,43,"Vaginal"
"10249.C043.15SS",428,43,"Vaginal"
"10249.C043.17SS",550,43,"Vaginal"
"10249.C017.04SS",32,17,"Vaginal"
"10249.C017.05SS",45,17,"Vaginal"
"10249.C017.10SS",179,17,"Vaginal"
"10249.C017.11SS",216,17,"Vaginal"
"10249.C009.03SS",64,9,"Vaginal"
"10249.C009.14SS",429,9,"Vaginal"
"10249.C009.17SS",613,9,"Vaginal"
"10249.C009.18SS",681,9,"Vaginal"
"10249.C027.10SS",275,27,"Vaginal"
"10249.C027.13SS",306,27,"Vaginal"
"10249.C027.17SS",489,27,"Vaginal"
"10249.C027.18SS",551,27,"Vaginal"
"10249.C046.04SS",93,46,"Cesarean"
"10249.C046.07SS",184,46,"Cesarean"
"10249.C046.09SS",244,46,"Cesarean"
"10249.C046.10SS",274,46,"Cesarean"
"10249.C030.06SS",122,30,"Vaginal"
"10249.C030.14SS",365,30,"Vaginal"
"10249.C030.17SS",495,30,"Vaginal"
"10249.C030.19SS",606,30,"Vaginal"
"10249.C033.04SS",119,33,"Vaginal"
"10249.C033.11SS",272,33,"Vaginal"
"10249.C033.14SS",365,33,"Vaginal"
"10249.C033.18SS",608,33,"Vaginal"
"10249.C042.07SS",182,42,"Vaginal"
"10249.C042.13SS",374,42,"Vaginal"
"10249.C042.14SS",438,42,"Vaginal"
"10249.C042.17SS",616,42,"Vaginal"
"10249.C032.01SS",1,32,"Vaginal"
"10249.C032.03SS",52,32,"Vaginal"
"10249.C032.17SS",485,32,"Vaginal"
"10249.C032.19SS",555,32,"Vaginal"
"10249.C004.05SS",124,4,"Cesarean"
"10249.C004.10SS",257,4,"Cesarean"
"10249.C004.14SS",340,4,"Cesarean"
"10249.C004.15SS",366,4,"Cesarean"
"10249.C001.05SS",57,1,"Vaginal"
"10249.C001.12SS",244,1,"Vaginal"
"10249.C001.19SS",375,1,"Vaginal"
"10249.C001.34SS",733,1,"Vaginal"
"10249.C034.02SS",34,34,"Cesarean"
"10249.C034.06SS",119,34,"Cesarean"
"10249.C034.11SS",273,34,"Cesarean"
"10249.C034.15SS",424,34,"Cesarean"
"10249.C057.08SS",215,57,"Cesarean"
"10249.C057.09SS",238,57,"Cesarean"
"10249.C057.10SS",244,57,"Cesarean"
"10249.C057.11SS",277,57,"Cesarean"
"10249.C041.02SS",32,41,"Vaginal"
"10249.C041.06SS",157,41,"Vaginal"
"10249.C041.09SS",214,41,"Vaginal"
"10249.C041.19SS",618,41,"Vaginal"
"10249.C011.04SS",120,11,"Cesarean"
"10249.C011.05SS",156,11,"Cesarean"
"10249.C011.10SS",303,11,"Cesarean"
"10249.C011.14SS",486,11,"Cesarean"
"10249.C010.03SS",39,10,"Vaginal"
"10249.C010.10SS",219,10,"Vaginal"
"10249.C010.12SS",275,10,"Vaginal"
"10249.C010.18SS",613,10,"Vaginal"
"10249.C056.01SS",0,56,"Cesarean"
"10249.C056.04SS",31,56,"Cesarean"
"10249.C056.08SS",153,56,"Cesarean"
"10249.C056.10SS",215,56,"Cesarean"
"10249.C014.09SS",239,14,"Vaginal"
"10249.C014.10SS",276,14,"Vaginal"
"10249.C014.17SS",549,14,"Vaginal"
"10249.C014.20SS",737,14,"Vaginal"
"10249.C007.13SS",266,7,"Cesarean"
"10249.C007.15SS",303,7,"Cesarean"
"10249.C007.20SS",551,7,"Cesarean"
"10249.C007.21SS",608,7,"Cesarean"
"10249.C021.02SS",2,21,"Cesarean"
"10249.C021.06SS",188,21,"Cesarean"
"10249.C021.08SS",306,21,"Cesarean"
"10249.C021.13SS",559,21,"Cesarean"
"10249.C012.05SS",99,12,"Cesarean"
"10249.C012.09SS",188,12,"Cesarean"
"10249.C012.18SS",560,12,"Cesarean"
"10249.C012.20SS",675,12,"Cesarean"
"10249.C022.09SS",243,22,"Vaginal"
"10249.C022.12SS",342,22,"Vaginal"
"10249.C022.18SS",671,22,"Vaginal"
"10249.C022.19SS",737,22,"Vaginal"
"10249.C044.10SS",244,44,"Vaginal"
"10249.C044.12SS",307,44,"Vaginal"
"10249.C044.16SS",497,44,"Vaginal"
"10249.C044.17SS",553,44,"Vaginal"
"10249.C035.06SS",153,35,"Vaginal"
"10249.C035.12SS",334,35,"Vaginal"
"10249.C035.13SS",367,35,"Vaginal"
"10249.C035.14SS",427,35,"Vaginal"
"10249.C037.08SS",215,37,"Cesarean"
"10249.C037.13SS",375,37,"Cesarean"
"10249.C037.15SS",497,37,"Cesarean"
"10249.C037.16SS",554,37,"Cesarean"
"10249.C005.05SS",93,5,"Cesarean"
"10249.C005.12SS",304,5,"Cesarean"
"10249.C005.16SS",485,5,"Cesarean"
"10249.C005.18SS",612,5,"Cesarean"
"10249.C038.02SS",33,38,"Vaginal"
"10249.C038.04SS",61,38,"Vaginal"
"10249.C038.11SS",278,38,"Vaginal"
"10249.C038.15SS",428,38,"Vaginal"
"10249.C053.03SS",45,53,"Cesarean"
"10249.C053.04SS",62,53,"Cesarean"
"10249.C053.06SS",123,53,"Cesarean"
"10249.C053.07SS",153,53,"Cesarean"
"10249.C025.04SS",60,25,"Cesarean"
"10249.C025.05SS",94,25,"Cesarean"
"10249.C025.12SS",303,25,"Cesarean"
"10249.C025.17SS",548,25,"Cesarean"
"10249.C002.05SS",89,2,"Cesarean"
"10249.C002.11SS",315,2,"Cesarean"
"10249.C002.16SS",555,2,"Cesarean"
"10249.C002.19SS",731,2,"Cesarean"
"10249.C055.02SS",30,55,"Cesarean"
"10249.C055.05SS",91,55,"Cesarean"
"10249.C055.06SS",120,55,"Cesarean"
"10249.C055.08SS",183,55,"Cesarean"
"10249.C031.02SS",32,31,"Vaginal"
"10249.C031.11SS",275,31,"Vaginal"
"10249.C031.13SS",341,31,"Vaginal"
"10249.C031.16SS",428,31,"Vaginal"
"10249.C052.02SS",1,52,"Vaginal"
"10249.C052.03SS",32,52,"Vaginal"
"10249.C052.08SS",188,52,"Vaginal"
"10249.C052.09SS",245,52,"Vaginal"
"10249.C049.02SS",5,49,"Vaginal"
"10249.C049.09SS",181,49,"Vaginal"
"10249.C049.10SS",213,49,"Vaginal"
"10249.C049.12SS",274,49,"Vaginal"
"10249.C008.05SS",159,8,"Vaginal"
"10249.C008.10SS",273,8,"Vaginal"
"10249.C008.14SS",490,8,"Vaginal"
"10249.C008.15SS",552,8,"Vaginal"
"10249.C016.14SS",333,16,"Vaginal"
"10249.C016.18SS",489,16,"Vaginal"
"10249.C016.20SS",608,16,"Vaginal"
"10249.C016.21SS",672,16,"Vaginal"
"10249.C045.01SS",0,45,"Vaginal"
"10249.C045.09SS",245,45,"Vaginal"
"10249.C045.11SS",304,45,"Vaginal"
"10249.C045.12SS",344,45,"Vaginal"
"10249.C047.06SS",126,47,"Cesarean"
"10249.C047.07SS",156,47,"Cesarean"
"10249.C047.10SS",249,47,"Cesarean"
"10249.C047.13SS",347,47,"Cesarean"
