"","day_of_life","studyid","delivery"
"10249.C018.04SS",125,18,"Vaginal"
"10249.C018.12SS",373,18,"Vaginal"
"10249.C036.08SS",243,36,"Cesarean"
"10249.C036.16SS",610,36,"Cesarean"
"10249.C020.21SS",551,20,"Cesarean"
"10249.C020.24SS",599,20,"Cesarean"
"10249.C024.02SS",33,24,"Vaginal"
"10249.C024.15SS",373,24,"Vaginal"
"10249.C043.17SS",550,43,"Vaginal"
"10249.C043.20SS",616,43,"Vaginal"
"10249.C017.04SS",32,17,"Vaginal"
"10249.C017.08SS",123,17,"Vaginal"
"10249.C009.10SS",273,9,"Vaginal"
"10249.C009.17SS",613,9,"Vaginal"
"10249.C027.01SS",1,27,"Vaginal"
"10249.C027.14SS",338,27,"Vaginal"
"10249.C046.07SS",184,46,"Cesarean"
"10249.C046.08SS",211,46,"Cesarean"
"10249.C030.19SS",606,30,"Vaginal"
"10249.C030.20SS",674,30,"Vaginal"
"10249.C033.15SS",427,33,"Vaginal"
"10249.C033.17SS",547,33,"Vaginal"
"10249.C042.12SS",337,42,"Vaginal"
"10249.C042.15SS",493,42,"Vaginal"
"10249.C032.04SS",59,32,"Vaginal"
"10249.C032.20SS",609,32,"Vaginal"
"10249.C004.02SS",31,4,"Cesarean"
"10249.C004.15SS",366,4,"Cesarean"
"10249.C001.18SS",367,1,"Vaginal"
"10249.C001.30SS",551,1,"Vaginal"
"10249.C034.15SS",424,34,"Cesarean"
"10249.C034.17SS",539,34,"Cesarean"
"10249.C057.03SS",62,57,"Cesarean"
"10249.C057.10SS",244,57,"Cesarean"
"10249.C041.01SS",0,41,"Vaginal"
"10249.C041.17SS",488,41,"Vaginal"
"10249.C011.14SS",486,11,"Cesarean"
"10249.C011.17SS",610,11,"Cesarean"
"10249.C010.07SS",123,10,"Vaginal"
"10249.C010.20SS",737,10,"Vaginal"
"10249.C056.01SS",0,56,"Cesarean"
"10249.C056.04SS",31,56,"Cesarean"
"10249.C014.13SS",368,14,"Vaginal"
"10249.C014.20SS",737,14,"Vaginal"
"10249.C007.05SS",93,7,"Cesarean"
"10249.C007.17SS",364,7,"Cesarean"
"10249.C021.04SS",94,21,"Cesarean"
"10249.C021.12SS",499,21,"Cesarean"
"10249.C012.14SS",335,12,"Cesarean"
"10249.C012.18SS",560,12,"Cesarean"
"10249.C022.01SS",0,22,"Vaginal"
"10249.C022.06SS",153,22,"Vaginal"
"10249.C044.02SS",33,44,"Vaginal"
"10249.C044.06SS",127,44,"Vaginal"
"10249.C035.02SS",31,35,"Vaginal"
"10249.C035.16SS",551,35,"Vaginal"
"10249.C037.14SS",426,37,"Cesarean"
"10249.C037.16SS",554,37,"Cesarean"
"10249.C005.08SS",183,5,"Cesarean"
"10249.C005.11SS",276,5,"Cesarean"
"10249.C038.02SS",33,38,"Vaginal"
"10249.C038.16SS",487,38,"Vaginal"
"10249.C053.03SS",45,53,"Cesarean"
"10249.C053.08SS",183,53,"Cesarean"
"10249.C025.07SS",158,25,"Cesarean"
"10249.C025.17SS",548,25,"Cesarean"
"10249.C002.13SS",369,2,"Cesarean"
"10249.C002.19SS",731,2,"Cesarean"
"10249.C055.05SS",91,55,"Cesarean"
"10249.C055.06SS",120,55,"Cesarean"
"10249.C031.11SS",275,31,"Vaginal"
"10249.C031.17SS",491,31,"Vaginal"
"10249.C052.04SS",62,52,"Vaginal"
"10249.C052.07SS",154,52,"Vaginal"
"10249.C049.02SS",5,49,"Vaginal"
"10249.C049.07SS",124,49,"Vaginal"
"10249.C008.13SS",437,8,"Vaginal"
"10249.C008.16SS",615,8,"Vaginal"
"10249.C016.05SS",64,16,"Vaginal"
"10249.C016.07SS",124,16,"Vaginal"
"10249.C045.03SS",61,45,"Vaginal"
"10249.C045.04SS",91,45,"Vaginal"
"10249.C047.05SS",94,47,"Cesarean"
"10249.C047.11SS",277,47,"Cesarean"
