"","day_of_life","studyid","delivery"
"10249.C018.01SS",2,18,"Vaginal"
"10249.C018.14SS",489,18,"Vaginal"
"10249.C018.16SS",606,18,"Vaginal"
"10249.C036.01SS",0,36,"Cesarean"
"10249.C036.08SS",243,36,"Cesarean"
"10249.C036.14SS",490,36,"Cesarean"
"10249.C020.04SS",11,20,"Cesarean"
"10249.C020.18SS",365,20,"Cesarean"
"10249.C020.23SS",594,20,"Cesarean"
"10249.C024.01SS",0,24,"Vaginal"
"10249.C024.12SS",272,24,"Vaginal"
"10249.C024.17SS",490,24,"Vaginal"
"10249.C043.03SS",61,43,"Vaginal"
"10249.C043.05SS",126,43,"Vaginal"
"10249.C043.10SS",275,43,"Vaginal"
"10249.C017.05SS",45,17,"Vaginal"
"10249.C017.08SS",123,17,"Vaginal"
"10249.C017.11SS",216,17,"Vaginal"
"10249.C009.05SS",122,9,"Vaginal"
"10249.C009.11SS",305,9,"Vaginal"
"10249.C009.14SS",429,9,"Vaginal"
"10249.C027.18SS",551,27,"Vaginal"
"10249.C027.19SS",607,27,"Vaginal"
"10249.C027.21SS",736,27,"Vaginal"
"10249.C046.01SS",1,46,"Cesarean"
"10249.C046.05SS",124,46,"Cesarean"
"10249.C046.10SS",274,46,"Cesarean"
"10249.C030.07SS",150,30,"Vaginal"
"10249.C030.08SS",183,30,"Vaginal"
"10249.C030.09SS",214,30,"Vaginal"
"10249.C033.12SS",305,33,"Vaginal"
"10249.C033.15SS",427,33,"Vaginal"
"10249.C033.16SS",485,33,"Vaginal"
"10249.C042.13SS",374,42,"Vaginal"
"10249.C042.16SS",557,42,"Vaginal"
"10249.C042.17SS",616,42,"Vaginal"
"10249.C032.06SS",118,32,"Vaginal"
"10249.C032.16SS",422,32,"Vaginal"
"10249.C032.17SS",485,32,"Vaginal"
"10249.C004.02SS",31,4,"Cesarean"
"10249.C004.07SS",186,4,"Cesarean"
"10249.C004.15SS",366,4,"Cesarean"
"10249.C001.04SS",49,1,"Vaginal"
"10249.C001.09SS",153,1,"Vaginal"
"10249.C001.29SS",488,1,"Vaginal"
"10249.C034.02SS",34,34,"Cesarean"
"10249.C034.08SS",183,34,"Cesarean"
"10249.C034.17SS",539,34,"Cesarean"
"10249.C057.04SS",91,57,"Cesarean"
"10249.C057.05SS",125,57,"Cesarean"
"10249.C057.10SS",244,57,"Cesarean"
"10249.C041.01SS",0,41,"Vaginal"
"10249.C041.14SS",339,41,"Vaginal"
"10249.C041.19SS",618,41,"Vaginal"
"10249.C011.06SS",187,11,"Cesarean"
"10249.C011.11SS",338,11,"Cesarean"
"10249.C011.12SS",373,11,"Cesarean"
"10249.C010.05SS",60,10,"Vaginal"
"10249.C010.06SS",93,10,"Vaginal"
"10249.C010.15SS",368,10,"Vaginal"
"10249.C056.05SS",65,56,"Cesarean"
"10249.C056.06SS",93,56,"Cesarean"
"10249.C056.07SS",122,56,"Cesarean"
"10249.C014.07SS",184,14,"Vaginal"
"10249.C014.08SS",211,14,"Vaginal"
"10249.C014.18SS",614,14,"Vaginal"
"10249.C007.11SS",243,7,"Cesarean"
"10249.C007.16SS",334,7,"Cesarean"
"10249.C007.21SS",608,7,"Cesarean"
"10249.C021.01SS",1,21,"Cesarean"
"10249.C021.06SS",188,21,"Cesarean"
"10249.C021.13SS",559,21,"Cesarean"
"10249.C012.08SS",154,12,"Cesarean"
"10249.C012.16SS",426,12,"Cesarean"
"10249.C012.19SS",609,12,"Cesarean"
"10249.C022.01SS",0,22,"Vaginal"
"10249.C022.08SS",217,22,"Vaginal"
"10249.C022.15SS",489,22,"Vaginal"
"10249.C044.13SS",334,44,"Vaginal"
"10249.C044.16SS",497,44,"Vaginal"
"10249.C044.17SS",553,44,"Vaginal"
"10249.C035.07SS",182,35,"Vaginal"
"10249.C035.13SS",367,35,"Vaginal"
"10249.C035.14SS",427,35,"Vaginal"
"10249.C037.07SS",199,37,"Cesarean"
"10249.C037.17SS",612,37,"Cesarean"
"10249.C037.18SS",674,37,"Cesarean"
"10249.C005.09SS",213,5,"Cesarean"
"10249.C005.18SS",612,5,"Cesarean"
"10249.C005.19SS",667,5,"Cesarean"
"10249.C038.07SS",153,38,"Vaginal"
"10249.C038.09SS",215,38,"Vaginal"
"10249.C038.18SS",610,38,"Vaginal"
"10249.C053.02SS",30,53,"Cesarean"
"10249.C053.04SS",62,53,"Cesarean"
"10249.C053.08SS",183,53,"Cesarean"
"10249.C025.09SS",211,25,"Cesarean"
"10249.C025.18SS",615,25,"Cesarean"
"10249.C025.20SS",734,25,"Cesarean"
"10249.C002.01SS",0,2,"Cesarean"
"10249.C002.06SS",123,2,"Cesarean"
"10249.C002.19SS",731,2,"Cesarean"
"10249.C055.02SS",30,55,"Cesarean"
"10249.C055.04SS",64,55,"Cesarean"
"10249.C055.06SS",120,55,"Cesarean"
"10249.C031.01SS",0,31,"Vaginal"
"10249.C031.18SS",547,31,"Vaginal"
"10249.C031.21SS",729,31,"Vaginal"
"10249.C052.04SS",62,52,"Vaginal"
"10249.C052.07SS",154,52,"Vaginal"
"10249.C052.08SS",188,52,"Vaginal"
"10249.C049.02SS",5,49,"Vaginal"
"10249.C049.09SS",181,49,"Vaginal"
"10249.C049.13SS",305,49,"Vaginal"
"10249.C008.06SS",189,8,"Vaginal"
"10249.C008.08SS",212,8,"Vaginal"
"10249.C008.11SS",308,8,"Vaginal"
"10249.C016.03SS",31,16,"Vaginal"
"10249.C016.05SS",64,16,"Vaginal"
"10249.C016.06SS",92,16,"Vaginal"
"10249.C045.05SS",120,45,"Vaginal"
"10249.C045.09SS",245,45,"Vaginal"
"10249.C045.12SS",344,45,"Vaginal"
"10249.C047.05SS",94,47,"Cesarean"
"10249.C047.06SS",126,47,"Cesarean"
"10249.C047.07SS",156,47,"Cesarean"
