"","day_of_life","studyid","delivery"
"10249.C018.03SS",90,18,"Vaginal"
"10249.C018.12SS",373,18,"Vaginal"
"10249.C036.15SS",559,36,"Cesarean"
"10249.C036.16SS",610,36,"Cesarean"
"10249.C020.02SS",7,20,"Cesarean"
"10249.C020.14SS",243,20,"Cesarean"
"10249.C024.10SS",213,24,"Vaginal"
"10249.C024.21SS",734,24,"Vaginal"
"10249.C043.11SS",306,43,"Vaginal"
"10249.C043.20SS",616,43,"Vaginal"
"10249.C017.02SS",2,17,"Vaginal"
"10249.C017.11SS",216,17,"Vaginal"
"10249.C009.13SS",366,9,"Vaginal"
"10249.C009.18SS",681,9,"Vaginal"
"10249.C027.18SS",551,27,"Vaginal"
"10249.C027.20SS",673,27,"Vaginal"
"10249.C046.12SS",336,46,"Cesarean"
"10249.C046.14SS",433,46,"Cesarean"
"10249.C030.07SS",150,30,"Vaginal"
"10249.C030.10SS",243,30,"Vaginal"
"10249.C033.17SS",547,33,"Vaginal"
"10249.C033.19SS",670,33,"Vaginal"
"10249.C042.08SS",216,42,"Vaginal"
"10249.C042.11SS",310,42,"Vaginal"
"10249.C032.02SS",31,32,"Vaginal"
"10249.C032.22SS",734,32,"Vaginal"
"10249.C004.01SS",0,4,"Cesarean"
"10249.C004.03SS",55,4,"Cesarean"
"10249.C001.18SS",367,1,"Vaginal"
"10249.C001.29SS",488,1,"Vaginal"
"10249.C034.08SS",183,34,"Cesarean"
"10249.C034.14SS",369,34,"Cesarean"
"10249.C057.05SS",125,57,"Cesarean"
"10249.C057.08SS",215,57,"Cesarean"
"10249.C041.13SS",310,41,"Vaginal"
"10249.C041.18SS",556,41,"Vaginal"
"10249.C011.08SS",247,11,"Cesarean"
"10249.C011.17SS",610,11,"Cesarean"
"10249.C010.11SS",246,10,"Vaginal"
"10249.C010.18SS",613,10,"Vaginal"
"10249.C056.04SS",31,56,"Cesarean"
"10249.C056.07SS",122,56,"Cesarean"
"10249.C014.18SS",614,14,"Vaginal"
"10249.C014.19SS",675,14,"Vaginal"
"10249.C007.10SS",219,7,"Cesarean"
"10249.C007.19SS",490,7,"Cesarean"
"10249.C021.01SS",1,21,"Cesarean"
"10249.C021.13SS",559,21,"Cesarean"
"10249.C012.01SS",2,12,"Cesarean"
"10249.C012.17SS",490,12,"Cesarean"
"10249.C022.06SS",153,22,"Vaginal"
"10249.C022.13SS",370,22,"Vaginal"
"10249.C044.03SS",41,44,"Vaginal"
"10249.C044.09SS",222,44,"Vaginal"
"10249.C035.03SS",61,35,"Vaginal"
"10249.C035.15SS",488,35,"Vaginal"
"10249.C037.01SS",1,37,"Cesarean"
"10249.C037.17SS",612,37,"Cesarean"
"10249.C005.05SS",93,5,"Cesarean"
"10249.C005.20SS",735,5,"Cesarean"
"10249.C038.13SS",334,38,"Vaginal"
"10249.C038.18SS",610,38,"Vaginal"
"10249.C053.04SS",62,53,"Cesarean"
"10249.C053.09SS",214,53,"Cesarean"
"10249.C025.06SS",124,25,"Cesarean"
"10249.C025.18SS",615,25,"Cesarean"
"10249.C002.06SS",123,2,"Cesarean"
"10249.C002.16SS",555,2,"Cesarean"
"10249.C055.02SS",30,55,"Cesarean"
"10249.C055.09SS",211,55,"Cesarean"
"10249.C031.01SS",0,31,"Vaginal"
"10249.C031.09SS",210,31,"Vaginal"
"10249.C052.03SS",32,52,"Vaginal"
"10249.C052.07SS",154,52,"Vaginal"
"10249.C049.03SS",32,49,"Vaginal"
"10249.C049.13SS",305,49,"Vaginal"
"10249.C008.04SS",126,8,"Vaginal"
"10249.C008.06SS",189,8,"Vaginal"
"10249.C016.14SS",333,16,"Vaginal"
"10249.C016.15SS",366,16,"Vaginal"
"10249.C045.03SS",61,45,"Vaginal"
"10249.C045.10SS",276,45,"Vaginal"
"10249.C047.08SS",185,47,"Cesarean"
"10249.C047.11SS",277,47,"Cesarean"
