"","day_of_life","studyid","delivery"
"10249.C018.05SS",154,18,"Vaginal"
"10249.C018.12SS",373,18,"Vaginal"
"10249.C018.14SS",489,18,"Vaginal"
"10249.C018.15SS",548,18,"Vaginal"
"10249.C018.17SS",732,18,"Vaginal"
"10249.C036.02SS",42,36,"Cesarean"
"10249.C036.10SS",308,36,"Cesarean"
"10249.C036.11SS",334,36,"Cesarean"
"10249.C036.13SS",425,36,"Cesarean"
"10249.C036.14SS",490,36,"Cesarean"
"10249.C020.17SS",334,20,"Cesarean"
"10249.C020.21SS",551,20,"Cesarean"
"10249.C020.24SS",599,20,"Cesarean"
"10249.C020.25SS",604,20,"Cesarean"
"10249.C020.26SS",670,20,"Cesarean"
"10249.C024.01SS",0,24,"Vaginal"
"10249.C024.12SS",272,24,"Vaginal"
"10249.C024.13SS",310,24,"Vaginal"
"10249.C024.17SS",490,24,"Vaginal"
"10249.C024.20SS",673,24,"Vaginal"
"10249.C043.08SS",217,43,"Vaginal"
"10249.C043.11SS",306,43,"Vaginal"
"10249.C043.16SS",490,43,"Vaginal"
"10249.C043.18SS",555,43,"Vaginal"
"10249.C043.20SS",616,43,"Vaginal"
"10249.C017.01SS",0,17,"Vaginal"
"10249.C017.04SS",32,17,"Vaginal"
"10249.C017.07SS",91,17,"Vaginal"
"10249.C017.08SS",123,17,"Vaginal"
"10249.C017.09SS",152,17,"Vaginal"
"10249.C009.02SS",31,9,"Vaginal"
"10249.C009.10SS",273,9,"Vaginal"
"10249.C009.16SS",555,9,"Vaginal"
"10249.C009.18SS",681,9,"Vaginal"
"10249.C009.19SS",739,9,"Vaginal"
"10249.C027.05SS",119,27,"Vaginal"
"10249.C027.06SS",155,27,"Vaginal"
"10249.C027.07SS",181,27,"Vaginal"
"10249.C027.08SS",211,27,"Vaginal"
"10249.C027.10SS",275,27,"Vaginal"
"10249.C046.01SS",1,46,"Cesarean"
"10249.C046.03SS",54,46,"Cesarean"
"10249.C046.04SS",93,46,"Cesarean"
"10249.C046.10SS",274,46,"Cesarean"
"10249.C046.14SS",433,46,"Cesarean"
"10249.C030.04SS",61,30,"Vaginal"
"10249.C030.08SS",183,30,"Vaginal"
"10249.C030.09SS",214,30,"Vaginal"
"10249.C030.16SS",429,30,"Vaginal"
"10249.C030.20SS",674,30,"Vaginal"
"10249.C033.01SS",0,33,"Vaginal"
"10249.C033.02SS",32,33,"Vaginal"
"10249.C033.04SS",119,33,"Vaginal"
"10249.C033.05SS",147,33,"Vaginal"
"10249.C033.19SS",670,33,"Vaginal"
"10249.C042.01SS",0,42,"Vaginal"
"10249.C042.05SS",122,42,"Vaginal"
"10249.C042.09SS",247,42,"Vaginal"
"10249.C042.11SS",310,42,"Vaginal"
"10249.C042.14SS",438,42,"Vaginal"
"10249.C032.06SS",118,32,"Vaginal"
"10249.C032.11SS",272,32,"Vaginal"
"10249.C032.14SS",342,32,"Vaginal"
"10249.C032.15SS",370,32,"Vaginal"
"10249.C032.16SS",422,32,"Vaginal"
"10249.C004.04SS",91,4,"Cesarean"
"10249.C004.09SS",245,4,"Cesarean"
"10249.C004.12SS",278,4,"Cesarean"
"10249.C004.13SS",308,4,"Cesarean"
"10249.C004.15SS",366,4,"Cesarean"
"10249.C001.02SS",36,1,"Vaginal"
"10249.C001.08SS",122,1,"Vaginal"
"10249.C001.11SS",214,1,"Vaginal"
"10249.C001.17SS",337,1,"Vaginal"
"10249.C001.27SS",435,1,"Vaginal"
"10249.C034.04SS",63,34,"Cesarean"
"10249.C034.12SS",308,34,"Cesarean"
"10249.C034.13SS",335,34,"Cesarean"
"10249.C034.14SS",369,34,"Cesarean"
"10249.C034.16SS",483,34,"Cesarean"
"10249.C057.02SS",31,57,"Cesarean"
"10249.C057.04SS",91,57,"Cesarean"
"10249.C057.09SS",238,57,"Cesarean"
"10249.C057.10SS",244,57,"Cesarean"
"10249.C057.11SS",277,57,"Cesarean"
"10249.C041.01SS",0,41,"Vaginal"
"10249.C041.09SS",214,41,"Vaginal"
"10249.C041.10SS",232,41,"Vaginal"
"10249.C041.16SS",424,41,"Vaginal"
"10249.C041.18SS",556,41,"Vaginal"
"10249.C011.01SS",1,11,"Cesarean"
"10249.C011.08SS",247,11,"Cesarean"
"10249.C011.09SS",273,11,"Cesarean"
"10249.C011.14SS",486,11,"Cesarean"
"10249.C011.17SS",610,11,"Cesarean"
"10249.C010.04SS",43,10,"Vaginal"
"10249.C010.07SS",123,10,"Vaginal"
"10249.C010.11SS",246,10,"Vaginal"
"10249.C010.18SS",613,10,"Vaginal"
"10249.C010.19SS",677,10,"Vaginal"
"10249.C056.01SS",0,56,"Cesarean"
"10249.C056.04SS",31,56,"Cesarean"
"10249.C056.05SS",65,56,"Cesarean"
"10249.C056.06SS",93,56,"Cesarean"
"10249.C056.07SS",122,56,"Cesarean"
"10249.C014.08SS",211,14,"Vaginal"
"10249.C014.12SS",333,14,"Vaginal"
"10249.C014.13SS",368,14,"Vaginal"
"10249.C014.16SS",486,14,"Vaginal"
"10249.C014.18SS",614,14,"Vaginal"
"10249.C007.04SS",66,7,"Cesarean"
"10249.C007.10SS",219,7,"Cesarean"
"10249.C007.15SS",303,7,"Cesarean"
"10249.C007.16SS",334,7,"Cesarean"
"10249.C007.21SS",608,7,"Cesarean"
"10249.C021.03SS",37,21,"Cesarean"
"10249.C021.04SS",94,21,"Cesarean"
"10249.C021.08SS",306,21,"Cesarean"
"10249.C021.09SS",347,21,"Cesarean"
"10249.C021.13SS",559,21,"Cesarean"
"10249.C012.09SS",188,12,"Cesarean"
"10249.C012.14SS",335,12,"Cesarean"
"10249.C012.15SS",365,12,"Cesarean"
"10249.C012.16SS",426,12,"Cesarean"
"10249.C012.18SS",560,12,"Cesarean"
"10249.C022.05SS",122,22,"Vaginal"
"10249.C022.08SS",217,22,"Vaginal"
"10249.C022.13SS",370,22,"Vaginal"
"10249.C022.15SS",489,22,"Vaginal"
"10249.C022.18SS",671,22,"Vaginal"
"10249.C044.04SS",62,44,"Vaginal"
"10249.C044.07SS",155,44,"Vaginal"
"10249.C044.12SS",307,44,"Vaginal"
"10249.C044.15SS",424,44,"Vaginal"
"10249.C044.17SS",553,44,"Vaginal"
"10249.C035.10SS",277,35,"Vaginal"
"10249.C035.13SS",367,35,"Vaginal"
"10249.C035.14SS",427,35,"Vaginal"
"10249.C035.15SS",488,35,"Vaginal"
"10249.C035.17SS",608,35,"Vaginal"
"10249.C037.02SS",33,37,"Cesarean"
"10249.C037.08SS",215,37,"Cesarean"
"10249.C037.12SS",335,37,"Cesarean"
"10249.C037.16SS",554,37,"Cesarean"
"10249.C037.18SS",674,37,"Cesarean"
"10249.C005.05SS",93,5,"Cesarean"
"10249.C005.08SS",183,5,"Cesarean"
"10249.C005.14SS",367,5,"Cesarean"
"10249.C005.16SS",485,5,"Cesarean"
"10249.C005.20SS",735,5,"Cesarean"
"10249.C038.01SS",2,38,"Vaginal"
"10249.C038.05SS",98,38,"Vaginal"
"10249.C038.10SS",250,38,"Vaginal"
"10249.C038.15SS",428,38,"Vaginal"
"10249.C038.16SS",487,38,"Vaginal"
"10249.C053.04SS",62,53,"Cesarean"
"10249.C053.05SS",95,53,"Cesarean"
"10249.C053.07SS",153,53,"Cesarean"
"10249.C053.08SS",183,53,"Cesarean"
"10249.C053.09SS",214,53,"Cesarean"
"10249.C025.01SS",1,25,"Cesarean"
"10249.C025.16SS",489,25,"Cesarean"
"10249.C025.18SS",615,25,"Cesarean"
"10249.C025.19SS",666,25,"Cesarean"
"10249.C025.20SS",734,25,"Cesarean"
"10249.C002.01SS",0,2,"Cesarean"
"10249.C002.09SS",249,2,"Cesarean"
"10249.C002.11SS",315,2,"Cesarean"
"10249.C002.18SS",678,2,"Cesarean"
"10249.C002.19SS",731,2,"Cesarean"
"10249.C055.03SS",41,55,"Cesarean"
"10249.C055.04SS",64,55,"Cesarean"
"10249.C055.05SS",91,55,"Cesarean"
"10249.C055.06SS",120,55,"Cesarean"
"10249.C055.08SS",183,55,"Cesarean"
"10249.C031.07SS",152,31,"Vaginal"
"10249.C031.08SS",184,31,"Vaginal"
"10249.C031.11SS",275,31,"Vaginal"
"10249.C031.18SS",547,31,"Vaginal"
"10249.C031.19SS",618,31,"Vaginal"
"10249.C052.02SS",1,52,"Vaginal"
"10249.C052.03SS",32,52,"Vaginal"
"10249.C052.06SS",127,52,"Vaginal"
"10249.C052.07SS",154,52,"Vaginal"
"10249.C052.08SS",188,52,"Vaginal"
"10249.C049.01SS",4,49,"Vaginal"
"10249.C049.02SS",5,49,"Vaginal"
"10249.C049.04SS",60,49,"Vaginal"
"10249.C049.09SS",181,49,"Vaginal"
"10249.C049.12SS",274,49,"Vaginal"
"10249.C008.01SS",1,8,"Vaginal"
"10249.C008.03SS",72,8,"Vaginal"
"10249.C008.06SS",189,8,"Vaginal"
"10249.C008.08SS",212,8,"Vaginal"
"10249.C008.14SS",490,8,"Vaginal"
"10249.C016.03SS",31,16,"Vaginal"
"10249.C016.06SS",92,16,"Vaginal"
"10249.C016.09SS",180,16,"Vaginal"
"10249.C016.20SS",608,16,"Vaginal"
"10249.C016.22SS",733,16,"Vaginal"
"10249.C045.01SS",0,45,"Vaginal"
"10249.C045.02SS",31,45,"Vaginal"
"10249.C045.03SS",61,45,"Vaginal"
"10249.C045.09SS",245,45,"Vaginal"
"10249.C045.11SS",304,45,"Vaginal"
"10249.C047.07SS",156,47,"Cesarean"
"10249.C047.09SS",221,47,"Cesarean"
"10249.C047.10SS",249,47,"Cesarean"
"10249.C047.11SS",277,47,"Cesarean"
"10249.C047.13SS",347,47,"Cesarean"
