"","day_of_life","studyid","delivery"
"10249.C018.01SS",2,18,"Vaginal"
"10249.C018.03SS",90,18,"Vaginal"
"10249.C018.05SS",154,18,"Vaginal"
"10249.C018.07SS",214,18,"Vaginal"
"10249.C018.14SS",489,18,"Vaginal"
"10249.C036.07SS",216,36,"Cesarean"
"10249.C036.08SS",243,36,"Cesarean"
"10249.C036.09SS",276,36,"Cesarean"
"10249.C036.15SS",559,36,"Cesarean"
"10249.C036.16SS",610,36,"Cesarean"
"10249.C020.01SS",0,20,"Cesarean"
"10249.C020.04SS",11,20,"Cesarean"
"10249.C020.05SS",13,20,"Cesarean"
"10249.C020.13SS",211,20,"Cesarean"
"10249.C020.23SS",594,20,"Cesarean"
"10249.C024.03SS",43,24,"Vaginal"
"10249.C024.07SS",129,24,"Vaginal"
"10249.C024.12SS",272,24,"Vaginal"
"10249.C024.18SS",551,24,"Vaginal"
"10249.C024.19SS",611,24,"Vaginal"
"10249.C043.01SS",0,43,"Vaginal"
"10249.C043.03SS",61,43,"Vaginal"
"10249.C043.07SS",189,43,"Vaginal"
"10249.C043.10SS",275,43,"Vaginal"
"10249.C043.17SS",550,43,"Vaginal"
"10249.C017.01SS",0,17,"Vaginal"
"10249.C017.04SS",32,17,"Vaginal"
"10249.C017.05SS",45,17,"Vaginal"
"10249.C017.09SS",152,17,"Vaginal"
"10249.C017.11SS",216,17,"Vaginal"
"10249.C009.05SS",122,9,"Vaginal"
"10249.C009.07SS",185,9,"Vaginal"
"10249.C009.09SS",246,9,"Vaginal"
"10249.C009.10SS",273,9,"Vaginal"
"10249.C009.13SS",366,9,"Vaginal"
"10249.C027.01SS",1,27,"Vaginal"
"10249.C027.04SS",91,27,"Vaginal"
"10249.C027.06SS",155,27,"Vaginal"
"10249.C027.07SS",181,27,"Vaginal"
"10249.C027.13SS",306,27,"Vaginal"
"10249.C046.07SS",184,46,"Cesarean"
"10249.C046.10SS",274,46,"Cesarean"
"10249.C046.11SS",306,46,"Cesarean"
"10249.C046.12SS",336,46,"Cesarean"
"10249.C046.13SS",366,46,"Cesarean"
"10249.C030.04SS",61,30,"Vaginal"
"10249.C030.08SS",183,30,"Vaginal"
"10249.C030.10SS",243,30,"Vaginal"
"10249.C030.17SS",495,30,"Vaginal"
"10249.C030.18SS",554,30,"Vaginal"
"10249.C033.05SS",147,33,"Vaginal"
"10249.C033.13SS",340,33,"Vaginal"
"10249.C033.16SS",485,33,"Vaginal"
"10249.C033.17SS",547,33,"Vaginal"
"10249.C033.19SS",670,33,"Vaginal"
"10249.C042.01SS",0,42,"Vaginal"
"10249.C042.07SS",182,42,"Vaginal"
"10249.C042.08SS",216,42,"Vaginal"
"10249.C042.14SS",438,42,"Vaginal"
"10249.C042.15SS",493,42,"Vaginal"
"10249.C032.01SS",1,32,"Vaginal"
"10249.C032.02SS",31,32,"Vaginal"
"10249.C032.07SS",153,32,"Vaginal"
"10249.C032.11SS",272,32,"Vaginal"
"10249.C032.16SS",422,32,"Vaginal"
"10249.C004.03SS",55,4,"Cesarean"
"10249.C004.06SS",154,4,"Cesarean"
"10249.C004.07SS",186,4,"Cesarean"
"10249.C004.08SS",214,4,"Cesarean"
"10249.C004.13SS",308,4,"Cesarean"
"10249.C001.03SS",42,1,"Vaginal"
"10249.C001.05SS",57,1,"Vaginal"
"10249.C001.09SS",153,1,"Vaginal"
"10249.C001.16SS",307,1,"Vaginal"
"10249.C001.31SS",613,1,"Vaginal"
"10249.C034.03SS",45,34,"Cesarean"
"10249.C034.04SS",63,34,"Cesarean"
"10249.C034.05SS",90,34,"Cesarean"
"10249.C034.14SS",369,34,"Cesarean"
"10249.C034.16SS",483,34,"Cesarean"
"10249.C057.02SS",31,57,"Cesarean"
"10249.C057.03SS",62,57,"Cesarean"
"10249.C057.04SS",91,57,"Cesarean"
"10249.C057.06SS",157,57,"Cesarean"
"10249.C057.08SS",215,57,"Cesarean"
"10249.C041.05SS",126,41,"Vaginal"
"10249.C041.06SS",157,41,"Vaginal"
"10249.C041.12SS",278,41,"Vaginal"
"10249.C041.16SS",424,41,"Vaginal"
"10249.C041.19SS",618,41,"Vaginal"
"10249.C011.03SS",65,11,"Cesarean"
"10249.C011.09SS",273,11,"Cesarean"
"10249.C011.10SS",303,11,"Cesarean"
"10249.C011.17SS",610,11,"Cesarean"
"10249.C011.18SS",676,11,"Cesarean"
"10249.C010.08SS",152,10,"Vaginal"
"10249.C010.09SS",183,10,"Vaginal"
"10249.C010.15SS",368,10,"Vaginal"
"10249.C010.19SS",677,10,"Vaginal"
"10249.C010.20SS",737,10,"Vaginal"
"10249.C056.01SS",0,56,"Cesarean"
"10249.C056.02SS",1,56,"Cesarean"
"10249.C056.05SS",65,56,"Cesarean"
"10249.C056.06SS",93,56,"Cesarean"
"10249.C056.08SS",153,56,"Cesarean"
"10249.C014.01SS",1,14,"Vaginal"
"10249.C014.06SS",154,14,"Vaginal"
"10249.C014.12SS",333,14,"Vaginal"
"10249.C014.15SS",426,14,"Vaginal"
"10249.C014.18SS",614,14,"Vaginal"
"10249.C007.01SS",1,7,"Cesarean"
"10249.C007.09SS",214,7,"Cesarean"
"10249.C007.16SS",334,7,"Cesarean"
"10249.C007.19SS",490,7,"Cesarean"
"10249.C007.20SS",551,7,"Cesarean"
"10249.C021.04SS",94,21,"Cesarean"
"10249.C021.06SS",188,21,"Cesarean"
"10249.C021.08SS",306,21,"Cesarean"
"10249.C021.09SS",347,21,"Cesarean"
"10249.C021.12SS",499,21,"Cesarean"
"10249.C012.01SS",2,12,"Cesarean"
"10249.C012.03SS",40,12,"Cesarean"
"10249.C012.15SS",365,12,"Cesarean"
"10249.C012.16SS",426,12,"Cesarean"
"10249.C012.20SS",675,12,"Cesarean"
"10249.C022.01SS",0,22,"Vaginal"
"10249.C022.03SS",63,22,"Vaginal"
"10249.C022.16SS",551,22,"Vaginal"
"10249.C022.18SS",671,22,"Vaginal"
"10249.C022.19SS",737,22,"Vaginal"
"10249.C044.02SS",33,44,"Vaginal"
"10249.C044.05SS",92,44,"Vaginal"
"10249.C044.10SS",244,44,"Vaginal"
"10249.C044.13SS",334,44,"Vaginal"
"10249.C044.15SS",424,44,"Vaginal"
"10249.C035.02SS",31,35,"Vaginal"
"10249.C035.09SS",244,35,"Vaginal"
"10249.C035.13SS",367,35,"Vaginal"
"10249.C035.15SS",488,35,"Vaginal"
"10249.C035.17SS",608,35,"Vaginal"
"10249.C037.08SS",215,37,"Cesarean"
"10249.C037.12SS",335,37,"Cesarean"
"10249.C037.13SS",375,37,"Cesarean"
"10249.C037.14SS",426,37,"Cesarean"
"10249.C037.16SS",554,37,"Cesarean"
"10249.C005.08SS",183,5,"Cesarean"
"10249.C005.10SS",245,5,"Cesarean"
"10249.C005.15SS",428,5,"Cesarean"
"10249.C005.16SS",485,5,"Cesarean"
"10249.C005.17SS",549,5,"Cesarean"
"10249.C038.08SS",187,38,"Vaginal"
"10249.C038.12SS",305,38,"Vaginal"
"10249.C038.15SS",428,38,"Vaginal"
"10249.C038.16SS",487,38,"Vaginal"
"10249.C038.18SS",610,38,"Vaginal"
"10249.C053.02SS",30,53,"Cesarean"
"10249.C053.03SS",45,53,"Cesarean"
"10249.C053.04SS",62,53,"Cesarean"
"10249.C053.08SS",183,53,"Cesarean"
"10249.C053.09SS",214,53,"Cesarean"
"10249.C025.05SS",94,25,"Cesarean"
"10249.C025.11SS",280,25,"Cesarean"
"10249.C025.12SS",303,25,"Cesarean"
"10249.C025.19SS",666,25,"Cesarean"
"10249.C025.20SS",734,25,"Cesarean"
"10249.C002.01SS",0,2,"Cesarean"
"10249.C002.05SS",89,2,"Cesarean"
"10249.C002.09SS",249,2,"Cesarean"
"10249.C002.13SS",369,2,"Cesarean"
"10249.C002.16SS",555,2,"Cesarean"
"10249.C055.01SS",0,55,"Cesarean"
"10249.C055.03SS",41,55,"Cesarean"
"10249.C055.04SS",64,55,"Cesarean"
"10249.C055.07SS",155,55,"Cesarean"
"10249.C055.08SS",183,55,"Cesarean"
"10249.C031.01SS",0,31,"Vaginal"
"10249.C031.08SS",184,31,"Vaginal"
"10249.C031.13SS",341,31,"Vaginal"
"10249.C031.18SS",547,31,"Vaginal"
"10249.C031.21SS",729,31,"Vaginal"
"10249.C052.03SS",32,52,"Vaginal"
"10249.C052.04SS",62,52,"Vaginal"
"10249.C052.06SS",127,52,"Vaginal"
"10249.C052.07SS",154,52,"Vaginal"
"10249.C052.08SS",188,52,"Vaginal"
"10249.C049.03SS",32,49,"Vaginal"
"10249.C049.07SS",124,49,"Vaginal"
"10249.C049.08SS",154,49,"Vaginal"
"10249.C049.13SS",305,49,"Vaginal"
"10249.C049.14SS",337,49,"Vaginal"
"10249.C008.04SS",126,8,"Vaginal"
"10249.C008.05SS",159,8,"Vaginal"
"10249.C008.07SS",194,8,"Vaginal"
"10249.C008.12SS",364,8,"Vaginal"
"10249.C008.14SS",490,8,"Vaginal"
"10249.C016.03SS",31,16,"Vaginal"
"10249.C016.10SS",213,16,"Vaginal"
"10249.C016.13SS",303,16,"Vaginal"
"10249.C016.17SS",428,16,"Vaginal"
"10249.C016.19SS",549,16,"Vaginal"
"10249.C045.04SS",91,45,"Vaginal"
"10249.C045.05SS",120,45,"Vaginal"
"10249.C045.06SS",154,45,"Vaginal"
"10249.C045.11SS",304,45,"Vaginal"
"10249.C045.13SS",365,45,"Vaginal"
"10249.C047.05SS",94,47,"Cesarean"
"10249.C047.06SS",126,47,"Cesarean"
"10249.C047.07SS",156,47,"Cesarean"
"10249.C047.10SS",249,47,"Cesarean"
"10249.C047.13SS",347,47,"Cesarean"
