"","day_of_life","studyid","delivery"
"10249.C018.01SS",2,18,"Vaginal"
"10249.C018.12SS",373,18,"Vaginal"
"10249.C018.16SS",606,18,"Vaginal"
"10249.C036.03SS",65,36,"Cesarean"
"10249.C036.10SS",308,36,"Cesarean"
"10249.C036.15SS",559,36,"Cesarean"
"10249.C020.09SS",95,20,"Cesarean"
"10249.C020.14SS",243,20,"Cesarean"
"10249.C020.25SS",604,20,"Cesarean"
"10249.C024.06SS",86,24,"Vaginal"
"10249.C024.16SS",416,24,"Vaginal"
"10249.C024.20SS",673,24,"Vaginal"
"10249.C043.09SS",245,43,"Vaginal"
"10249.C043.16SS",490,43,"Vaginal"
"10249.C043.20SS",616,43,"Vaginal"
"10249.C017.05SS",45,17,"Vaginal"
"10249.C017.08SS",123,17,"Vaginal"
"10249.C017.09SS",152,17,"Vaginal"
"10249.C009.16SS",555,9,"Vaginal"
"10249.C009.17SS",613,9,"Vaginal"
"10249.C009.18SS",681,9,"Vaginal"
"10249.C027.13SS",306,27,"Vaginal"
"10249.C027.18SS",551,27,"Vaginal"
"10249.C027.20SS",673,27,"Vaginal"
"10249.C046.02SS",31,46,"Cesarean"
"10249.C046.07SS",184,46,"Cesarean"
"10249.C046.09SS",244,46,"Cesarean"
"10249.C030.02SS",34,30,"Vaginal"
"10249.C030.05SS",90,30,"Vaginal"
"10249.C030.12SS",303,30,"Vaginal"
"10249.C033.08SS",230,33,"Vaginal"
"10249.C033.09SS",236,33,"Vaginal"
"10249.C033.17SS",547,33,"Vaginal"
"10249.C042.02SS",31,42,"Vaginal"
"10249.C042.09SS",247,42,"Vaginal"
"10249.C042.11SS",310,42,"Vaginal"
"10249.C032.04SS",59,32,"Vaginal"
"10249.C032.10SS",246,32,"Vaginal"
"10249.C032.13SS",337,32,"Vaginal"
"10249.C004.03SS",55,4,"Cesarean"
"10249.C004.07SS",186,4,"Cesarean"
"10249.C004.11SS",266,4,"Cesarean"
"10249.C001.06SS",61,1,"Vaginal"
"10249.C001.12SS",244,1,"Vaginal"
"10249.C001.25SS",411,1,"Vaginal"
"10249.C034.04SS",63,34,"Cesarean"
"10249.C034.07SS",166,34,"Cesarean"
"10249.C034.08SS",183,34,"Cesarean"
"10249.C057.03SS",62,57,"Cesarean"
"10249.C057.04SS",91,57,"Cesarean"
"10249.C057.06SS",157,57,"Cesarean"
"10249.C041.01SS",0,41,"Vaginal"
"10249.C041.06SS",157,41,"Vaginal"
"10249.C041.10SS",232,41,"Vaginal"
"10249.C011.01SS",1,11,"Cesarean"
"10249.C011.14SS",486,11,"Cesarean"
"10249.C011.16SS",553,11,"Cesarean"
"10249.C010.10SS",219,10,"Vaginal"
"10249.C010.14SS",337,10,"Vaginal"
"10249.C010.15SS",368,10,"Vaginal"
"10249.C056.04SS",31,56,"Cesarean"
"10249.C056.08SS",153,56,"Cesarean"
"10249.C056.10SS",215,56,"Cesarean"
"10249.C014.01SS",1,14,"Vaginal"
"10249.C014.09SS",239,14,"Vaginal"
"10249.C014.17SS",549,14,"Vaginal"
"10249.C007.10SS",219,7,"Cesarean"
"10249.C007.13SS",266,7,"Cesarean"
"10249.C007.14SS",274,7,"Cesarean"
"10249.C021.02SS",2,21,"Cesarean"
"10249.C021.03SS",37,21,"Cesarean"
"10249.C021.13SS",559,21,"Cesarean"
"10249.C012.05SS",99,12,"Cesarean"
"10249.C012.16SS",426,12,"Cesarean"
"10249.C012.18SS",560,12,"Cesarean"
"10249.C022.04SS",96,22,"Vaginal"
"10249.C022.06SS",153,22,"Vaginal"
"10249.C022.18SS",671,22,"Vaginal"
"10249.C044.04SS",62,44,"Vaginal"
"10249.C044.10SS",244,44,"Vaginal"
"10249.C044.17SS",553,44,"Vaginal"
"10249.C035.07SS",182,35,"Vaginal"
"10249.C035.12SS",334,35,"Vaginal"
"10249.C035.17SS",608,35,"Vaginal"
"10249.C037.04SS",92,37,"Cesarean"
"10249.C037.07SS",199,37,"Cesarean"
"10249.C037.11SS",307,37,"Cesarean"
"10249.C005.05SS",93,5,"Cesarean"
"10249.C005.18SS",612,5,"Cesarean"
"10249.C005.20SS",735,5,"Cesarean"
"10249.C038.05SS",98,38,"Vaginal"
"10249.C038.09SS",215,38,"Vaginal"
"10249.C038.16SS",487,38,"Vaginal"
"10249.C053.02SS",30,53,"Cesarean"
"10249.C053.06SS",123,53,"Cesarean"
"10249.C053.09SS",214,53,"Cesarean"
"10249.C025.11SS",280,25,"Cesarean"
"10249.C025.18SS",615,25,"Cesarean"
"10249.C025.19SS",666,25,"Cesarean"
"10249.C002.07SS",158,2,"Cesarean"
"10249.C002.12SS",338,2,"Cesarean"
"10249.C002.16SS",555,2,"Cesarean"
"10249.C055.01SS",0,55,"Cesarean"
"10249.C055.04SS",64,55,"Cesarean"
"10249.C055.09SS",211,55,"Cesarean"
"10249.C031.05SS",89,31,"Vaginal"
"10249.C031.11SS",275,31,"Vaginal"
"10249.C031.21SS",729,31,"Vaginal"
"10249.C052.06SS",127,52,"Vaginal"
"10249.C052.07SS",154,52,"Vaginal"
"10249.C052.08SS",188,52,"Vaginal"
"10249.C049.08SS",154,49,"Vaginal"
"10249.C049.11SS",243,49,"Vaginal"
"10249.C049.13SS",305,49,"Vaginal"
"10249.C008.10SS",273,8,"Vaginal"
"10249.C008.13SS",437,8,"Vaginal"
"10249.C008.15SS",552,8,"Vaginal"
"10249.C016.15SS",366,16,"Vaginal"
"10249.C016.20SS",608,16,"Vaginal"
"10249.C016.21SS",672,16,"Vaginal"
"10249.C045.02SS",31,45,"Vaginal"
"10249.C045.08SS",213,45,"Vaginal"
"10249.C045.10SS",276,45,"Vaginal"
"10249.C047.05SS",94,47,"Cesarean"
"10249.C047.07SS",156,47,"Cesarean"
"10249.C047.11SS",277,47,"Cesarean"
