"","day_of_life","studyid","delivery"
"10249.C018.01SS",2,18,"Vaginal"
"10249.C018.05SS",154,18,"Vaginal"
"10249.C018.10SS",312,18,"Vaginal"
"10249.C018.17SS",732,18,"Vaginal"
"10249.C036.01SS",0,36,"Cesarean"
"10249.C036.10SS",308,36,"Cesarean"
"10249.C036.11SS",334,36,"Cesarean"
"10249.C036.14SS",490,36,"Cesarean"
"10249.C020.02SS",7,20,"Cesarean"
"10249.C020.04SS",11,20,"Cesarean"
"10249.C020.19SS",426,20,"Cesarean"
"10249.C020.23SS",594,20,"Cesarean"
"10249.C024.02SS",33,24,"Vaginal"
"10249.C024.06SS",86,24,"Vaginal"
"10249.C024.18SS",551,24,"Vaginal"
"10249.C024.19SS",611,24,"Vaginal"
"10249.C043.03SS",61,43,"Vaginal"
"10249.C043.06SS",154,43,"Vaginal"
"10249.C043.15SS",428,43,"Vaginal"
"10249.C043.16SS",490,43,"Vaginal"
"10249.C017.04SS",32,17,"Vaginal"
"10249.C017.06SS",63,17,"Vaginal"
"10249.C017.07SS",91,17,"Vaginal"
"10249.C017.12SS",247,17,"Vaginal"
"10249.C009.10SS",273,9,"Vaginal"
"10249.C009.11SS",305,9,"Vaginal"
"10249.C009.12SS",339,9,"Vaginal"
"10249.C009.16SS",555,9,"Vaginal"
"10249.C027.07SS",181,27,"Vaginal"
"10249.C027.16SS",429,27,"Vaginal"
"10249.C027.18SS",551,27,"Vaginal"
"10249.C027.21SS",736,27,"Vaginal"
"10249.C046.02SS",31,46,"Cesarean"
"10249.C046.06SS",151,46,"Cesarean"
"10249.C046.08SS",211,46,"Cesarean"
"10249.C046.14SS",433,46,"Cesarean"
"10249.C030.06SS",122,30,"Vaginal"
"10249.C030.11SS",276,30,"Vaginal"
"10249.C030.18SS",554,30,"Vaginal"
"10249.C030.20SS",674,30,"Vaginal"
"10249.C033.02SS",32,33,"Vaginal"
"10249.C033.04SS",119,33,"Vaginal"
"10249.C033.14SS",365,33,"Vaginal"
"10249.C033.18SS",608,33,"Vaginal"
"10249.C042.07SS",182,42,"Vaginal"
"10249.C042.11SS",310,42,"Vaginal"
"10249.C042.13SS",374,42,"Vaginal"
"10249.C042.17SS",616,42,"Vaginal"
"10249.C032.02SS",31,32,"Vaginal"
"10249.C032.06SS",118,32,"Vaginal"
"10249.C032.17SS",485,32,"Vaginal"
"10249.C032.22SS",734,32,"Vaginal"
"10249.C004.05SS",124,4,"Cesarean"
"10249.C004.06SS",154,4,"Cesarean"
"10249.C004.12SS",278,4,"Cesarean"
"10249.C004.14SS",340,4,"Cesarean"
"10249.C001.10SS",183,1,"Vaginal"
"10249.C001.13SS",273,1,"Vaginal"
"10249.C001.18SS",367,1,"Vaginal"
"10249.C001.25SS",411,1,"Vaginal"
"10249.C034.10SS",243,34,"Cesarean"
"10249.C034.15SS",424,34,"Cesarean"
"10249.C034.16SS",483,34,"Cesarean"
"10249.C034.17SS",539,34,"Cesarean"
"10249.C057.04SS",91,57,"Cesarean"
"10249.C057.05SS",125,57,"Cesarean"
"10249.C057.06SS",157,57,"Cesarean"
"10249.C057.08SS",215,57,"Cesarean"
"10249.C041.10SS",232,41,"Vaginal"
"10249.C041.11SS",246,41,"Vaginal"
"10249.C041.18SS",556,41,"Vaginal"
"10249.C041.19SS",618,41,"Vaginal"
"10249.C011.04SS",120,11,"Cesarean"
"10249.C011.07SS",210,11,"Cesarean"
"10249.C011.12SS",373,11,"Cesarean"
"10249.C011.14SS",486,11,"Cesarean"
"10249.C010.15SS",368,10,"Vaginal"
"10249.C010.18SS",613,10,"Vaginal"
"10249.C010.19SS",677,10,"Vaginal"
"10249.C010.20SS",737,10,"Vaginal"
"10249.C056.01SS",0,56,"Cesarean"
"10249.C056.02SS",1,56,"Cesarean"
"10249.C056.04SS",31,56,"Cesarean"
"10249.C056.05SS",65,56,"Cesarean"
"10249.C014.10SS",276,14,"Vaginal"
"10249.C014.13SS",368,14,"Vaginal"
"10249.C014.16SS",486,14,"Vaginal"
"10249.C014.20SS",737,14,"Vaginal"
"10249.C007.02SS",30,7,"Cesarean"
"10249.C007.10SS",219,7,"Cesarean"
"10249.C007.21SS",608,7,"Cesarean"
"10249.C007.22SS",669,7,"Cesarean"
"10249.C021.05SS",161,21,"Cesarean"
"10249.C021.07SS",245,21,"Cesarean"
"10249.C021.09SS",347,21,"Cesarean"
"10249.C021.13SS",559,21,"Cesarean"
"10249.C012.01SS",2,12,"Cesarean"
"10249.C012.05SS",99,12,"Cesarean"
"10249.C012.16SS",426,12,"Cesarean"
"10249.C012.20SS",675,12,"Cesarean"
"10249.C022.04SS",96,22,"Vaginal"
"10249.C022.16SS",551,22,"Vaginal"
"10249.C022.18SS",671,22,"Vaginal"
"10249.C022.19SS",737,22,"Vaginal"
"10249.C044.05SS",92,44,"Vaginal"
"10249.C044.12SS",307,44,"Vaginal"
"10249.C044.15SS",424,44,"Vaginal"
"10249.C044.17SS",553,44,"Vaginal"
"10249.C035.01SS",0,35,"Vaginal"
"10249.C035.10SS",277,35,"Vaginal"
"10249.C035.11SS",307,35,"Vaginal"
"10249.C035.13SS",367,35,"Vaginal"
"10249.C037.01SS",1,37,"Cesarean"
"10249.C037.09SS",253,37,"Cesarean"
"10249.C037.13SS",375,37,"Cesarean"
"10249.C037.17SS",612,37,"Cesarean"
"10249.C005.02SS",29,5,"Cesarean"
"10249.C005.05SS",93,5,"Cesarean"
"10249.C005.12SS",304,5,"Cesarean"
"10249.C005.15SS",428,5,"Cesarean"
"10249.C038.01SS",2,38,"Vaginal"
"10249.C038.07SS",153,38,"Vaginal"
"10249.C038.14SS",365,38,"Vaginal"
"10249.C038.15SS",428,38,"Vaginal"
"10249.C053.03SS",45,53,"Cesarean"
"10249.C053.06SS",123,53,"Cesarean"
"10249.C053.07SS",153,53,"Cesarean"
"10249.C053.09SS",214,53,"Cesarean"
"10249.C025.01SS",1,25,"Cesarean"
"10249.C025.02SS",30,25,"Cesarean"
"10249.C025.11SS",280,25,"Cesarean"
"10249.C025.18SS",615,25,"Cesarean"
"10249.C002.03SS",53,2,"Cesarean"
"10249.C002.05SS",89,2,"Cesarean"
"10249.C002.18SS",678,2,"Cesarean"
"10249.C002.19SS",731,2,"Cesarean"
"10249.C055.03SS",41,55,"Cesarean"
"10249.C055.04SS",64,55,"Cesarean"
"10249.C055.06SS",120,55,"Cesarean"
"10249.C055.07SS",155,55,"Cesarean"
"10249.C031.07SS",152,31,"Vaginal"
"10249.C031.09SS",210,31,"Vaginal"
"10249.C031.14SS",365,31,"Vaginal"
"10249.C031.17SS",491,31,"Vaginal"
"10249.C052.02SS",1,52,"Vaginal"
"10249.C052.04SS",62,52,"Vaginal"
"10249.C052.06SS",127,52,"Vaginal"
"10249.C052.09SS",245,52,"Vaginal"
"10249.C049.02SS",5,49,"Vaginal"
"10249.C049.03SS",32,49,"Vaginal"
"10249.C049.09SS",181,49,"Vaginal"
"10249.C049.14SS",337,49,"Vaginal"
"10249.C008.04SS",126,8,"Vaginal"
"10249.C008.05SS",159,8,"Vaginal"
"10249.C008.13SS",437,8,"Vaginal"
"10249.C008.14SS",490,8,"Vaginal"
"10249.C016.09SS",180,16,"Vaginal"
"10249.C016.13SS",303,16,"Vaginal"
"10249.C016.14SS",333,16,"Vaginal"
"10249.C016.15SS",366,16,"Vaginal"
"10249.C045.01SS",0,45,"Vaginal"
"10249.C045.06SS",154,45,"Vaginal"
"10249.C045.08SS",213,45,"Vaginal"
"10249.C045.10SS",276,45,"Vaginal"
"10249.C047.06SS",126,47,"Cesarean"
"10249.C047.07SS",156,47,"Cesarean"
"10249.C047.09SS",221,47,"Cesarean"
"10249.C047.10SS",249,47,"Cesarean"
