"","day_of_life","studyid","delivery"
"10249.C018.02SS",33,18,"Vaginal"
"10249.C018.05SS",154,18,"Vaginal"
"10249.C018.13SS",425,18,"Vaginal"
"10249.C018.14SS",489,18,"Vaginal"
"10249.C018.15SS",548,18,"Vaginal"
"10249.C018.16SS",606,18,"Vaginal"
"10249.C018.17SS",732,18,"Vaginal"
"10249.C036.01SS",0,36,"Cesarean"
"10249.C036.07SS",216,36,"Cesarean"
"10249.C036.10SS",308,36,"Cesarean"
"10249.C036.11SS",334,36,"Cesarean"
"10249.C036.14SS",490,36,"Cesarean"
"10249.C036.15SS",559,36,"Cesarean"
"10249.C036.16SS",610,36,"Cesarean"
"10249.C020.06SS",15,20,"Cesarean"
"10249.C020.17SS",334,20,"Cesarean"
"10249.C020.18SS",365,20,"Cesarean"
"10249.C020.19SS",426,20,"Cesarean"
"10249.C020.21SS",551,20,"Cesarean"
"10249.C020.25SS",604,20,"Cesarean"
"10249.C020.26SS",670,20,"Cesarean"
"10249.C024.08SS",150,24,"Vaginal"
"10249.C024.13SS",310,24,"Vaginal"
"10249.C024.14SS",337,24,"Vaginal"
"10249.C024.15SS",373,24,"Vaginal"
"10249.C024.17SS",490,24,"Vaginal"
"10249.C024.18SS",551,24,"Vaginal"
"10249.C024.21SS",734,24,"Vaginal"
"10249.C043.01SS",0,43,"Vaginal"
"10249.C043.02SS",35,43,"Vaginal"
"10249.C043.06SS",154,43,"Vaginal"
"10249.C043.11SS",306,43,"Vaginal"
"10249.C043.16SS",490,43,"Vaginal"
"10249.C043.17SS",550,43,"Vaginal"
"10249.C043.18SS",555,43,"Vaginal"
"10249.C017.01SS",0,17,"Vaginal"
"10249.C017.02SS",2,17,"Vaginal"
"10249.C017.04SS",32,17,"Vaginal"
"10249.C017.05SS",45,17,"Vaginal"
"10249.C017.06SS",63,17,"Vaginal"
"10249.C017.08SS",123,17,"Vaginal"
"10249.C017.11SS",216,17,"Vaginal"
"10249.C009.01SS",1,9,"Vaginal"
"10249.C009.02SS",31,9,"Vaginal"
"10249.C009.09SS",246,9,"Vaginal"
"10249.C009.13SS",366,9,"Vaginal"
"10249.C009.16SS",555,9,"Vaginal"
"10249.C009.17SS",613,9,"Vaginal"
"10249.C009.19SS",739,9,"Vaginal"
"10249.C027.03SS",69,27,"Vaginal"
"10249.C027.04SS",91,27,"Vaginal"
"10249.C027.15SS",370,27,"Vaginal"
"10249.C027.16SS",429,27,"Vaginal"
"10249.C027.17SS",489,27,"Vaginal"
"10249.C027.20SS",673,27,"Vaginal"
"10249.C027.21SS",736,27,"Vaginal"
"10249.C046.01SS",1,46,"Cesarean"
"10249.C046.03SS",54,46,"Cesarean"
"10249.C046.08SS",211,46,"Cesarean"
"10249.C046.09SS",244,46,"Cesarean"
"10249.C046.10SS",274,46,"Cesarean"
"10249.C046.11SS",306,46,"Cesarean"
"10249.C046.14SS",433,46,"Cesarean"
"10249.C030.03SS",44,30,"Vaginal"
"10249.C030.04SS",61,30,"Vaginal"
"10249.C030.05SS",90,30,"Vaginal"
"10249.C030.13SS",334,30,"Vaginal"
"10249.C030.16SS",429,30,"Vaginal"
"10249.C030.17SS",495,30,"Vaginal"
"10249.C030.19SS",606,30,"Vaginal"
"10249.C033.06SS",180,33,"Vaginal"
"10249.C033.07SS",211,33,"Vaginal"
"10249.C033.10SS",240,33,"Vaginal"
"10249.C033.11SS",272,33,"Vaginal"
"10249.C033.15SS",427,33,"Vaginal"
"10249.C033.16SS",485,33,"Vaginal"
"10249.C033.18SS",608,33,"Vaginal"
"10249.C042.02SS",31,42,"Vaginal"
"10249.C042.04SS",91,42,"Vaginal"
"10249.C042.11SS",310,42,"Vaginal"
"10249.C042.12SS",337,42,"Vaginal"
"10249.C042.13SS",374,42,"Vaginal"
"10249.C042.15SS",493,42,"Vaginal"
"10249.C042.17SS",616,42,"Vaginal"
"10249.C032.05SS",91,32,"Vaginal"
"10249.C032.07SS",153,32,"Vaginal"
"10249.C032.11SS",272,32,"Vaginal"
"10249.C032.16SS",422,32,"Vaginal"
"10249.C032.20SS",609,32,"Vaginal"
"10249.C032.21SS",674,32,"Vaginal"
"10249.C032.22SS",734,32,"Vaginal"
"10249.C004.01SS",0,4,"Cesarean"
"10249.C004.02SS",31,4,"Cesarean"
"10249.C004.05SS",124,4,"Cesarean"
"10249.C004.10SS",257,4,"Cesarean"
"10249.C004.12SS",278,4,"Cesarean"
"10249.C004.13SS",308,4,"Cesarean"
"10249.C004.15SS",366,4,"Cesarean"
"10249.C001.05SS",57,1,"Vaginal"
"10249.C001.07SS",92,1,"Vaginal"
"10249.C001.17SS",337,1,"Vaginal"
"10249.C001.18SS",367,1,"Vaginal"
"10249.C001.25SS",411,1,"Vaginal"
"10249.C001.30SS",551,1,"Vaginal"
"10249.C001.32SS",677,1,"Vaginal"
"10249.C034.03SS",45,34,"Cesarean"
"10249.C034.04SS",63,34,"Cesarean"
"10249.C034.09SS",214,34,"Cesarean"
"10249.C034.11SS",273,34,"Cesarean"
"10249.C034.13SS",335,34,"Cesarean"
"10249.C034.14SS",369,34,"Cesarean"
"10249.C034.15SS",424,34,"Cesarean"
"10249.C057.02SS",31,57,"Cesarean"
"10249.C057.03SS",62,57,"Cesarean"
"10249.C057.04SS",91,57,"Cesarean"
"10249.C057.06SS",157,57,"Cesarean"
"10249.C057.08SS",215,57,"Cesarean"
"10249.C057.10SS",244,57,"Cesarean"
"10249.C057.11SS",277,57,"Cesarean"
"10249.C041.01SS",0,41,"Vaginal"
"10249.C041.05SS",126,41,"Vaginal"
"10249.C041.10SS",232,41,"Vaginal"
"10249.C041.11SS",246,41,"Vaginal"
"10249.C041.12SS",278,41,"Vaginal"
"10249.C041.16SS",424,41,"Vaginal"
"10249.C041.17SS",488,41,"Vaginal"
"10249.C011.02SS",36,11,"Cesarean"
"10249.C011.03SS",65,11,"Cesarean"
"10249.C011.07SS",210,11,"Cesarean"
"10249.C011.08SS",247,11,"Cesarean"
"10249.C011.12SS",373,11,"Cesarean"
"10249.C011.18SS",676,11,"Cesarean"
"10249.C011.19SS",737,11,"Cesarean"
"10249.C010.01SS",2,10,"Vaginal"
"10249.C010.02SS",30,10,"Vaginal"
"10249.C010.03SS",39,10,"Vaginal"
"10249.C010.08SS",152,10,"Vaginal"
"10249.C010.10SS",219,10,"Vaginal"
"10249.C010.16SS",431,10,"Vaginal"
"10249.C010.18SS",613,10,"Vaginal"
"10249.C056.01SS",0,56,"Cesarean"
"10249.C056.02SS",1,56,"Cesarean"
"10249.C056.05SS",65,56,"Cesarean"
"10249.C056.07SS",122,56,"Cesarean"
"10249.C056.08SS",153,56,"Cesarean"
"10249.C056.09SS",184,56,"Cesarean"
"10249.C056.10SS",215,56,"Cesarean"
"10249.C014.03SS",71,14,"Vaginal"
"10249.C014.05SS",121,14,"Vaginal"
"10249.C014.07SS",184,14,"Vaginal"
"10249.C014.12SS",333,14,"Vaginal"
"10249.C014.16SS",486,14,"Vaginal"
"10249.C014.18SS",614,14,"Vaginal"
"10249.C014.20SS",737,14,"Vaginal"
"10249.C007.09SS",214,7,"Cesarean"
"10249.C007.12SS",258,7,"Cesarean"
"10249.C007.13SS",266,7,"Cesarean"
"10249.C007.18SS",427,7,"Cesarean"
"10249.C007.20SS",551,7,"Cesarean"
"10249.C007.22SS",669,7,"Cesarean"
"10249.C007.23SS",729,7,"Cesarean"
"10249.C021.02SS",2,21,"Cesarean"
"10249.C021.03SS",37,21,"Cesarean"
"10249.C021.04SS",94,21,"Cesarean"
"10249.C021.07SS",245,21,"Cesarean"
"10249.C021.09SS",347,21,"Cesarean"
"10249.C021.12SS",499,21,"Cesarean"
"10249.C021.13SS",559,21,"Cesarean"
"10249.C012.01SS",2,12,"Cesarean"
"10249.C012.04SS",62,12,"Cesarean"
"10249.C012.05SS",99,12,"Cesarean"
"10249.C012.10SS",215,12,"Cesarean"
"10249.C012.13SS",305,12,"Cesarean"
"10249.C012.19SS",609,12,"Cesarean"
"10249.C012.22SS",739,12,"Cesarean"
"10249.C022.04SS",96,22,"Vaginal"
"10249.C022.07SS",182,22,"Vaginal"
"10249.C022.09SS",243,22,"Vaginal"
"10249.C022.10SS",273,22,"Vaginal"
"10249.C022.12SS",342,22,"Vaginal"
"10249.C022.15SS",489,22,"Vaginal"
"10249.C022.16SS",551,22,"Vaginal"
"10249.C044.01SS",1,44,"Vaginal"
"10249.C044.07SS",155,44,"Vaginal"
"10249.C044.09SS",222,44,"Vaginal"
"10249.C044.10SS",244,44,"Vaginal"
"10249.C044.12SS",307,44,"Vaginal"
"10249.C044.15SS",424,44,"Vaginal"
"10249.C044.17SS",553,44,"Vaginal"
"10249.C035.03SS",61,35,"Vaginal"
"10249.C035.06SS",153,35,"Vaginal"
"10249.C035.07SS",182,35,"Vaginal"
"10249.C035.10SS",277,35,"Vaginal"
"10249.C035.15SS",488,35,"Vaginal"
"10249.C035.16SS",551,35,"Vaginal"
"10249.C035.17SS",608,35,"Vaginal"
"10249.C037.01SS",1,37,"Cesarean"
"10249.C037.07SS",199,37,"Cesarean"
"10249.C037.12SS",335,37,"Cesarean"
"10249.C037.13SS",375,37,"Cesarean"
"10249.C037.15SS",497,37,"Cesarean"
"10249.C037.17SS",612,37,"Cesarean"
"10249.C037.18SS",674,37,"Cesarean"
"10249.C005.01SS",1,5,"Cesarean"
"10249.C005.05SS",93,5,"Cesarean"
"10249.C005.11SS",276,5,"Cesarean"
"10249.C005.14SS",367,5,"Cesarean"
"10249.C005.15SS",428,5,"Cesarean"
"10249.C005.18SS",612,5,"Cesarean"
"10249.C005.20SS",735,5,"Cesarean"
"10249.C038.06SS",123,38,"Vaginal"
"10249.C038.08SS",187,38,"Vaginal"
"10249.C038.12SS",305,38,"Vaginal"
"10249.C038.13SS",334,38,"Vaginal"
"10249.C038.14SS",365,38,"Vaginal"
"10249.C038.15SS",428,38,"Vaginal"
"10249.C038.16SS",487,38,"Vaginal"
"10249.C053.02SS",30,53,"Cesarean"
"10249.C053.03SS",45,53,"Cesarean"
"10249.C053.05SS",95,53,"Cesarean"
"10249.C053.06SS",123,53,"Cesarean"
"10249.C053.07SS",153,53,"Cesarean"
"10249.C053.08SS",183,53,"Cesarean"
"10249.C053.09SS",214,53,"Cesarean"
"10249.C025.05SS",94,25,"Cesarean"
"10249.C025.08SS",183,25,"Cesarean"
"10249.C025.14SS",365,25,"Cesarean"
"10249.C025.15SS",428,25,"Cesarean"
"10249.C025.16SS",489,25,"Cesarean"
"10249.C025.18SS",615,25,"Cesarean"
"10249.C025.20SS",734,25,"Cesarean"
"10249.C002.03SS",53,2,"Cesarean"
"10249.C002.11SS",315,2,"Cesarean"
"10249.C002.12SS",338,2,"Cesarean"
"10249.C002.13SS",369,2,"Cesarean"
"10249.C002.15SS",488,2,"Cesarean"
"10249.C002.16SS",555,2,"Cesarean"
"10249.C002.19SS",731,2,"Cesarean"
"10249.C055.01SS",0,55,"Cesarean"
"10249.C055.04SS",64,55,"Cesarean"
"10249.C055.05SS",91,55,"Cesarean"
"10249.C055.06SS",120,55,"Cesarean"
"10249.C055.07SS",155,55,"Cesarean"
"10249.C055.08SS",183,55,"Cesarean"
"10249.C055.09SS",211,55,"Cesarean"
"10249.C031.02SS",32,31,"Vaginal"
"10249.C031.08SS",184,31,"Vaginal"
"10249.C031.10SS",243,31,"Vaginal"
"10249.C031.13SS",341,31,"Vaginal"
"10249.C031.14SS",365,31,"Vaginal"
"10249.C031.16SS",428,31,"Vaginal"
"10249.C031.20SS",666,31,"Vaginal"
"10249.C052.02SS",1,52,"Vaginal"
"10249.C052.03SS",32,52,"Vaginal"
"10249.C052.04SS",62,52,"Vaginal"
"10249.C052.06SS",127,52,"Vaginal"
"10249.C052.07SS",154,52,"Vaginal"
"10249.C052.08SS",188,52,"Vaginal"
"10249.C052.09SS",245,52,"Vaginal"
"10249.C049.01SS",4,49,"Vaginal"
"10249.C049.02SS",5,49,"Vaginal"
"10249.C049.08SS",154,49,"Vaginal"
"10249.C049.09SS",181,49,"Vaginal"
"10249.C049.11SS",243,49,"Vaginal"
"10249.C049.12SS",274,49,"Vaginal"
"10249.C049.13SS",305,49,"Vaginal"
"10249.C008.01SS",1,8,"Vaginal"
"10249.C008.02SS",31,8,"Vaginal"
"10249.C008.06SS",189,8,"Vaginal"
"10249.C008.11SS",308,8,"Vaginal"
"10249.C008.12SS",364,8,"Vaginal"
"10249.C008.13SS",437,8,"Vaginal"
"10249.C008.16SS",615,8,"Vaginal"
"10249.C016.09SS",180,16,"Vaginal"
"10249.C016.10SS",213,16,"Vaginal"
"10249.C016.15SS",366,16,"Vaginal"
"10249.C016.18SS",489,16,"Vaginal"
"10249.C016.19SS",549,16,"Vaginal"
"10249.C016.21SS",672,16,"Vaginal"
"10249.C016.22SS",733,16,"Vaginal"
"10249.C045.01SS",0,45,"Vaginal"
"10249.C045.03SS",61,45,"Vaginal"
"10249.C045.05SS",120,45,"Vaginal"
"10249.C045.06SS",154,45,"Vaginal"
"10249.C045.11SS",304,45,"Vaginal"
"10249.C045.12SS",344,45,"Vaginal"
"10249.C045.13SS",365,45,"Vaginal"
"10249.C047.05SS",94,47,"Cesarean"
"10249.C047.06SS",126,47,"Cesarean"
"10249.C047.07SS",156,47,"Cesarean"
"10249.C047.08SS",185,47,"Cesarean"
"10249.C047.09SS",221,47,"Cesarean"
"10249.C047.10SS",249,47,"Cesarean"
"10249.C047.11SS",277,47,"Cesarean"
