"","day_of_life","studyid","delivery"
"10249.C018.01SS",2,18,"Vaginal"
"10249.C018.05SS",154,18,"Vaginal"
"10249.C018.11SS",336,18,"Vaginal"
"10249.C018.13SS",425,18,"Vaginal"
"10249.C018.14SS",489,18,"Vaginal"
"10249.C036.03SS",65,36,"Cesarean"
"10249.C036.04SS",126,36,"Cesarean"
"10249.C036.07SS",216,36,"Cesarean"
"10249.C036.11SS",334,36,"Cesarean"
"10249.C036.14SS",490,36,"Cesarean"
"10249.C020.01SS",0,20,"Cesarean"
"10249.C020.10SS",123,20,"Cesarean"
"10249.C020.13SS",211,20,"Cesarean"
"10249.C020.23SS",594,20,"Cesarean"
"10249.C020.25SS",604,20,"Cesarean"
"10249.C024.05SS",75,24,"Vaginal"
"10249.C024.12SS",272,24,"Vaginal"
"10249.C024.19SS",611,24,"Vaginal"
"10249.C024.20SS",673,24,"Vaginal"
"10249.C024.21SS",734,24,"Vaginal"
"10249.C043.07SS",189,43,"Vaginal"
"10249.C043.09SS",245,43,"Vaginal"
"10249.C043.12SS",312,43,"Vaginal"
"10249.C043.16SS",490,43,"Vaginal"
"10249.C043.18SS",555,43,"Vaginal"
"10249.C017.02SS",2,17,"Vaginal"
"10249.C017.05SS",45,17,"Vaginal"
"10249.C017.10SS",179,17,"Vaginal"
"10249.C017.11SS",216,17,"Vaginal"
"10249.C017.12SS",247,17,"Vaginal"
"10249.C009.11SS",305,9,"Vaginal"
"10249.C009.12SS",339,9,"Vaginal"
"10249.C009.13SS",366,9,"Vaginal"
"10249.C009.17SS",613,9,"Vaginal"
"10249.C009.19SS",739,9,"Vaginal"
"10249.C027.01SS",1,27,"Vaginal"
"10249.C027.02SS",35,27,"Vaginal"
"10249.C027.05SS",119,27,"Vaginal"
"10249.C027.18SS",551,27,"Vaginal"
"10249.C027.19SS",607,27,"Vaginal"
"10249.C046.01SS",1,46,"Cesarean"
"10249.C046.02SS",31,46,"Cesarean"
"10249.C046.03SS",54,46,"Cesarean"
"10249.C046.13SS",366,46,"Cesarean"
"10249.C046.14SS",433,46,"Cesarean"
"10249.C030.09SS",214,30,"Vaginal"
"10249.C030.13SS",334,30,"Vaginal"
"10249.C030.14SS",365,30,"Vaginal"
"10249.C030.17SS",495,30,"Vaginal"
"10249.C030.18SS",554,30,"Vaginal"
"10249.C033.02SS",32,33,"Vaginal"
"10249.C033.08SS",230,33,"Vaginal"
"10249.C033.15SS",427,33,"Vaginal"
"10249.C033.16SS",485,33,"Vaginal"
"10249.C033.18SS",608,33,"Vaginal"
"10249.C042.09SS",247,42,"Vaginal"
"10249.C042.11SS",310,42,"Vaginal"
"10249.C042.13SS",374,42,"Vaginal"
"10249.C042.14SS",438,42,"Vaginal"
"10249.C042.17SS",616,42,"Vaginal"
"10249.C032.11SS",272,32,"Vaginal"
"10249.C032.17SS",485,32,"Vaginal"
"10249.C032.19SS",555,32,"Vaginal"
"10249.C032.20SS",609,32,"Vaginal"
"10249.C032.22SS",734,32,"Vaginal"
"10249.C004.04SS",91,4,"Cesarean"
"10249.C004.08SS",214,4,"Cesarean"
"10249.C004.09SS",245,4,"Cesarean"
"10249.C004.10SS",257,4,"Cesarean"
"10249.C004.15SS",366,4,"Cesarean"
"10249.C001.05SS",57,1,"Vaginal"
"10249.C001.14SS",294,1,"Vaginal"
"10249.C001.20SS",378,1,"Vaginal"
"10249.C001.25SS",411,1,"Vaginal"
"10249.C001.34SS",733,1,"Vaginal"
"10249.C034.03SS",45,34,"Cesarean"
"10249.C034.08SS",183,34,"Cesarean"
"10249.C034.13SS",335,34,"Cesarean"
"10249.C034.14SS",369,34,"Cesarean"
"10249.C034.16SS",483,34,"Cesarean"
"10249.C057.04SS",91,57,"Cesarean"
"10249.C057.05SS",125,57,"Cesarean"
"10249.C057.06SS",157,57,"Cesarean"
"10249.C057.09SS",238,57,"Cesarean"
"10249.C057.10SS",244,57,"Cesarean"
"10249.C041.11SS",246,41,"Vaginal"
"10249.C041.12SS",278,41,"Vaginal"
"10249.C041.17SS",488,41,"Vaginal"
"10249.C041.18SS",556,41,"Vaginal"
"10249.C041.19SS",618,41,"Vaginal"
"10249.C011.08SS",247,11,"Cesarean"
"10249.C011.12SS",373,11,"Cesarean"
"10249.C011.16SS",553,11,"Cesarean"
"10249.C011.18SS",676,11,"Cesarean"
"10249.C011.19SS",737,11,"Cesarean"
"10249.C010.06SS",93,10,"Vaginal"
"10249.C010.07SS",123,10,"Vaginal"
"10249.C010.12SS",275,10,"Vaginal"
"10249.C010.15SS",368,10,"Vaginal"
"10249.C010.20SS",737,10,"Vaginal"
"10249.C056.01SS",0,56,"Cesarean"
"10249.C056.05SS",65,56,"Cesarean"
"10249.C056.06SS",93,56,"Cesarean"
"10249.C056.08SS",153,56,"Cesarean"
"10249.C056.09SS",184,56,"Cesarean"
"10249.C014.09SS",239,14,"Vaginal"
"10249.C014.15SS",426,14,"Vaginal"
"10249.C014.16SS",486,14,"Vaginal"
"10249.C014.17SS",549,14,"Vaginal"
"10249.C014.19SS",675,14,"Vaginal"
"10249.C007.10SS",219,7,"Cesarean"
"10249.C007.18SS",427,7,"Cesarean"
"10249.C007.20SS",551,7,"Cesarean"
"10249.C007.21SS",608,7,"Cesarean"
"10249.C007.23SS",729,7,"Cesarean"
"10249.C021.02SS",2,21,"Cesarean"
"10249.C021.05SS",161,21,"Cesarean"
"10249.C021.08SS",306,21,"Cesarean"
"10249.C021.09SS",347,21,"Cesarean"
"10249.C021.12SS",499,21,"Cesarean"
"10249.C012.05SS",99,12,"Cesarean"
"10249.C012.08SS",154,12,"Cesarean"
"10249.C012.13SS",305,12,"Cesarean"
"10249.C012.14SS",335,12,"Cesarean"
"10249.C012.17SS",490,12,"Cesarean"
"10249.C022.02SS",32,22,"Vaginal"
"10249.C022.03SS",63,22,"Vaginal"
"10249.C022.11SS",304,22,"Vaginal"
"10249.C022.13SS",370,22,"Vaginal"
"10249.C022.19SS",737,22,"Vaginal"
"10249.C044.06SS",127,44,"Vaginal"
"10249.C044.07SS",155,44,"Vaginal"
"10249.C044.10SS",244,44,"Vaginal"
"10249.C044.12SS",307,44,"Vaginal"
"10249.C044.15SS",424,44,"Vaginal"
"10249.C035.04SS",91,35,"Vaginal"
"10249.C035.12SS",334,35,"Vaginal"
"10249.C035.14SS",427,35,"Vaginal"
"10249.C035.15SS",488,35,"Vaginal"
"10249.C035.16SS",551,35,"Vaginal"
"10249.C037.08SS",215,37,"Cesarean"
"10249.C037.12SS",335,37,"Cesarean"
"10249.C037.14SS",426,37,"Cesarean"
"10249.C037.15SS",497,37,"Cesarean"
"10249.C037.17SS",612,37,"Cesarean"
"10249.C005.01SS",1,5,"Cesarean"
"10249.C005.04SS",63,5,"Cesarean"
"10249.C005.11SS",276,5,"Cesarean"
"10249.C005.16SS",485,5,"Cesarean"
"10249.C005.18SS",612,5,"Cesarean"
"10249.C038.06SS",123,38,"Vaginal"
"10249.C038.09SS",215,38,"Vaginal"
"10249.C038.14SS",365,38,"Vaginal"
"10249.C038.16SS",487,38,"Vaginal"
"10249.C038.18SS",610,38,"Vaginal"
"10249.C053.02SS",30,53,"Cesarean"
"10249.C053.03SS",45,53,"Cesarean"
"10249.C053.05SS",95,53,"Cesarean"
"10249.C053.06SS",123,53,"Cesarean"
"10249.C053.08SS",183,53,"Cesarean"
"10249.C025.01SS",1,25,"Cesarean"
"10249.C025.05SS",94,25,"Cesarean"
"10249.C025.11SS",280,25,"Cesarean"
"10249.C025.19SS",666,25,"Cesarean"
"10249.C025.20SS",734,25,"Cesarean"
"10249.C002.04SS",60,2,"Cesarean"
"10249.C002.06SS",123,2,"Cesarean"
"10249.C002.13SS",369,2,"Cesarean"
"10249.C002.16SS",555,2,"Cesarean"
"10249.C002.19SS",731,2,"Cesarean"
"10249.C055.02SS",30,55,"Cesarean"
"10249.C055.03SS",41,55,"Cesarean"
"10249.C055.04SS",64,55,"Cesarean"
"10249.C055.07SS",155,55,"Cesarean"
"10249.C055.09SS",211,55,"Cesarean"
"10249.C031.03SS",41,31,"Vaginal"
"10249.C031.07SS",152,31,"Vaginal"
"10249.C031.10SS",243,31,"Vaginal"
"10249.C031.16SS",428,31,"Vaginal"
"10249.C031.21SS",729,31,"Vaginal"
"10249.C052.02SS",1,52,"Vaginal"
"10249.C052.03SS",32,52,"Vaginal"
"10249.C052.06SS",127,52,"Vaginal"
"10249.C052.07SS",154,52,"Vaginal"
"10249.C052.09SS",245,52,"Vaginal"
"10249.C049.02SS",5,49,"Vaginal"
"10249.C049.04SS",60,49,"Vaginal"
"10249.C049.09SS",181,49,"Vaginal"
"10249.C049.12SS",274,49,"Vaginal"
"10249.C049.13SS",305,49,"Vaginal"
"10249.C008.02SS",31,8,"Vaginal"
"10249.C008.06SS",189,8,"Vaginal"
"10249.C008.07SS",194,8,"Vaginal"
"10249.C008.08SS",212,8,"Vaginal"
"10249.C008.11SS",308,8,"Vaginal"
"10249.C016.04SS",45,16,"Vaginal"
"10249.C016.09SS",180,16,"Vaginal"
"10249.C016.13SS",303,16,"Vaginal"
"10249.C016.17SS",428,16,"Vaginal"
"10249.C016.21SS",672,16,"Vaginal"
"10249.C045.01SS",0,45,"Vaginal"
"10249.C045.03SS",61,45,"Vaginal"
"10249.C045.06SS",154,45,"Vaginal"
"10249.C045.09SS",245,45,"Vaginal"
"10249.C045.12SS",344,45,"Vaginal"
"10249.C047.02SS",32,47,"Cesarean"
"10249.C047.05SS",94,47,"Cesarean"
"10249.C047.06SS",126,47,"Cesarean"
"10249.C047.07SS",156,47,"Cesarean"
"10249.C047.11SS",277,47,"Cesarean"
