"","day_of_life","studyid","delivery"
"10249.C018.10SS",312,18,"Vaginal"
"10249.C018.17SS",732,18,"Vaginal"
"10249.C036.11SS",334,36,"Cesarean"
"10249.C036.12SS",364,36,"Cesarean"
"10249.C020.22SS",593,20,"Cesarean"
"10249.C020.26SS",670,20,"Cesarean"
"10249.C024.03SS",43,24,"Vaginal"
"10249.C024.16SS",416,24,"Vaginal"
"10249.C043.02SS",35,43,"Vaginal"
"10249.C043.12SS",312,43,"Vaginal"
"10249.C017.02SS",2,17,"Vaginal"
"10249.C017.08SS",123,17,"Vaginal"
"10249.C009.01SS",1,9,"Vaginal"
"10249.C009.19SS",739,9,"Vaginal"
"10249.C027.05SS",119,27,"Vaginal"
"10249.C027.07SS",181,27,"Vaginal"
"10249.C046.05SS",124,46,"Cesarean"
"10249.C046.10SS",274,46,"Cesarean"
"10249.C030.03SS",44,30,"Vaginal"
"10249.C030.05SS",90,30,"Vaginal"
"10249.C033.04SS",119,33,"Vaginal"
"10249.C033.18SS",608,33,"Vaginal"
"10249.C042.13SS",374,42,"Vaginal"
"10249.C042.15SS",493,42,"Vaginal"
"10249.C032.05SS",91,32,"Vaginal"
"10249.C032.17SS",485,32,"Vaginal"
"10249.C004.05SS",124,4,"Cesarean"
"10249.C004.10SS",257,4,"Cesarean"
"10249.C001.29SS",488,1,"Vaginal"
"10249.C001.34SS",733,1,"Vaginal"
"10249.C034.14SS",369,34,"Cesarean"
"10249.C034.17SS",539,34,"Cesarean"
"10249.C057.09SS",238,57,"Cesarean"
"10249.C057.10SS",244,57,"Cesarean"
"10249.C041.02SS",32,41,"Vaginal"
"10249.C041.18SS",556,41,"Vaginal"
"10249.C011.11SS",338,11,"Cesarean"
"10249.C011.12SS",373,11,"Cesarean"
"10249.C010.06SS",93,10,"Vaginal"
"10249.C010.20SS",737,10,"Vaginal"
"10249.C056.05SS",65,56,"Cesarean"
"10249.C056.09SS",184,56,"Cesarean"
"10249.C014.05SS",121,14,"Vaginal"
"10249.C014.19SS",675,14,"Vaginal"
"10249.C007.06SS",127,7,"Cesarean"
"10249.C007.19SS",490,7,"Cesarean"
"10249.C021.03SS",37,21,"Cesarean"
"10249.C021.12SS",499,21,"Cesarean"
"10249.C012.07SS",146,12,"Cesarean"
"10249.C012.19SS",609,12,"Cesarean"
"10249.C022.07SS",182,22,"Vaginal"
"10249.C022.19SS",737,22,"Vaginal"
"10249.C044.08SS",186,44,"Vaginal"
"10249.C044.15SS",424,44,"Vaginal"
"10249.C035.06SS",153,35,"Vaginal"
"10249.C035.11SS",307,35,"Vaginal"
"10249.C037.07SS",199,37,"Cesarean"
"10249.C037.15SS",497,37,"Cesarean"
"10249.C005.09SS",213,5,"Cesarean"
"10249.C005.12SS",304,5,"Cesarean"
"10249.C038.15SS",428,38,"Vaginal"
"10249.C038.16SS",487,38,"Vaginal"
"10249.C053.06SS",123,53,"Cesarean"
"10249.C053.08SS",183,53,"Cesarean"
"10249.C025.07SS",158,25,"Cesarean"
"10249.C025.11SS",280,25,"Cesarean"
"10249.C002.07SS",158,2,"Cesarean"
"10249.C002.13SS",369,2,"Cesarean"
"10249.C055.01SS",0,55,"Cesarean"
"10249.C055.05SS",91,55,"Cesarean"
"10249.C031.07SS",152,31,"Vaginal"
"10249.C031.21SS",729,31,"Vaginal"
"10249.C052.04SS",62,52,"Vaginal"
"10249.C052.09SS",245,52,"Vaginal"
"10249.C049.04SS",60,49,"Vaginal"
"10249.C049.08SS",154,49,"Vaginal"
"10249.C008.13SS",437,8,"Vaginal"
"10249.C008.15SS",552,8,"Vaginal"
"10249.C016.07SS",124,16,"Vaginal"
"10249.C016.12SS",272,16,"Vaginal"
"10249.C045.02SS",31,45,"Vaginal"
"10249.C045.05SS",120,45,"Vaginal"
"10249.C047.06SS",126,47,"Cesarean"
"10249.C047.10SS",249,47,"Cesarean"
