"","day_of_life","studyid","delivery"
"10249.C018.09SS",282,18,"Vaginal"
"10249.C018.13SS",425,18,"Vaginal"
"10249.C018.14SS",489,18,"Vaginal"
"10249.C018.17SS",732,18,"Vaginal"
"10249.C036.02SS",42,36,"Cesarean"
"10249.C036.07SS",216,36,"Cesarean"
"10249.C036.13SS",425,36,"Cesarean"
"10249.C036.15SS",559,36,"Cesarean"
"10249.C020.01SS",0,20,"Cesarean"
"10249.C020.04SS",11,20,"Cesarean"
"10249.C020.08SS",69,20,"Cesarean"
"10249.C020.14SS",243,20,"Cesarean"
"10249.C024.07SS",129,24,"Vaginal"
"10249.C024.08SS",150,24,"Vaginal"
"10249.C024.14SS",337,24,"Vaginal"
"10249.C024.15SS",373,24,"Vaginal"
"10249.C043.03SS",61,43,"Vaginal"
"10249.C043.15SS",428,43,"Vaginal"
"10249.C043.16SS",490,43,"Vaginal"
"10249.C043.17SS",550,43,"Vaginal"
"10249.C017.04SS",32,17,"Vaginal"
"10249.C017.05SS",45,17,"Vaginal"
"10249.C017.10SS",179,17,"Vaginal"
"10249.C017.11SS",216,17,"Vaginal"
"10249.C009.01SS",1,9,"Vaginal"
"10249.C009.05SS",122,9,"Vaginal"
"10249.C009.16SS",555,9,"Vaginal"
"10249.C009.18SS",681,9,"Vaginal"
"10249.C027.01SS",1,27,"Vaginal"
"10249.C027.08SS",211,27,"Vaginal"
"10249.C027.20SS",673,27,"Vaginal"
"10249.C027.21SS",736,27,"Vaginal"
"10249.C046.05SS",124,46,"Cesarean"
"10249.C046.06SS",151,46,"Cesarean"
"10249.C046.09SS",244,46,"Cesarean"
"10249.C046.14SS",433,46,"Cesarean"
"10249.C030.10SS",243,30,"Vaginal"
"10249.C030.12SS",303,30,"Vaginal"
"10249.C030.17SS",495,30,"Vaginal"
"10249.C030.19SS",606,30,"Vaginal"
"10249.C033.10SS",240,33,"Vaginal"
"10249.C033.17SS",547,33,"Vaginal"
"10249.C033.18SS",608,33,"Vaginal"
"10249.C033.19SS",670,33,"Vaginal"
"10249.C042.08SS",216,42,"Vaginal"
"10249.C042.13SS",374,42,"Vaginal"
"10249.C042.14SS",438,42,"Vaginal"
"10249.C042.16SS",557,42,"Vaginal"
"10249.C032.05SS",91,32,"Vaginal"
"10249.C032.10SS",246,32,"Vaginal"
"10249.C032.15SS",370,32,"Vaginal"
"10249.C032.20SS",609,32,"Vaginal"
"10249.C004.01SS",0,4,"Cesarean"
"10249.C004.05SS",124,4,"Cesarean"
"10249.C004.12SS",278,4,"Cesarean"
"10249.C004.13SS",308,4,"Cesarean"
"10249.C001.03SS",42,1,"Vaginal"
"10249.C001.17SS",337,1,"Vaginal"
"10249.C001.27SS",435,1,"Vaginal"
"10249.C001.29SS",488,1,"Vaginal"
"10249.C034.02SS",34,34,"Cesarean"
"10249.C034.07SS",166,34,"Cesarean"
"10249.C034.11SS",273,34,"Cesarean"
"10249.C034.17SS",539,34,"Cesarean"
"10249.C057.04SS",91,57,"Cesarean"
"10249.C057.06SS",157,57,"Cesarean"
"10249.C057.10SS",244,57,"Cesarean"
"10249.C057.11SS",277,57,"Cesarean"
"10249.C041.05SS",126,41,"Vaginal"
"10249.C041.10SS",232,41,"Vaginal"
"10249.C041.11SS",246,41,"Vaginal"
"10249.C041.16SS",424,41,"Vaginal"
"10249.C011.05SS",156,11,"Cesarean"
"10249.C011.14SS",486,11,"Cesarean"
"10249.C011.16SS",553,11,"Cesarean"
"10249.C011.18SS",676,11,"Cesarean"
"10249.C010.02SS",30,10,"Vaginal"
"10249.C010.03SS",39,10,"Vaginal"
"10249.C010.05SS",60,10,"Vaginal"
"10249.C010.13SS",305,10,"Vaginal"
"10249.C056.02SS",1,56,"Cesarean"
"10249.C056.04SS",31,56,"Cesarean"
"10249.C056.09SS",184,56,"Cesarean"
"10249.C056.10SS",215,56,"Cesarean"
"10249.C014.01SS",1,14,"Vaginal"
"10249.C014.02SS",31,14,"Vaginal"
"10249.C014.03SS",71,14,"Vaginal"
"10249.C014.20SS",737,14,"Vaginal"
"10249.C007.02SS",30,7,"Cesarean"
"10249.C007.19SS",490,7,"Cesarean"
"10249.C007.22SS",669,7,"Cesarean"
"10249.C007.23SS",729,7,"Cesarean"
"10249.C021.01SS",1,21,"Cesarean"
"10249.C021.02SS",2,21,"Cesarean"
"10249.C021.07SS",245,21,"Cesarean"
"10249.C021.08SS",306,21,"Cesarean"
"10249.C012.02SS",29,12,"Cesarean"
"10249.C012.04SS",62,12,"Cesarean"
"10249.C012.06SS",123,12,"Cesarean"
"10249.C012.12SS",272,12,"Cesarean"
"10249.C022.04SS",96,22,"Vaginal"
"10249.C022.05SS",122,22,"Vaginal"
"10249.C022.10SS",273,22,"Vaginal"
"10249.C022.13SS",370,22,"Vaginal"
"10249.C044.02SS",33,44,"Vaginal"
"10249.C044.03SS",41,44,"Vaginal"
"10249.C044.11SS",276,44,"Vaginal"
"10249.C044.17SS",553,44,"Vaginal"
"10249.C035.06SS",153,35,"Vaginal"
"10249.C035.14SS",427,35,"Vaginal"
"10249.C035.15SS",488,35,"Vaginal"
"10249.C035.16SS",551,35,"Vaginal"
"10249.C037.07SS",199,37,"Cesarean"
"10249.C037.09SS",253,37,"Cesarean"
"10249.C037.10SS",274,37,"Cesarean"
"10249.C037.16SS",554,37,"Cesarean"
"10249.C005.10SS",245,5,"Cesarean"
"10249.C005.11SS",276,5,"Cesarean"
"10249.C005.12SS",304,5,"Cesarean"
"10249.C005.20SS",735,5,"Cesarean"
"10249.C038.02SS",33,38,"Vaginal"
"10249.C038.06SS",123,38,"Vaginal"
"10249.C038.12SS",305,38,"Vaginal"
"10249.C038.15SS",428,38,"Vaginal"
"10249.C053.03SS",45,53,"Cesarean"
"10249.C053.05SS",95,53,"Cesarean"
"10249.C053.06SS",123,53,"Cesarean"
"10249.C053.08SS",183,53,"Cesarean"
"10249.C025.01SS",1,25,"Cesarean"
"10249.C025.08SS",183,25,"Cesarean"
"10249.C025.09SS",211,25,"Cesarean"
"10249.C025.15SS",428,25,"Cesarean"
"10249.C002.03SS",53,2,"Cesarean"
"10249.C002.09SS",249,2,"Cesarean"
"10249.C002.16SS",555,2,"Cesarean"
"10249.C002.19SS",731,2,"Cesarean"
"10249.C055.02SS",30,55,"Cesarean"
"10249.C055.03SS",41,55,"Cesarean"
"10249.C055.06SS",120,55,"Cesarean"
"10249.C055.07SS",155,55,"Cesarean"
"10249.C031.10SS",243,31,"Vaginal"
"10249.C031.13SS",341,31,"Vaginal"
"10249.C031.16SS",428,31,"Vaginal"
"10249.C031.21SS",729,31,"Vaginal"
"10249.C052.03SS",32,52,"Vaginal"
"10249.C052.07SS",154,52,"Vaginal"
"10249.C052.08SS",188,52,"Vaginal"
"10249.C052.09SS",245,52,"Vaginal"
"10249.C049.01SS",4,49,"Vaginal"
"10249.C049.04SS",60,49,"Vaginal"
"10249.C049.07SS",124,49,"Vaginal"
"10249.C049.13SS",305,49,"Vaginal"
"10249.C008.01SS",1,8,"Vaginal"
"10249.C008.05SS",159,8,"Vaginal"
"10249.C008.14SS",490,8,"Vaginal"
"10249.C008.15SS",552,8,"Vaginal"
"10249.C016.09SS",180,16,"Vaginal"
"10249.C016.17SS",428,16,"Vaginal"
"10249.C016.20SS",608,16,"Vaginal"
"10249.C016.22SS",733,16,"Vaginal"
"10249.C045.05SS",120,45,"Vaginal"
"10249.C045.08SS",213,45,"Vaginal"
"10249.C045.09SS",245,45,"Vaginal"
"10249.C045.11SS",304,45,"Vaginal"
"10249.C047.06SS",126,47,"Cesarean"
"10249.C047.09SS",221,47,"Cesarean"
"10249.C047.11SS",277,47,"Cesarean"
"10249.C047.13SS",347,47,"Cesarean"
